date,jt-momentum-j3-k3-skip0-top500,jt-momentum-j3-k3-skip0-top500__turnover,jt-momentum-j3-k6-skip0-top500,jt-momentum-j3-k6-skip0-top500__turnover,jt-momentum-j3-k9-skip0-top500,jt-momentum-j3-k9-skip0-top500__turnover,jt-momentum-j3-k12-skip0-top500,jt-momentum-j3-k12-skip0-top500__turnover,jt-momentum-j6-k3-skip0-top500,jt-momentum-j6-k3-skip0-top500__turnover,jt-momentum-j6-k6-skip0-top500,jt-momentum-j6-k6-skip0-top500__turnover,jt-momentum-j6-k9-skip0-top500,jt-momentum-j6-k9-skip0-top500__turnover,jt-momentum-j6-k12-skip0-top500,jt-momentum-j6-k12-skip0-top500__turnover,jt-momentum-j9-k3-skip0-top500,jt-momentum-j9-k3-skip0-top500__turnover,jt-momentum-j9-k6-skip0-top500,jt-momentum-j9-k6-skip0-top500__turnover,jt-momentum-j9-k9-skip0-top500,jt-momentum-j9-k9-skip0-top500__turnover,jt-momentum-j9-k12-skip0-top500,jt-momentum-j9-k12-skip0-top500__turnover,jt-momentum-j12-k3-skip0-top500,jt-momentum-j12-k3-skip0-top500__turnover,jt-momentum-j12-k6-skip0-top500,jt-momentum-j12-k6-skip0-top500__turnover,jt-momentum-j12-k9-skip0-top500,jt-momentum-j12-k9-skip0-top500__turnover,jt-momentum-j12-k12-skip0-top500,jt-momentum-j12-k12-skip0-top500__turnover,jt-momentum-j3-k3-skip5-top500,jt-momentum-j3-k3-skip5-top500__turnover,jt-momentum-j3-k6-skip5-top500,jt-momentum-j3-k6-skip5-top500__turnover,jt-momentum-j3-k9-skip5-top500,jt-momentum-j3-k9-skip5-top500__turnover,jt-momentum-j3-k12-skip5-top500,jt-momentum-j3-k12-skip5-top500__turnover,jt-momentum-j6-k3-skip5-top500,jt-momentum-j6-k3-skip5-top500__turnover,jt-momentum-j6-k6-skip5-top500,jt-momentum-j6-k6-skip5-top500__turnover,jt-momentum-j6-k9-skip5-top500,jt-momentum-j6-k9-skip5-top500__turnover,jt-momentum-j6-k12-skip5-top500,jt-momentum-j6-k12-skip5-top500__turnover,jt-momentum-j9-k3-skip5-top500,jt-momentum-j9-k3-skip5-top500__turnover,jt-momentum-j9-k6-skip5-top500,jt-momentum-j9-k6-skip5-top500__turnover,jt-momentum-j9-k9-skip5-top500,jt-momentum-j9-k9-skip5-top500__turnover,jt-momentum-j9-k12-skip5-top500,jt-momentum-j9-k12-skip5-top500__turnover,jt-momentum-j12-k3-skip5-top500,jt-momentum-j12-k3-skip5-top500__turnover,jt-momentum-j12-k6-skip5-top500,jt-momentum-j12-k6-skip5-top500__turnover,jt-momentum-j12-k9-skip5-top500,jt-momentum-j12-k9-skip5-top500__turnover,jt-momentum-j12-k12-skip5-top500,jt-momentum-j12-k12-skip5-top500__turnover,jt-momentum-j3-k3-skip0-all,jt-momentum-j3-k3-skip0-all__turnover,jt-momentum-j3-k6-skip0-all,jt-momentum-j3-k6-skip0-all__turnover,jt-momentum-j3-k9-skip0-all,jt-momentum-j3-k9-skip0-all__turnover,jt-momentum-j3-k12-skip0-all,jt-momentum-j3-k12-skip0-all__turnover,jt-momentum-j6-k3-skip0-all,jt-momentum-j6-k3-skip0-all__turnover,jt-momentum-j6-k6-skip0-all,jt-momentum-j6-k6-skip0-all__turnover,jt-momentum-j6-k9-skip0-all,jt-momentum-j6-k9-skip0-all__turnover,jt-momentum-j6-k12-skip0-all,jt-momentum-j6-k12-skip0-all__turnover,jt-momentum-j9-k3-skip0-all,jt-momentum-j9-k3-skip0-all__turnover,jt-momentum-j9-k6-skip0-all,jt-momentum-j9-k6-skip0-all__turnover,jt-momentum-j9-k9-skip0-all,jt-momentum-j9-k9-skip0-all__turnover,jt-momentum-j9-k12-skip0-all,jt-momentum-j9-k12-skip0-all__turnover,jt-momentum-j12-k3-skip0-all,jt-momentum-j12-k3-skip0-all__turnover,jt-momentum-j12-k6-skip0-all,jt-momentum-j12-k6-skip0-all__turnover,jt-momentum-j12-k9-skip0-all,jt-momentum-j12-k9-skip0-all__turnover,jt-momentum-j12-k12-skip0-all,jt-momentum-j12-k12-skip0-all__turnover,jt-momentum-j3-k3-skip5-all,jt-momentum-j3-k3-skip5-all__turnover,jt-momentum-j3-k6-skip5-all,jt-momentum-j3-k6-skip5-all__turnover,jt-momentum-j3-k9-skip5-all,jt-momentum-j3-k9-skip5-all__turnover,jt-momentum-j3-k12-skip5-all,jt-momentum-j3-k12-skip5-all__turnover,jt-momentum-j6-k3-skip5-all,jt-momentum-j6-k3-skip5-all__turnover,jt-momentum-j6-k6-skip5-all,jt-momentum-j6-k6-skip5-all__turnover,jt-momentum-j6-k9-skip5-all,jt-momentum-j6-k9-skip5-all__turnover,jt-momentum-j6-k12-skip5-all,jt-momentum-j6-k12-skip5-all__turnover,jt-momentum-j9-k3-skip5-all,jt-momentum-j9-k3-skip5-all__turnover,jt-momentum-j9-k6-skip5-all,jt-momentum-j9-k6-skip5-all__turnover,jt-momentum-j9-k9-skip5-all,jt-momentum-j9-k9-skip5-all__turnover,jt-momentum-j9-k12-skip5-all,jt-momentum-j9-k12-skip5-all__turnover,jt-momentum-j12-k3-skip5-all,jt-momentum-j12-k3-skip5-all__turnover,jt-momentum-j12-k6-skip5-all,jt-momentum-j12-k6-skip5-all__turnover,jt-momentum-j12-k9-skip5-all,jt-momentum-j12-k9-skip5-all__turnover,jt-momentum-j12-k12-skip5-all,jt-momentum-j12-k12-skip5-all__turnover
2005-01,,,,,,,,,,,,,,,,,,,,,,,,,,,,,,,,,,,,,,,,,,,,,,,,,,,,,,,,,,,,,,,,,,,,,,,,,,,,,,,,,,,,,,,,,,,,,,,,,,,,,,,,,,,,,,,,,,,,,,,,,,,,,,,,
2005-02,,,,,,,,,,,,,,,,,,,,,,,,,,,,,,,,,,,,,,,,,,,,,,,,,,,,,,,,,,,,,,,,,,,,,,,,,,,,,,,,,,,,,,,,,,,,,,,,,,,,,,,,,,,,,,,,,,,,,,,,,,,,,,,,
2005-03,,,,,,,,,,,,,,,,,,,,,,,,,,,,,,,,,,,,,,,,,,,,,,,,,,,,,,,,,,,,,,,,,,,,,,,,,,,,,,,,,,,,,,,,,,,,,,,,,,,,,,,,,,,,,,,,,,,,,,,,,,,,,,,,
2005-04,,,,,,,,,,,,,,,,,,,,,,,,,,,,,,,,,,,,,,,,,,,,,,,,,,,,,,,,,,,,,,,,,,,,,,,,,,,,,,,,,,,,,,,,,,,,,,,,,,,,,,,,,,,,,,,,,,,,,,,,,,,,,,,,
2005-05,,,,,,,,,,,,,,,,,,,,,,,,,,,,,,,,,,,,,,,,,,,,,,,,,,,,,,,,,,,,,,,,,,,,,,,,,,,,,,,,,,,,,,,,,,,,,,,,,,,,,,,,,,,,,,,,,,,,,,,,,,,,,,,,
2005-06,,,,,,,,,,,,,,,,,,,,,,,,,,,,,,,,,,,,,,,,,,,,,,,,,,,,,,,,,,,,,,,,,,,,,,,,,,,,,,,,,,,,,,,,,,,,,,,,,,,,,,,,,,,,,,,,,,,,,,,,,,,,,,,,
2005-07,0.12507066468225683,1.0,,,,,,,,,,,,,,,,,,,,,,,,,,,,,,,0.11463752151441797,1.0,,,,,,,,,,,,,,,,,,,,,,,,,,,,,,,0.1231358080641791,1.0,,,,,,,,,,,,,,,,,,,,,,,,,,,,,,,0.12862401820148162,1.0,,,,,,,,,,,,,,,,,,,,,,,,,,,,,,
2005-08,0.15644587566541682,0.5930924886102913,,,,,,,,,,,,,,,,,,,,,,,,,,,,,,,0.15464553320773414,0.6223349809974634,,,,,,,,,,,,,,,,,,,,,,,,,,,,,,,0.1707240237201416,0.58457526496514,,,,,,,,,,,,,,,,,,,,,,,,,,,,,,,0.1855885743035366,0.5945940554456761,,,,,,,,,,,,,,,,,,,,,,,,,,,,,,
2005-09,-0.0343344786195384,0.5998207560367346,,,,,,,,,,,,,,,,,,,,,,,,,,,,,,,-0.025500302963649735,0.5886531168766946,,,,,,,,,,,,,,,,,,,,,,,,,,,,,,,-0.09402879173310531,0.6257554777965597,,,,,,,,,,,,,,,,,,,,,,,,,,,,,,,-0.0832997367610568,0.5873337520900386,,,,,,,,,,,,,,,,,,,,,,,,,,,,,,
2005-10,-0.1429116369601317,0.633562518044563,-0.13626955845579738,1.0,,,,,-0.13241447575456317,1.0,,,,,,,,,,,,,,,,,,,,,,,-0.1499316664838587,0.6272416626000672,-0.14292415587451052,1.0,,,,,-0.1383248009761578,1.0,,,,,,,,,,,,,,,,,,,,,,,-0.1821644758360672,0.6374249986593459,-0.16834373326200117,1.0,,,,,-0.17494421903258933,0.9999999999999999,,,,,,,,,,,,,,,,,,,,,,,-0.19245261666095034,0.626055830545317,-0.17828860298942273,1.0,,,,,-0.17626296102126437,0.9999999999999999,,,,,,,,,,,,,,,,,,,,,,
2005-11,0.157219582374257,0.642219730906606,0.15297726666639533,0.3246598622843356,,,,,0.17309915685271168,0.43144024563072714,,,,,,,,,,,,,,,,,,,,,,,0.15859282964413016,0.6333494528422894,0.15405833880015998,0.3287495316228567,,,,,0.17541930709286152,0.4394690176796725,,,,,,,,,,,,,,,,,,,,,,,0.1401478493025673,0.6592939471036934,0.13303446092720725,0.3339857723780155,,,,,0.14537137950630313,0.4543363739059309,,,,,,,,,,,,,,,,,,,,,,,0.1357092136769671,0.6299175090043363,0.13053292625231563,0.34505634447732575,,,,,0.14664105039063058,0.4667009123699658,,,,,,,,,,,,,,,,,,,,,,
2005-12,0.05823472297174808,0.6206131981846875,0.07491503637530357,0.3404333787069331,,,,,0.09337357165233655,0.3847801427916189,,,,,,,,,,,,,,,,,,,,,,,0.054245154954425924,0.5835597925123421,0.07180717033913747,0.33239060830279477,,,,,0.08539579380433823,0.38384770948916414,,,,,,,,,,,,,,,,,,,,,,,0.058911980168736444,0.6391674814369566,0.06403556628433145,0.34372639330311583,,,,,0.07970329311905004,0.41929895738678846,,,,,,,,,,,,,,,,,,,,,,,0.051295966528247784,0.6209446537088081,0.058324906118830545,0.3450277232436362,,,,,0.06717267038022774,0.4173979133489024,,,,,,,,,,,,,,,,,,,,,,
2006-01,0.07691383746122157,0.5846333237878378,0.06225693638433302,0.31664759928463815,0.06412644701407803,0.9999999999999999,,,0.07905827299257451,0.40501319189266927,0.07253064945914141,1.0,,,,,0.09836603957341002,1.0,,,,,,,,,,,,,,,0.07344265302533508,0.5756261477917461,0.06118671977359659,0.32836136131836924,0.06502105832408336,1.0,,,0.0705448994657267,0.425965540762116,0.07061912257414765,1.0,,,,,0.09564863332608932,0.9999999999999999,,,,,,,,,,,,,,,0.0802995236145129,0.5996660352595262,0.06937978439026746,0.3301934505436397,0.07102404410273254,1.0,,,0.06807702730784541,0.47057872021915703,0.07202755065143751,0.9999999999999998,,,,,0.09199853877176906,0.9999999999999999,,,,,,,,,,,,,,,0.0772041901504814,0.6060131178467052,0.07254152503106664,0.33653318523235043,0.07225959741551112,1.0,,,0.07272224699056264,0.4743313637930458,0.07699375797844069,0.9999999999999999,,,,,0.08354955477044775,1.0,,,,,,,,,,,,,,
2006-02,-0.002539379153308389,0.6134117680306339,-0.0070326678949689326,0.3054449732416431,-0.00899780762354395,0.24177174759290584,,,-0.013931045766256797,0.46641282421596564,-0.014626720585473041,0.3067018010504571,,,,,-0.011173096952611346,0.3978807718821724,,,,,,,,,,,,,,,0.003023448005967929,0.5726477947704608,-0.0103027428391456,0.30221327012960175,-0.010424414528172735,0.24387495418486452,,,-0.013402247281258578,0.4585914850586882,-0.016200613904064916,0.30758689976025183,,,,,-0.013027497526932422,0.39082609142312985,,,,,,,,,,,,,,,-0.013137966058620004,0.5940070083643036,-0.023035943072486142,0.3112921092075127,-0.026272542930817055,0.23556056612156068,,,-0.021600641000760028,0.4529834656320013,-0.024442751016268686,0.30684374305782447,,,,,-0.027090644180897225,0.4075368999802095,,,,,,,,,,,,,,,-0.006067016250250905,0.5809718025402784,-0.02187764054023538,0.3198160786298615,-0.026500118820596445,0.24388791031532472,,,-0.022835984021676563,0.4717577511888401,-0.026956775240438418,0.31235566277891114,,,,,-0.024100531946272694,0.4055135652060505,,,,,,,,,,,,,,
2006-03,0.14250203586874058,0.6554457242534841,0.1141681841727186,0.32005299682261945,0.09356498685429021,0.24111941832074363,,,0.12767206517334193,0.5208230977778772,0.10016363508548659,0.314302707569857,,,,,0.12125466664925594,0.3496585362261454,,,,,,,,,,,,,,,0.13770832416939793,0.6602884680825256,0.11037845367478123,0.30925791373272343,0.09390195781571757,0.2473620220303338,,,0.11525723633844069,0.5377679071604597,0.09052882588140997,0.30390738523515537,,,,,0.1151861177830135,0.35738841196040816,,,,,,,,,,,,,,,0.12070952811748216,0.6143305590104935,0.1040215703069308,0.33143398687755604,0.08590915402516586,0.23235446242628402,,,0.11932807149364212,0.4807881640096666,0.10007266323811312,0.3072736038324191,,,,,0.11688845832350842,0.36446567691356635,,,,,,,,,,,,,,,0.11838849512402189,0.6388824895061307,0.09688410686506327,0.31875361909337274,0.0837067885746169,0.23674129717280448,,,0.11560569595708772,0.5038479081917075,0.09821410509593313,0.297717952276908,,,,,0.11315609135911749,0.37972656292258766,,,,,,,,,,,,,,
2006-04,0.11396622694723138,0.5718932806742731,0.09807924569282914,0.31244744837185134,0.09239770668997511,0.23828176057120765,0.08394325099347445,1.0,0.11831870597359698,0.50971872185958,0.10790916871666827,0.30124270062140546,0.1006356989558043,1.0,,,0.12097149764563374,0.4039591740111227,0.10559074537262672,1.0,,,,,0.10652412635090105,1.0,,,,,,,0.1323343696010344,0.6084583466430613,0.10370414056202046,0.32886810133003086,0.10329887276768986,0.25380779129779324,0.0933518968973153,1.0,0.1227753506825644,0.5124534377385881,0.10841901094574594,0.2936573278568472,0.10315099699247114,1.0,,,0.12104392338591627,0.4129773415025072,0.10545487477328548,1.0,,,,,0.10671478705904816,1.0,,,,,,,0.13043986682718725,0.5607394224206759,0.11012291114098326,0.32695897237357197,0.10406693715099544,0.25128436595538006,0.10000862164129562,1.0,0.12617444554166743,0.4863202282254395,0.11783723661877384,0.3208649720710498,0.10875633285685524,1.0,,,0.12087274628142516,0.45066731905520974,0.10629950144769626,1.0,,,,,0.10134438682185992,0.9999999999999998,,,,,,,0.13406382692495933,0.607580695831435,0.10890216059983762,0.34558649172375455,0.10795315369520449,0.26468284911067785,0.10177180930600932,1.0,0.13664592623381835,0.5126019784107859,0.1233241662411192,0.3111283531649597,0.11524729935334527,1.0,,,0.13366024213147898,0.43852772462444756,0.11213413078116813,1.0,,,,,0.11491124666328911,1.0,,,,,,
2006-05,-0.195154961515378,0.5924276178359476,-0.1756039912937515,0.3560065403563051,-0.16722018174918304,0.25665097356613015,-0.16105039986351144,0.20791305359786402,-0.1734296984944501,0.45341249298013975,-0.1594288267990319,0.3146820779215914,-0.16252251482412416,0.23945671196623958,,,-0.16885177311400376,0.38323279030958035,-0.16571435236288182,0.27599746061329844,,,,,-0.16713354887387824,0.39659088285427946,,,,,,,-0.1863009927514809,0.5929898918100183,-0.16882087111921842,0.353920150684926,-0.165732228039265,0.271056316122933,-0.15751793876776105,0.21686892534544977,-0.17480151261429952,0.43973155592235313,-0.16182178554113744,0.30743042745299953,-0.16496419382505004,0.23361745962956987,,,-0.16314464488417713,0.38481283018053775,-0.1571177452574198,0.2765511576501414,,,,,-0.16354145641892626,0.3830337423920562,,,,,,,-0.18209644308640008,0.565347824907357,-0.16406173414741873,0.3390419661360388,-0.1485796970477426,0.26500295022996667,-0.14387653760451907,0.22232090606138372,-0.17211345919195964,0.45414764154549814,-0.1525296068360328,0.31890039734377096,-0.14901944204698933,0.24251357861669343,,,-0.1685393425694732,0.42320945103956553,-0.16300235319784098,0.2819487887427975,,,,,-0.16756343059516696,0.3888683103318631,,,,,,,-0.17875188587803684,0.575028480785656,-0.16106428251734023,0.3415289408982757,-0.14809715331318818,0.28071531947605755,-0.14441800852552755,0.21683142849469594,-0.1641693479715255,0.45550581473945406,-0.14688602199656112,0.3251091904241875,-0.14587279689107474,0.24599317954234493,,,-0.1674658012109399,0.3796881875281857,-0.15968428559715547,0.26815965248307977,,,,,-0.17161180438890725,0.37211097287997474,,,,,,
2006-06,-0.1498508354667138,0.6036137501490151,-0.15467184986205482,0.3982210946812427,-0.1497074094787686,0.27117984836420617,-0.15419540132163118,0.2251018023092335,-0.16956408084980862,0.4524585213316455,-0.16645194987941409,0.36662176282134795,-0.1666318297592919,0.24878397698780597,,,-0.1630401011758631,0.47871959099008576,-0.1673464787031597,0.3214184023097182,,,,,-0.18978534377597794,0.4264688486987585,,,,,,,-0.14353458653278317,0.6153298945715169,-0.15085914730697886,0.4084368702197392,-0.14840653403886522,0.2741219276312499,-0.15270002229278126,0.22683125682098354,-0.16055886739252778,0.4462799620535235,-0.16064935329621904,0.37537538395902176,-0.16296183317893811,0.24349774055300766,,,-0.16521011376659753,0.48246502326280777,-0.16822408969584507,0.32896159275243697,,,,,-0.1902485505007719,0.45076009476898793,,,,,,,-0.163786753774589,0.603006132195312,-0.16526388077251541,0.36756977970171334,-0.1596764805020315,0.28116442407260434,-0.1609640754890851,0.2186129958609417,-0.17778734708800578,0.47064997874483677,-0.16848474212478112,0.35360711988665616,-0.16699714562621076,0.2491051568102371,,,-0.1768468928490529,0.41313293860729766,-0.17384065815642863,0.30662551158387635,,,,,-0.1893421434738293,0.4320836419116128,,,,,,,-0.15916584345949322,0.5974724022886236,-0.16368081886187047,0.3891224342151536,-0.1593033296246373,0.2748914922246908,-0.1607772907412887,0.22509828757223838,-0.17229606939923522,0.43444854941827005,-0.1665592589874078,0.3549113956797124,-0.16690274350754358,0.24937078647244543,,,-0.176580851157424,0.4299608030695904,-0.17478266442750748,0.31776872393648903,,,,,-0.18374025707530092,0.4125474783738687,,,,,,
2006-07,-0.01701825488668854,0.6339196820309285,-0.03963764257910148,0.36580196819458843,-0.0455294636807201,0.26870325756939034,-0.04544924625905618,0.21924729703752877,-0.023815506833353765,0.5238641943331064,-0.0398726878861079,0.34814157057365963,-0.04593337264007495,0.24618613181671156,-0.049266687528496035,1.0,-0.0171434765348659,0.4426255472852357,-0.03725231965113528,0.2901289992263646,-0.047429281847725165,1.0,,,-0.060520060481846334,0.4015966266043292,-0.057858594626483885,1.0,,,,,-0.02440892343310683,0.6622063443017818,-0.03713943194160541,0.37672989702335136,-0.044019466364612514,0.2739635805771618,-0.04569519064710279,0.2185943898145571,-0.019929048915775918,0.5433993999774227,-0.03913804568245207,0.33856062019083444,-0.04524749262311788,0.24897009749737734,-0.050813021572983105,1.0,-0.022397919917114373,0.4229254444607653,-0.04228898304548186,0.2902151569093714,-0.050713089574256354,0.9999999999999999,,,-0.059924651659219605,0.3927296884980902,-0.057830945216173976,1.0,,,,,-0.04751093908797162,0.67341210761382,-0.05170804588948827,0.3755520156645323,-0.051371224281047685,0.26958332489797276,-0.053057314362307664,0.2297641647010632,-0.042600018971287776,0.47840539055538106,-0.049848879826942374,0.32660159428171764,-0.052154912281683626,0.24472290284318032,-0.05721990187941363,1.0,-0.03715361454227263,0.4564303742587895,-0.04881093206318552,0.2875975422575895,-0.05594447153992979,1.0,,,-0.05855286001914602,0.4069436618130909,-0.05791124899069205,0.9999999999999999,,,,,-0.05358488139166044,0.6746699048534045,-0.055604679618116985,0.3898519934871202,-0.05371189214466504,0.2608800251754096,-0.0564922491475223,0.22948284993304158,-0.04299373068011462,0.4780187447943419,-0.050886032633687434,0.3348176740115336,-0.05368177201190179,0.24587384306233742,-0.059448487646993085,1.0,-0.03908318367098116,0.44470615434456306,-0.048338216404763164,0.2897451639819052,-0.054170831979812484,1.0,,,-0.055753884695474536,0.4072845541823916,-0.05982739724666285,1.0,,,,
2006-08,0.11432339285140242,0.6720844121621141,0.12638611298464936,0.3690935876966392,0.12985010158162463,0.28333956217735723,0.1399710870579931,0.23045162972432134,0.10249867952583289,0.4857175628900183,0.11774853631334747,0.33078208002819287,0.13582236662595382,0.2710285421151337,0.1527292338419644,0.21209087691334552,0.10954705412963325,0.3982561773434486,0.13019387881010364,0.28552947543069046,0.14608218446254181,0.2453463558560581,,,0.1465683306606686,0.4452791928398726,0.15762125022209247,0.27860087906697534,,,,,0.11297191752224804,0.6782928632170173,0.12150786786022444,0.36493556074358907,0.12631154409643627,0.28142404517221475,0.13881498761753777,0.23050252257991355,0.10986314600157496,0.49567182933230547,0.11931096362853075,0.3172445019915717,0.13615391650179232,0.2689107661280056,0.15300776785403342,0.20485806497033127,0.10854490678761491,0.43215254825322125,0.12833823864038288,0.30988353025251125,0.1436076519756529,0.24670282904105,,,0.1368261455168903,0.43864728588263113,0.15624986271950264,0.28886821086319764,,,,,0.1231505318174752,0.6520150671845835,0.13198306698727927,0.36210000809575177,0.1321020327235437,0.27026960925767995,0.13734376557392305,0.22334651253426652,0.12616638476745992,0.4700295942429427,0.13452094764789824,0.3230884982357336,0.14477564875714463,0.25985359250448936,0.1562745830763324,0.1970713888431914,0.12518709176730355,0.3779971437138521,0.1337142266106083,0.285888984211068,0.14959163886456264,0.24519944754977524,,,0.13082224851216448,0.37966458933589664,0.1467434585409196,0.2701765470791933,,,,,0.12803548585271765,0.669478114832341,0.13288062886758,0.36136697811589075,0.13261637184090388,0.27556056145873675,0.1386122193050254,0.22714339823114357,0.12058679265884815,0.496379857654248,0.1293979567096461,0.3161279773818886,0.14290796443827375,0.2618849527679907,0.15548698110827613,0.2007567762283065,0.12176644460211787,0.41065389126905305,0.1345055205840729,0.2945662113672518,0.15018244534155517,0.2474537604044219,,,0.13733808725340327,0.37959688710783357,0.15140561370911507,0.263757752828963,,,,
2006-09,0.07764259935167632,0.5946741473142688,0.08996321473452049,0.35936704463169594,0.08694950727131165,0.26516878686629175,0.0857069046665661,0.2247792373508938,0.07738492504316793,0.4741802349998393,0.08579803240086452,0.3597960217009061,0.08701496288822227,0.2964399252736527,0.08332166327486953,0.23790725292765796,0.07416124781110583,0.4056944855101192,0.08711103399471448,0.3238621473216453,0.08965078045770862,0.26953698920739044,,,0.08664087508361673,0.44703195096686743,0.08847581731719315,0.3294198612699878,,,,,0.06441664147512538,0.6096259240089514,0.08107467665478528,0.3677775900912257,0.07934394488507993,0.270882053709561,0.08102330835104377,0.23640506172418102,0.0832087527797928,0.4596675957751103,0.08423862448828014,0.357486708465828,0.08418484863779484,0.28508605056047265,0.08119125131580521,0.2341013665975235,0.07600962842708943,0.40868647331280944,0.0853112671523584,0.3347127671155302,0.08722940691227321,0.2709254527413732,,,0.09451045820658673,0.4651423533640001,0.08860845843768739,0.3448933303259074,,,,,0.05358751007461198,0.6284761095052214,0.06536395600701808,0.36808058808561145,0.06454726423449318,0.27906533393437455,0.06425399903546035,0.23698710116720614,0.06613600604348052,0.4586763853474242,0.06901668171411392,0.33878973985992444,0.0688872434633422,0.2736088645076412,0.06663117013808353,0.2387177008098758,0.06645096162611872,0.35878513696735326,0.07393312079092688,0.29161831411122574,0.07616179115620796,0.26540950589007106,,,0.07416225351937136,0.41143628231765844,0.07570241399758074,0.3210634807314714,,,,,0.03655120224199018,0.6273088733361212,0.054859133191173956,0.37744323993720347,0.057102193316212475,0.2681280431048806,0.058455575282361644,0.2375293649447343,0.06245395446099983,0.4646307525515714,0.06594344150558377,0.33417579276848014,0.06575315672432791,0.2803858221867336,0.06446801740963852,0.23926603747843445,0.06244960471409159,0.34786722755208876,0.07080819374999736,0.3011340446229096,0.07122871370555552,0.2680498225906527,,,0.06703871957896798,0.4031228947032528,0.07131392903544945,0.3246912115601449,,,,
2006-10,0.02841492847875747,0.6167867767580468,0.0361572983414174,0.3534390613297578,0.03846657778547842,0.2626486407220492,0.03629265543465842,0.2134215825037037,0.035769696839963026,0.5465141264040008,0.037311198914433484,0.38505918711135645,0.0378905151919496,0.27378224678152896,0.0348912906817709,0.21312309877102475,0.04421226388006391,0.4514120690284089,0.04627532315935392,0.29306219735789113,0.04296236117324141,0.2423938796748958,0.0392674707449938,0.9999999999999999,0.04499210267473599,0.4396796578433211,0.047559101973051486,0.3018227065599687,0.047994996415381457,1.0,,,0.027144647418430166,0.6383438826365138,0.036167992761068295,0.34893051176555356,0.04068416419016119,0.2730993434114606,0.036476804799801206,0.2196380167050817,0.04002967930956929,0.47099276239487453,0.04014545823137478,0.3738647537706581,0.03894304995129972,0.27941405641666717,0.03577233525504234,0.21229228513823997,0.05258665952842481,0.4386119654396029,0.04742507610254762,0.29281960037043314,0.04459347233714661,0.25262681542341964,0.04227270370176444,1.0,0.03708920219593924,0.43191673227746763,0.0415171368141272,0.29289674123080217,0.04295114865757146,1.0,,,0.03796692573023531,0.6204482031873395,0.04148591749530669,0.35318059994452405,0.04310536736507829,0.2610713183248202,0.041460715699340955,0.20831739543432692,0.03868219326873425,0.4836181418049895,0.03907703202872239,0.35967837374871514,0.03984771812760736,0.2581062819674491,0.036469067839629075,0.20595054605211513,0.04838059552013031,0.39103989968672115,0.0468217134397661,0.2886963399595507,0.044041754112706305,0.23885995800157933,0.03970542285508953,1.0,0.037388592615349873,0.36359235733833006,0.039299835804516146,0.27019934499874526,0.03887570744532225,1.0,,,0.03296419709467591,0.6080604765752806,0.040352756724942554,0.36591263270318486,0.042624107989019284,0.27569311394526275,0.04065972192383457,0.2137382082099207,0.045044357984976066,0.48328508854343605,0.043311269611721465,0.36256928979805725,0.04007431658938753,0.25779230173315604,0.03793689034134153,0.2051072895669253,0.043775626273307645,0.42097039661053615,0.043112316847188505,0.3068689477101703,0.04131663148263147,0.24550730706068125,0.03780019469755135,1.0,0.04190736439726858,0.3849512229964437,0.041317102991696775,0.28319788630804177,0.0389825350713232,0.9999999999999998,,
2006-11,0.04618979203570706,0.647418883159594,0.050778182358117006,0.30446407993176994,0.04272457901308669,0.23005963467173418,0.034453735419274684,0.1964560284996603,0.05347308235640536,0.5689903928584031,0.05113286571183852,0.3492624009038281,0.04104724024040269,0.25693641882164975,0.030989213959131363,0.19158706940600734,0.07846550662006399,0.3678942049866757,0.05446595096548227,0.2693888039488845,0.04161839716578503,0.21217053716880815,0.03340295976641803,0.17305404746120334,0.047652432424085504,0.3534571899771368,0.03745545761370006,0.2813894125830402,0.028382541120229438,0.21496679349083408,,,0.05200927299628797,0.6585277397980225,0.050553097936961805,0.3123577864967553,0.04231313709547341,0.24565300214420172,0.03527744335758192,0.20104539295019064,0.05243707650410838,0.538059832750631,0.04981762784493635,0.34627434873162666,0.03709577282887279,0.255481773625166,0.02610743959798291,0.19577741503728485,0.06857544414134015,0.36720415068707934,0.04969327896498591,0.2704363793917155,0.03890821809486991,0.2119468163979173,0.030179580260342967,0.17532869384890884,0.04921308793611957,0.3783921668748642,0.03818875633520636,0.26507664788399243,0.03076120933901529,0.20781261012846208,,,0.06640439927408615,0.6218862023191216,0.07419266293772872,0.3090712872071817,0.05885913234293836,0.23200701863809203,0.04493265216905729,0.19520247374157962,0.07834410426096756,0.5125133689635811,0.07670390772855089,0.33853730445359054,0.05592214861101916,0.2455888418544272,0.040225517777043446,0.19608756131242258,0.1027058832027401,0.38265523099157034,0.06786708178131723,0.2627916506440402,0.04948427168082155,0.2226253053402556,0.040137458466185306,0.18294991163831043,0.06667153585020338,0.30371115042692476,0.049082210176384436,0.22831885456303663,0.03783426383352336,0.1942072352929909,,,0.0700108410138895,0.627891024365111,0.06849585137843871,0.321523649450754,0.05447039427340069,0.24241455689736371,0.04192454481812397,0.20023095474041155,0.08163439240317791,0.5225567632208181,0.07248195789411675,0.3460167632895452,0.054008186731988185,0.24926463369078117,0.03859831759863818,0.1999995780099875,0.09443813618121662,0.3892015350012171,0.06714154273000517,0.2638193672737892,0.04923694627149465,0.21185125536541455,0.03839156116469357,0.1847131332599243,0.06690484382029253,0.32961669024765283,0.04967293966346476,0.22654681728056794,0.03834221170459765,0.18263921270527744,,
2006-12,0.04335870966854214,0.6534505471248515,0.03942263710311909,0.32912163690142726,0.03687794421548048,0.23045933628914841,0.030398742813211803,0.21042155016314126,0.044933917337180745,0.4904470689214192,0.03434305854527717,0.3261429504885567,0.027877237700668946,0.22972018499843488,0.02232375228158399,0.206225381699373,0.019358456343386902,0.3962146374646932,0.011617920258072102,0.25491619900399093,0.008363131513807373,0.21578226849579896,0.009464102338326948,0.1895341169679312,0.00015415011377991142,0.3760567260145823,0.003495575722193642,0.2460245738569679,0.004257468887860753,0.20980260908078138,,,0.04268005469484037,0.6502065785737271,0.04284804877493392,0.3139896676816228,0.036739386006167676,0.23108779420141617,0.029607078488485,0.214950838370894,0.04702383832441468,0.5167307891421296,0.036057822705078894,0.3353813102562963,0.028263611158620933,0.2316409369540387,0.023361724267731376,0.21025796280781905,0.0185791346260716,0.41213790024683505,0.00963120405721876,0.2622545277754599,0.008440933323029327,0.21532289218466116,0.010262829968286681,0.19185539110717917,0.005355983022132065,0.36981432184789625,0.0042919632583446055,0.2649904241075663,0.004653891041487517,0.22205605320166727,,,0.05849201604275295,0.6152526171076991,0.06901748934354696,0.33083574949712713,0.05986189091359245,0.23895880256489038,0.04974749076369851,0.21719784293556124,0.07814542324325449,0.49278678087751693,0.065306175730506,0.33548937965759557,0.05362964850381658,0.2432530001757946,0.04623819527498068,0.21381761308995578,0.03820954852443217,0.4108857297878164,0.03319040720627051,0.2663387630049503,0.029461855890023914,0.22854672087612476,0.026075395210768813,0.20989856676544502,0.02419657503430243,0.3480923145618816,0.027113413192632066,0.25723498981363646,0.026286765265491528,0.22365024420665613,,,0.05007730755711385,0.6374251175633909,0.06488132917168994,0.3329048854019556,0.056894387516753464,0.2439522445462973,0.04777282664100859,0.22377672612124205,0.06690725359097704,0.48413859348317,0.054588203321111625,0.3480276692979149,0.04744892386417249,0.24603402033335325,0.041714074887071656,0.2184679479663274,0.03850152952183226,0.4464241137913951,0.03505497983776195,0.2816912960967585,0.031086138550322058,0.23357029502641352,0.0265492441572572,0.21344077134800976,0.028098621801155264,0.3557149447967982,0.029342695063533826,0.2658738597776986,0.025019751267516276,0.23460193489229342,,
2007-01,0.0701546085860918,0.6187451905455174,0.05664187354036518,0.3385941354622536,0.05341329657188284,0.25234067601378085,0.039586416528930427,0.20383315789499476,0.05044538520022886,0.4746792926209745,0.04698470127216862,0.31572779356735353,0.036739234491618276,0.2242796249665389,0.03032030261344204,0.18230254595918444,0.053164821655044464,0.45282550777776376,0.03552643044684817,0.2877552763912978,0.028505850634497662,0.22257038024479103,0.022814058634103008,0.18790356733556607,0.03991767750778198,0.36967351055291253,0.03835511283321868,0.2727893140224428,0.034220005445413634,0.21859033404373052,0.028709681987578884,1.0,0.07373237199361368,0.6217235558102965,0.056838241438601354,0.3730029399163839,0.050210182061414796,0.25388763584513674,0.041457994151483255,0.2089905842183209,0.04653806565886576,0.5226786521834748,0.04582947220718802,0.30686494804283226,0.03567159771690201,0.23153879794272664,0.02869131492282953,0.19537437362932628,0.05450010051070303,0.44079749732824397,0.0352720330791346,0.2809589111558912,0.025943689935444193,0.22128245425335064,0.021308574736734757,0.1858816152449433,0.03359512762815439,0.3932856844795859,0.03225663565316625,0.25919594692146253,0.029892861833011028,0.21628544120570936,0.027313689916280238,1.0,0.09022446702674378,0.5490318946717718,0.07663524766059229,0.34383430401834947,0.07891604147032509,0.25766624535743543,0.06699654156004564,0.21908775033104252,0.06927064788374954,0.5125288290528061,0.06347961299309876,0.320024577903828,0.05711455372850987,0.24158048168603624,0.05054157114765586,0.20131495890770992,0.0753825331904801,0.45603605544385717,0.06087112029692593,0.2921807963520975,0.05400692447411203,0.23627173375350216,0.04596825128392542,0.19940903305028745,0.05479740118972267,0.3732567814826996,0.050574583352286394,0.26483454235291215,0.0458285001570054,0.22369767972944188,0.04065721635940674,0.9999999999999999,0.08590317409496925,0.5753214004382897,0.07718805770204555,0.36915488658969725,0.08112657738101332,0.26563636746441655,0.0711843039992348,0.22286711832908132,0.06711471704753476,0.5320827125491792,0.0662541686436008,0.32007679437474323,0.05808647413311849,0.25555859153894267,0.05093217522089388,0.20776077577834273,0.06909417534998628,0.477472262603574,0.055228335864475876,0.28971846163266235,0.05049881421193957,0.24174865183202593,0.04555097292456765,0.20193010650901727,0.050033523324341314,0.39040680322296806,0.046806799405842384,0.25832878956041977,0.04376968946153872,0.2196156826183332,0.04068841910573367,0.9999999999999999
2007-02,-0.10343157940302561,0.555277625270137,-0.10517298545517961,0.3401497924409101,-0.09825201329059029,0.23873056472989418,-0.10526682062803382,0.1917572636559517,-0.10239556513167274,0.5278497688309156,-0.09742838509683073,0.333776631719065,-0.10491831683881916,0.2212774146816987,-0.10585032738958931,0.18866963028605252,-0.09760472073810782,0.4828725941872837,-0.10737467628856066,0.3096505065653982,-0.10671515424989185,0.22734268133111862,-0.10825006073492315,0.18799558932853264,-0.12939767178930112,0.456642730466351,-0.11944588757366087,0.26518902214772055,-0.11567810740102824,0.21759952025172424,-0.11378747436955042,0.19063924703357382,-0.11101832329115432,0.5893212089510369,-0.10875823186380307,0.342810912635812,-0.10317385527934607,0.23265813819331765,-0.10807731350304016,0.19846719423829884,-0.10560723187695924,0.5217132139520717,-0.09982210642420972,0.3321910004996782,-0.10523747161461597,0.22406840120721405,-0.10683802646459639,0.18985337871107544,-0.09633412124666751,0.5136719107136618,-0.10531244231448603,0.30574428003098214,-0.10480556027043293,0.23149584840551748,-0.1053538232507407,0.19072617316087714,-0.1261025447541143,0.43821599208933826,-0.11908153066275878,0.28876693538161735,-0.11650816866838655,0.22398275903245646,-0.1142655658424124,0.19508840834797914,-0.10484108419779184,0.5464932337466204,-0.10511172913325009,0.3144221244380243,-0.10413703854908021,0.2309487030421717,-0.10839784097645498,0.19353831202041655,-0.11366352589224907,0.4937516391734175,-0.10941250083484486,0.30769724778022123,-0.1109000831201236,0.20989898806712082,-0.11060714549453302,0.18528214832618656,-0.09568017143428575,0.43725487040726724,-0.10557872548827835,0.2861190446453837,-0.10678677153653604,0.21760430955398197,-0.10804925709788323,0.19082597208905855,-0.11587652818872322,0.423060618828777,-0.11062874086099497,0.26758709056104657,-0.11084392030992117,0.2132968096679202,-0.11135088924241981,0.1971612205806581,-0.10978807689749971,0.5626034179503419,-0.10673929899546804,0.3288873022908286,-0.1086561845081011,0.24239692072577157,-0.11118435721547623,0.20149083761660527,-0.11849195983027118,0.4894903752778037,-0.11425227494392283,0.326205053367337,-0.11238446987276955,0.2290565913668781,-0.11184037076173753,0.19801891641393182,-0.09916784390927849,0.46633426403715533,-0.10695377276266531,0.29739257518353845,-0.1091296608779274,0.23021821256915903,-0.10979198649778422,0.19834665291258674,-0.11162922289724424,0.40543639657549435,-0.10973836832240182,0.277005936888593,-0.11072065528994608,0.22094498587166217,-0.11195507450662685,0.20044535267135288
2007-03,-0.002093223678846156,0.5871470313147936,-0.013578123008817548,0.3419853321593632,-0.012855974332040011,0.2342575265032395,-0.015446004490873164,0.1952046735429623,0.012866830888314343,0.4866935871220286,-0.00019916662913832664,0.31329638878091015,-0.006909192112966921,0.22927081648825304,-0.008706717742905068,0.19776841031793368,0.01669501294028799,0.43367341981716745,-0.007070283827480215,0.30244164306716226,-0.011109237714653856,0.24081983298261217,-0.014091969934656442,0.20249248983031434,0.006328025342558991,0.4279020014364845,-0.015384643063030437,0.2942474859496549,-0.026198836778406058,0.23047931252420018,-0.02594128515007929,0.20244758229086357,-0.004141412897977759,0.5920462867449483,-0.014845514609877403,0.34847848901154677,-0.015926184367760693,0.24913176820451133,-0.01791158868961232,0.20986633095082874,0.009859861695883931,0.5301253569262362,-0.005393977977186924,0.326678795636218,-0.011265921181576257,0.2369592920412808,-0.011865548302306156,0.20360633287794794,0.013580482869786189,0.41686432727136535,-0.009712386082635374,0.3093187927349704,-0.010160494265617548,0.2471617625383558,-0.014477423690499074,0.20674337636389872,0.002640444540047199,0.4556191117204883,-0.015882001232783233,0.2980010974039317,-0.023299738528558333,0.23432287154340942,-0.025047907115145592,0.204841027116359,-0.03705791959558028,0.5823701533569212,-0.03306924827045023,0.34018722109483635,-0.032858447411017615,0.23919744853183958,-0.030682304011688092,0.21173636280955577,-0.015556174151691464,0.4781800988051912,-0.02150651687680788,0.3139524087709702,-0.022123936673089185,0.228955198894863,-0.022233004695131117,0.208497936205348,-0.012903696765712225,0.401975286499903,-0.02150505412859354,0.29732068371734954,-0.02183002835329124,0.23085086236500582,-0.024200145540835306,0.20263728669237085,-0.008057576008476303,0.4124961314134841,-0.01900359928105146,0.292240926249772,-0.023089845703851836,0.22407557302969788,-0.02470472863238274,0.19751266716763938,-0.036975036204256,0.6221396701950376,-0.03644463537396295,0.3532192262973942,-0.03591356935310913,0.24461397797592865,-0.03226084456694692,0.2192955936908092,-0.016266593346988132,0.4696676791046596,-0.023591457405163965,0.31175654681179976,-0.022617863353013173,0.23919258022226797,-0.023199661673635037,0.20335658867840586,-0.013255516606681181,0.4193999983410308,-0.018929186545871054,0.3022613605760901,-0.018591937445773535,0.23266961627974744,-0.021769446707486567,0.20420604300359196,-0.010567086669171168,0.4350466960523359,-0.018676437137178273,0.2878354250638898,-0.023536372297026008,0.22516069406656453,-0.02586351822860959,0.1937749422219343
2007-04,0.10647089695183154,0.5635646104881031,0.09366021692494693,0.33724553959416304,0.0963603673927428,0.2474760612747468,0.09563115032602801,0.2044538434528551,0.09606262308163725,0.432759365185423,0.09353572236468909,0.31106403557906415,0.09560492485822489,0.2319465679614855,0.08628711383715584,0.1950043486343614,0.10457654245291667,0.38175937824327394,0.09892258251004467,0.29083895596040243,0.08654331237582025,0.22297545947946884,0.07440690559376388,0.189022141490404,0.09670188869334383,0.4186078355376267,0.08441971374351434,0.2799246906028004,0.07564985815358848,0.2288018725419959,0.07051605561992963,0.1837741477125661,0.11165230689739906,0.6074095875709087,0.09374928926039891,0.3453043254536239,0.09671710740830733,0.2476196081801453,0.09518790983860115,0.2016911563216685,0.0924328721372446,0.41801955952018766,0.0920754571360291,0.311189595628885,0.09394305517517951,0.22438122916951603,0.08400741327400205,0.20268389243143786,0.10132449240164246,0.3869505440073514,0.09590790148825186,0.2822624323599315,0.08507772787022388,0.23012943916738265,0.07089684516923594,0.1885803179524998,0.09064142467845952,0.4094013592647164,0.07921757920470889,0.2686822704336276,0.07059280136266244,0.22530196830896132,0.06479772037607988,0.18097284605383687,0.10071362681429236,0.6021216569462335,0.09340347723933247,0.35404808630020446,0.09149051968300669,0.24679124099149408,0.08853846725389779,0.20995041655248947,0.09720750446824775,0.4186542195326388,0.09197568763899967,0.31331262555891415,0.09131519292070216,0.23272300048728833,0.08314112700325181,0.1968832899989902,0.10690285019974002,0.36148032327599067,0.09964090217724235,0.29267158302908214,0.08967065590664378,0.23172032317052557,0.07902159047676334,0.1957550638465181,0.10876498185024419,0.4190679423365332,0.09042301717828011,0.2769304114399741,0.07697750719589219,0.2154046129152118,0.07321124147664253,0.18543568835374785,0.10580071869523171,0.6223230252135372,0.0959165504718307,0.3473325001910582,0.09402059831335924,0.24347236827071528,0.08947123391547486,0.21140656184257736,0.10191792485810106,0.44479971060774837,0.09391495166378323,0.31712103436184647,0.09204268284930178,0.2353965000527123,0.08349430159811275,0.1981106195782335,0.09573734104567728,0.3451262443110308,0.09458527607075924,0.29686316453630324,0.08406417201101991,0.22549366953023625,0.07375607695425632,0.1907727227690157,0.1083815907299568,0.4246455723029763,0.09014377877601391,0.2735103422322881,0.0762893479394145,0.21406970848983384,0.07233546663531876,0.18522460489654807
2007-05,0.07896780960224488,0.5394405078846454,0.08863105546883182,0.3376175418120386,0.0872961054535001,0.247948465621751,0.08406085383759328,0.20415864226942185,0.08505218190094144,0.37251105693801956,0.09421721859856974,0.32534421727205154,0.08540900752118138,0.24961833024844676,0.0825919763370402,0.19170955025526637,0.0835515864348583,0.347279420137931,0.09448689412436446,0.3146276424022313,0.08499826226374829,0.23867637386697735,0.077626476246401,0.18153837099276826,0.09545061798200645,0.3383527378607194,0.08950110254087931,0.29844358828004797,0.07650740171320253,0.2172222080909822,0.07413672154078191,0.175766751620879,0.07501968511702721,0.5638454531454027,0.08880094194405572,0.3464633081052345,0.08737992421027158,0.2558207556894292,0.08393611725711135,0.1980459094537786,0.083796199365168,0.39790743316086863,0.09538538634632394,0.3255712849573389,0.08621443159540254,0.2539133258538378,0.0840626483159363,0.19103767165199093,0.08391111954094196,0.35462391313241026,0.09324871144051733,0.3187066793835376,0.0840319527921985,0.23562640729438833,0.07872812483357747,0.17966285299435159,0.09109744336971379,0.35239315875228144,0.08856075713573727,0.2988728415327966,0.07631671892364081,0.21942832633309303,0.07420787173074847,0.17255815444173989,0.07127557685616985,0.5714280058433077,0.07551884651928654,0.32957274837734307,0.07314705590383545,0.2433716044979225,0.06788496160776707,0.20341670612180554,0.06890136826441487,0.40702247493221355,0.07614458962821327,0.3098045467113588,0.06853282701638856,0.2285435056570705,0.06339182967964231,0.18585242307299268,0.08059051116673165,0.34299640177463625,0.08014624340963757,0.28402675029945856,0.0704842089181192,0.22591880741390666,0.06456028716969255,0.18708354890938045,0.07960788213991445,0.29138217388255044,0.07694909517796114,0.28320304479472946,0.06709701460531672,0.20615296002767586,0.06344913384514553,0.1779149199516672,0.07065747664028371,0.5825396595291867,0.07426396035280122,0.34100510303243453,0.07156265829604928,0.24915499068829505,0.06450859996384116,0.19560394613876408,0.07134753281794536,0.3758884870441927,0.07446519549831983,0.30581219973602614,0.06846786509707634,0.236220389553974,0.06288742448639033,0.18936344146695155,0.08580728330590884,0.35499209564695666,0.08232578890560656,0.29116496145127074,0.07082562789476955,0.22870730351875773,0.06458466012369463,0.18606415107316343,0.08129299676041271,0.3217217713047207,0.07989415772023942,0.2911200786163947,0.0680670309874721,0.21049903001294412,0.06436647535295363,0.18315665423212463
2007-06,0.047475261484287386,0.5561772594855261,0.05198684418672129,0.33287615229181056,0.0596916262783374,0.24137415871371434,0.05928542740198842,0.1969348350604687,0.06426961166587916,0.4146859400199536,0.06174428055310108,0.3253778709433584,0.06627372246541773,0.23428472566269687,0.06782617020883946,0.19750764169749035,0.06941914972938627,0.3037884865851669,0.07032068735694719,0.2867348680677155,0.07423037490871345,0.21483320171296671,0.07392838451429574,0.18362422753702906,0.06373352340295142,0.3495857094710998,0.07469541782238683,0.29018791890523377,0.07977568847209458,0.21841687116134206,0.07491855690702004,0.17765164746950254,0.05037575831782613,0.5300127047222385,0.04847749153667038,0.3392786746320696,0.056673926084443965,0.2455713723234115,0.05694697339525006,0.19287482189722316,0.06277927503119235,0.42417828370085264,0.060427694595251345,0.3297140395405722,0.06783806069310362,0.22684743927008388,0.06828827400722609,0.2014692007894242,0.06581335390833822,0.35222522821920516,0.06728539546875897,0.29611980414028255,0.07296010971396864,0.2269160507703879,0.07119145540057802,0.18831494519775757,0.054011323492406345,0.3585307979905193,0.06542011002549054,0.30019958244605105,0.07382453236429398,0.22153489928310266,0.0688456629123603,0.18797453577840034,0.05404206831933372,0.5410016683114782,0.0534492449396487,0.33046642371267937,0.06110851465777423,0.23390284320854746,0.05746509963641765,0.19188727391887406,0.06506669628933077,0.43145585745700915,0.0689327156012681,0.3075105772446593,0.07001825075589244,0.22074823281443212,0.06995872212884592,0.18643769026116724,0.07021908321176441,0.2865188665608507,0.07253037454974813,0.2744881446223435,0.07380100628688638,0.21424341701771443,0.0726794553580895,0.17827762758827503,0.06215052456200848,0.299552672363564,0.0698457901873739,0.25981803417838434,0.07424127051110482,0.20512301270289812,0.07270047814296214,0.1671469702758796,0.048806207304784875,0.5438227393235364,0.048488006378351066,0.3373013432793123,0.05502650028082641,0.23046811601073475,0.05122008631503786,0.19006173520999411,0.06411991389089867,0.3934389646398259,0.07106073214380369,0.31451500544030553,0.07099751123065409,0.21876113999477426,0.06887610898578356,0.19408478812000202,0.06983586920085355,0.33524334091493435,0.07288828882763249,0.2908986507651742,0.07536469260259618,0.21810127485438088,0.07274704826071286,0.18137733385356003,0.05806324662454411,0.34081809785578865,0.06703843553100956,0.2640405548037399,0.07225803365278588,0.2019457311748342,0.07102038458693416,0.17325272842511533
2007-07,0.06453471412800499,0.6047274692837621,0.04514006305481652,0.32145576392533953,0.0437762198380611,0.23961871329883044,0.04256649832518712,0.18806041230995096,0.05419471209064178,0.4684138126101181,0.051615315091199564,0.3156544922254497,0.04418855146276577,0.24681398983811975,0.04775442595659506,0.2012511248477042,0.05577507154038826,0.3061217693699687,0.04464756602682471,0.2592679058642429,0.04159354813033568,0.24145722788292032,0.046557995062105235,0.19595246297141247,0.05607754613639846,0.305443541080082,0.049703778254111895,0.2882313312980212,0.05319564018557004,0.24290568267385815,0.05692980701033202,0.19591850006850214,0.06724947909163216,0.6227195457363036,0.04530663027711231,0.3381683103401343,0.0443983621860593,0.25518099028618624,0.04423025228775219,0.20231271542716955,0.06420206101194686,0.48661844839204227,0.05244027071347787,0.3227265755795967,0.04402799861196095,0.2578235559808274,0.049052525933492915,0.2064149476960993,0.056576934336640156,0.2940723848007314,0.045786731973154936,0.27278264520558076,0.0447497991107865,0.24459062527396414,0.046515820281056657,0.20228165258393832,0.052925369475443684,0.3437007954677588,0.04478838467206006,0.299025188545177,0.04830518125716515,0.25202399228134525,0.052403452813276165,0.19882171746130273,0.06775552866279934,0.5734563864702216,0.05845313232330959,0.32156885017612835,0.056065915926433174,0.24166064429267758,0.0516950079926863,0.19150092757253406,0.06981573409095804,0.4581377605743184,0.0631107181739726,0.3206968310248588,0.05695011999938305,0.2468642989574365,0.05584187546668789,0.20888628865446918,0.07250837268462765,0.29171654421468163,0.06076008288829659,0.25803127368655293,0.05785510135290732,0.235282819794369,0.056308409700344626,0.19638224105481022,0.06759577436615803,0.3437835887523326,0.06272418890990696,0.26959853277742973,0.06333335718922392,0.2325745848838781,0.060816031923350534,0.18687397831550118,0.06926195081921716,0.5860331025515549,0.05939216999050832,0.33739738629723814,0.056026394142734706,0.2595474298838961,0.052308629585387484,0.20008540622985568,0.07850901257695368,0.4280390778430674,0.06791248881714004,0.3170060118107775,0.058265720354451746,0.2552414083951903,0.058558373850451276,0.20641928180174296,0.07222354810947484,0.2979747912146096,0.058623721082199855,0.2524990259169225,0.055144061011389855,0.24233272907115083,0.05368922928556868,0.19495107829164432,0.06504934939767794,0.3407426675681007,0.058081415215176985,0.27109308712600044,0.058140783590233266,0.23428738828567508,0.05630414390227668,0.18872703706201058
2007-08,0.020448692894647433,0.6035743979181203,0.002498677516215835,0.30258632305129807,-0.0023341274167466178,0.24210881090782935,-0.008449953901560859,0.21742252462798786,0.0011079378732697371,0.4495497221354685,-0.008211556958324942,0.2950012293878631,-0.01061641412441012,0.2382393293695776,-0.012137403504886195,0.20692945875443505,-0.010849748716859042,0.40392090162435945,-0.016130020555604203,0.24634273708853793,-0.01688566143690808,0.236340637968873,-0.017737641941506916,0.20260534119053442,-0.017541691217875265,0.37575038539442474,-0.014891667368150886,0.25133376506873983,-0.012255101559003802,0.22111933658842747,-0.015449170712676548,0.19318460874184892,0.005819443758706845,0.5814906410740268,-0.004161097634234444,0.3071094500065194,-0.006827003907270598,0.24033252673291478,-0.009587097380150233,0.211776090551361,-0.009612747905099158,0.4638417797272054,-0.01322106966794508,0.31096340639005066,-0.016778909300251152,0.2420660069630725,-0.01679419081666571,0.2075495412760962,-0.018589475484065334,0.38115390837825913,-0.019338854361093588,0.2557020432982145,-0.019462928123396037,0.24349551861580546,-0.018463678028938828,0.19900899935568855,-0.01947565192169244,0.36979891908010654,-0.015685580845217553,0.24657000662086637,-0.013999058667477582,0.2183464895396688,-0.01711836745158451,0.1902686441559322,0.01837788300537028,0.5811256747478739,0.012272864601017666,0.3094000918589692,0.012517139637065789,0.2351692596543855,0.008453082680706638,0.2080305538457668,0.011780058524486782,0.4400728862316483,0.008600773721024047,0.284312454171652,0.0059224936331111625,0.2311105222336298,0.0037793172648786883,0.19834942499475455,0.004917428182401166,0.34766215900281644,-0.0020606205538749255,0.23123843221384932,-0.0034235672788477606,0.224424860377597,-0.0034640674691215584,0.1884079420258166,-0.003739182239839881,0.35362452192121807,-0.003891088542183366,0.21129882003880068,-0.0047336418877775835,0.21426501947326002,-0.006612466928483137,0.18226795012515434,0.01027184025956892,0.5729093943949095,0.009915559101299,0.30818352279277694,0.012243883367485709,0.2439066660307198,0.007994424382563158,0.21411150688301117,0.013050817957367095,0.4473845565545557,0.007921971115309028,0.2984482185526086,0.005724029813602814,0.23756523921665787,0.004924696323975878,0.20079187796541073,0.002930912679796554,0.35240752988333973,-0.0017912687347322255,0.24714405470080258,-0.004170081719831795,0.22790683136150486,-0.0040024909627217175,0.1917295757969189,-0.0019720602898388997,0.3649569462994756,-0.004068254085193131,0.21995025495575737,-0.005613122989175639,0.21563338722459185,-0.007654269032910616,0.18209736528181789
2007-09,0.19126619133071177,0.5335353620004278,0.17970659265775976,0.28656266503405464,0.1730705010591358,0.2360021241131455,0.15967711794832115,0.18945794797560814,0.2057543943122967,0.4342312014267964,0.1962103747567897,0.2941169407873494,0.1800093257428217,0.24141302770264442,0.16406200603108756,0.202559438945811,0.21341478455306967,0.37988180388515125,0.18947451954519465,0.278266854130789,0.16351124806018758,0.2405990987448628,0.1569468335093682,0.20258283493116014,0.18511107421566653,0.34629037964594767,0.16375966090597416,0.2622953432649827,0.15585666780397692,0.23481360620987107,0.1552220114262414,0.19399086545964414,0.17400915328179015,0.5539560772945031,0.17163982123197272,0.31161727727620553,0.1721275434087965,0.24295504973906668,0.1593707735523063,0.1915097887167901,0.19381685714371336,0.42909567789779235,0.19080789333091597,0.2919327247139042,0.17407435962546736,0.23728042510460573,0.15734215102616667,0.20120332578491926,0.2030049101460002,0.37344092313168264,0.18787078311273117,0.29511244902987266,0.16528825892313215,0.25326829805994583,0.15474220847517678,0.21280750548288802,0.18710969419000514,0.33455228463433373,0.16092525139146294,0.26322756908044875,0.15471733390423886,0.2249699989656359,0.15333978509943824,0.1925592332246291,0.1475891341994025,0.5727789293146568,0.14479206251790935,0.3298076255673635,0.14795560789462628,0.25603386206264434,0.14213574510423607,0.21386698395098735,0.1572172655449242,0.4222113062066085,0.1493664561563723,0.3097052887676752,0.14613286786636034,0.2544248510134755,0.14011891921347533,0.21338772744840898,0.16047310328360703,0.38949271281026565,0.14463739740006,0.27321768577432903,0.13197863555833092,0.2396672830602386,0.13184594334171656,0.21102373451027268,0.14991862298177927,0.3602400620550744,0.13348244774489246,0.2540780096783239,0.13227321892273547,0.23820528538681934,0.13708539978305062,0.20302890254702044,0.14346962123849605,0.586169677353744,0.13887865690453235,0.33710109373465047,0.1450161164940014,0.26123329624522473,0.1368093564561449,0.21586252727568794,0.15315094857536696,0.4475508853844981,0.1478518409475694,0.3183223264057913,0.1444273328848953,0.2527100533633797,0.13694835679170658,0.21271025076493927,0.15460827144940473,0.3833110764414615,0.14792018940006563,0.27655892808873755,0.13511724034115455,0.24200836473594442,0.1340229576131538,0.21221357054754122,0.154830580804812,0.36595016551130777,0.13541394531440473,0.2564020620539015,0.13290398972033904,0.2411113437819878,0.13578421113672437,0.20031684036471636
2007-10,0.1794192001177181,0.5612193900775135,0.1694121843621354,0.3280059952986057,0.1350226628180561,0.2419613208652101,0.12316447243340624,0.2111829711074061,0.24888045664601668,0.4502086545670332,0.19011374176615073,0.3099956741992571,0.16123605428239962,0.23407744877918488,0.14476241260794181,0.20735960841938134,0.21102198996886523,0.3917861258363598,0.168509687851688,0.25990920333092626,0.14061772954938606,0.21890788084459178,0.12514323750185974,0.20871797061597192,0.2046767675748302,0.3500383699200641,0.1556004410395949,0.2488207485603225,0.13200198707402988,0.22836912833510276,0.12339156676128893,0.2014684279755301,0.1842209721528773,0.573576210940405,0.16808500317429623,0.3309990791508719,0.13390754280490574,0.2501669006110121,0.1179633572029454,0.21217067248951593,0.24799876038294463,0.4558167963311373,0.19412661009988247,0.3234665425335812,0.15833943669250958,0.24380647130564975,0.1448508599651383,0.2131945096037877,0.20041831816587186,0.3926300292015641,0.16731172802043004,0.2663368094551982,0.1393305356690648,0.22706132965563663,0.12568133808672333,0.20634011689076387,0.19571128032781396,0.3604881097146636,0.15313959467748603,0.2614282535594842,0.13101722260486756,0.22810019586191135,0.1212688101571296,0.20675645506205745,0.11831894065046063,0.6020375303996627,0.13555140859995235,0.32349638055518115,0.09973561605353327,0.24792207988586454,0.09320448667159485,0.21834788027014196,0.19450896859484723,0.4313037194090966,0.15735109333295064,0.3148681362303717,0.12381011552155027,0.24056878930322845,0.11003944132173543,0.21768524928342417,0.1582322996164581,0.4035069382861728,0.13561117780769896,0.27190012185399665,0.10968683975829403,0.21997115595591585,0.10316461409471818,0.20477911858296693,0.15232870333692605,0.35790807540279634,0.13093696663940688,0.2555970644437548,0.10878447000561185,0.22595974630673024,0.10321844420557642,0.20612041682203358,0.1309522777991371,0.6065168950539461,0.13160287567873422,0.34147625583990915,0.09644258513220298,0.25292779363641654,0.08770400709743838,0.22045221388425404,0.19579811077480738,0.42970747324695613,0.16028031520855346,0.3109264539028713,0.12493533697504354,0.24793253340103794,0.11087330336760522,0.217572064901233,0.1574478400557286,0.4191871922651948,0.13546135190853317,0.27183328782114863,0.10788680566304326,0.22464299744045182,0.09802555564323255,0.21157847998406382,0.14939432705401723,0.36463511407349525,0.12689435138978403,0.25674659170237846,0.1060431656337182,0.2227459176438092,0.09866075417017661,0.20365610924367172
2007-11,0.11717872466708582,0.5331737317529199,0.09757427275339135,0.32314565391045313,0.08264006673151153,0.23595378467080574,0.07990431073951285,0.218369478598082,0.08841754473693322,0.4128720664247493,0.07731953791719041,0.2834312519493073,0.0686473664413565,0.22647548672804108,0.0679329120866445,0.21230291133629425,0.08294660379077394,0.4182698240101054,0.07400700649134448,0.28133828883956913,0.0651911295920611,0.21380593747410048,0.063728152537767,0.21579319069759745,0.06444396618815079,0.383523396297607,0.061043545927923326,0.2649237545585039,0.05921827555023565,0.2185191144184841,0.05679927346282702,0.21926753069734709,0.12987587726976296,0.5602105962190996,0.10550628276571282,0.3408593444547644,0.0848354931190367,0.2474072212413293,0.08006398897356286,0.230796360219164,0.08365238281996915,0.46447587721693584,0.07862345043633812,0.284396111109008,0.0705186964400219,0.2328604908982005,0.0686032040897873,0.21746558376518038,0.07902989776458333,0.396111997213766,0.07135221630509178,0.27665262915240846,0.06505267923712862,0.22889423687098115,0.06271673641833245,0.21541891241012306,0.06878085316046473,0.41982238638061964,0.06326603529056911,0.27966519600622386,0.0590148664577404,0.23338657208923033,0.056746425206007214,0.22168405955490944,0.1332016420648043,0.5729701053382565,0.11311428030482022,0.3504821705967114,0.10470326477510977,0.24376333203938594,0.1001915907800266,0.23138663870621706,0.11267939296292151,0.46051651891331036,0.09286718142280104,0.30229127509947806,0.08721161005092377,0.23740821410369517,0.08293966501757428,0.219411539329446,0.09973105328550878,0.38804303776545146,0.08390986079367536,0.2725670213705861,0.07972952413285281,0.2200208413234695,0.0747706807451784,0.21662071489392054,0.09889440149061962,0.36963065231236636,0.0799788843236728,0.26618631737349374,0.07523668312629546,0.21645462074005667,0.06957994277066759,0.22480396024558053,0.1275634454394561,0.5943536765232801,0.11103037166529416,0.3635774412512076,0.09962721184372891,0.25457931564564273,0.09652649330250941,0.2440762931710837,0.10993024068222483,0.45761125089345595,0.09791531050054798,0.3093385774940617,0.08976229998193028,0.24625215950890492,0.08582701794457165,0.23082454533614782,0.09733531180621474,0.36808531091403573,0.0849163665689515,0.2722682602017474,0.07917408152685378,0.22410102466567974,0.07452767808417494,0.21713751944324905,0.09898432465968154,0.37855488265998327,0.08096973579702861,0.27166138199499346,0.0759944867117832,0.22804229187435612,0.06906842959910582,0.22052772943122867
2007-12,0.22685700418896376,0.5596229151032279,0.2051482474067746,0.3284896607801796,0.19510124553891434,0.25581584267036467,0.19941826700413715,0.23351142444543135,0.20176786000646016,0.4463736477585415,0.1852994000894558,0.31854360307285734,0.183880417263646,0.2606520476469088,0.19409056309951592,0.22552364432288188,0.1918718308721862,0.41721939526513685,0.18127507179799604,0.2919249210742112,0.1841943928674116,0.23606136969828362,0.19521085025846038,0.22233098645662525,0.1833013778120968,0.40662380560302624,0.17227601806877293,0.31503353496454634,0.18245731513664887,0.24939537161195555,0.186327066612826,0.2265962210317196,0.2274715871379952,0.5306606120480284,0.21004711743352567,0.3242646990741503,0.19589399703029628,0.25562076878648443,0.2025898065058392,0.22906248379822736,0.19759893819026647,0.48626121330390143,0.18371141891568404,0.31832440273912765,0.1812835739303634,0.25711532250438063,0.19315371501576517,0.2278376129371395,0.18451350129932198,0.46434493349378525,0.1777453481127568,0.3071845610753935,0.18053537224766147,0.25063812367280514,0.19122941566826948,0.22862596238665517,0.17642555851458408,0.42896332885422944,0.17519726533060415,0.31243424721457,0.18188293391723073,0.2433765164193551,0.18678311965196878,0.2221780559908867,0.3036149417714891,0.5525950297164419,0.29491656909923936,0.3093485927616743,0.28077963885646756,0.25440019678518744,0.30262967002505803,0.2226036043477461,0.25627887980066255,0.4444556231423036,0.25347512420990276,0.30248004849832677,0.25519316010117354,0.23987657984555405,0.2616733119339862,0.21785784577562922,0.2504105502681456,0.42574289517454134,0.2647626048774744,0.29102433927665394,0.252910163376389,0.2409549437092396,0.2566285601321721,0.21633639844378758,0.2772286904009629,0.39464093312517995,0.2601908817572131,0.27624666946442133,0.2507282338900343,0.2192537813829409,0.2447607431908139,0.20816164329033576,0.30921182585215357,0.5566217251179062,0.3003350540657032,0.33445739639348493,0.2871827935869359,0.25711025734850984,0.31151536385126244,0.2263747250520251,0.2655474268933829,0.43991658645482556,0.267171349228641,0.3110083057498073,0.2685867994416579,0.24426918910585055,0.27269593528637104,0.2229898583012534,0.25381015954596875,0.4309628347852724,0.2652315792450404,0.2867662155598427,0.2516625106856485,0.24342348797241758,0.2572420658111156,0.22011414651535377,0.28371534145303057,0.3969982372077039,0.26589843216682296,0.2786580513520343,0.2565702810941694,0.22117784363795673,0.24502000314065658,0.20971389663126713
2008-01,-0.26645847084647933,0.5318612796611163,-0.242882834989944,0.2976027745171808,-0.2401979134427497,0.2414056298861791,-0.23761574781807362,0.207474936922321,-0.24552270536293125,0.4078314046547553,-0.228659278131318,0.2999178722958391,-0.23270460948696048,0.24367285140863515,-0.22863862475119034,0.22680182372913144,-0.24632975654133477,0.4123085006236311,-0.23649535818378578,0.30025576490251704,-0.23254827853669105,0.2350396411792153,-0.2300748339897333,0.22985773752709068,-0.2375724525552624,0.35349350071163177,-0.2191965396860379,0.28174648927291174,-0.21889846095132945,0.24188747967488483,-0.21871710622434418,0.2117002409412403,-0.26052355747328637,0.534959276057426,-0.23905619217995505,0.3151605265520818,-0.23414159449677058,0.24363030627659477,-0.23507834160653732,0.21347027154965462,-0.23305539745475043,0.40488571400769563,-0.22568837918000273,0.3232923433529446,-0.22947984123258744,0.2401659651379859,-0.2273725665271121,0.23253488750043239,-0.24432571840185285,0.39998940195468324,-0.23386447424456533,0.2933274212955437,-0.23156309043683854,0.2357538358245725,-0.22888125092927966,0.2297315545073646,-0.23606909793678701,0.33133320228646024,-0.2177856321212511,0.27958853975253717,-0.2201709500189386,0.23938001535465372,-0.21959788653889126,0.21557132620313185,-0.26838366422311166,0.585832098169828,-0.252035458760452,0.3390030263717698,-0.24365489400465995,0.28303398199252744,-0.24330275176803556,0.2591316468661974,-0.25001723208414184,0.42954727679751914,-0.23550577329596536,0.3259032459542015,-0.23565920514296407,0.2773471442987919,-0.2291770727709892,0.24843145957375115,-0.23459324987323002,0.3901306405488245,-0.23096427756324503,0.3209177321853094,-0.22413188624463834,0.2569324784320498,-0.2188239077961568,0.24358208078646507,-0.24142815658370656,0.3674509554361926,-0.2257548408116978,0.29335079817768894,-0.21852939766109977,0.2593429831844515,-0.21545727070816098,0.2317767346946209,-0.26086052794771336,0.5684992522720012,-0.24716307584827504,0.35171317211098974,-0.23993078372592405,0.28834083839966074,-0.2423330338946383,0.2651968757454488,-0.24550075091959636,0.4315693937089915,-0.23257402231265992,0.33094563134009103,-0.23172241900780535,0.27587787698807004,-0.22611909680601414,0.25213008430764156,-0.23690299879600044,0.39556532810609424,-0.234311955068629,0.31062466769626074,-0.2268211687645119,0.24909237294656228,-0.21972354072048433,0.24249895934913462,-0.2424202082970956,0.38874054717520695,-0.22611380233954645,0.29678829505079934,-0.2196652044285821,0.2605797827547439,-0.21762356999868715,0.22901978378014717
2008-02,-0.033093600453624854,0.6703231727636914,-0.012086652971240917,0.41007846041515045,-0.008798817777473593,0.3003152565262568,-0.004535095727976694,0.24574851156815586,-0.019987113207983038,0.4345077843241944,-0.005071171008924945,0.3528886548124437,-0.006173912560173965,0.2707777188098969,-0.0076003506506616405,0.23970134490827308,-0.004101492744764913,0.36482626383011874,0.005326989504567446,0.3008703221323168,-0.0004245751542930506,0.25911710020872164,-0.004048644938079531,0.2279998226927934,-0.009950460350030893,0.4125346305957528,-0.0004657680102217969,0.3276381861149038,-0.005331932618023065,0.2663402920040717,-0.008066445163019423,0.23563484629253834,-0.023052503677265544,0.6207283723082612,-0.004675146166264726,0.40373673229942125,-0.004945841395477353,0.3095899237272533,-0.0018212837125865708,0.25381376981076786,-0.017785003706035057,0.4901172841181312,-0.007106920410826189,0.36800751968520207,-0.006439915658628801,0.27079788723398024,-0.006115882204239354,0.2422408709346387,-0.007011380561803532,0.4149092983389754,-0.0003145797173550201,0.31598739040673196,-0.0026628559929765556,0.2612198460340336,-0.005514424942236163,0.22568996583634046,0.0020166311604856223,0.41992270987501124,0.0030407670156378927,0.3352582254503637,-0.004258680340107441,0.2639381136734039,-0.006052582509415507,0.23264866403614604,-0.0774404557742631,0.6416295465745914,-0.057714202037995356,0.39580882559057734,-0.051443144655732395,0.2906100592388705,-0.0463314403992654,0.22570172422940854,-0.06433360575186095,0.44595225060808685,-0.05214361300604361,0.3456886751553395,-0.04469219666988924,0.25312934644016394,-0.040537993630398436,0.22877141501791487,-0.057352285870831465,0.41040783972752326,-0.04709104956580829,0.30189946424621167,-0.045165977827207805,0.2569822081032175,-0.041681817926540556,0.22090095538621485,-0.04476705105216736,0.36692382306434046,-0.039201721388940604,0.33130968857206733,-0.04338183790601857,0.261963009655814,-0.04071950393367239,0.22781380116662275,-0.06931310965561717,0.6437485816536757,-0.05214453793310125,0.4070614095820503,-0.04535602163116255,0.3014689914618755,-0.04162753199916166,0.23208278428299062,-0.06334563766661355,0.479290555060129,-0.05451809928614555,0.3591722005599862,-0.04563572197454121,0.26987974157312056,-0.04073668261752481,0.23359760723465836,-0.054976580769013586,0.44254408015673297,-0.04756554396420731,0.30480643567911847,-0.043338006825460275,0.2592942191717255,-0.040360460753378145,0.22818048181420364,-0.046553527133638826,0.4008618267023779,-0.03902764926644339,0.32656326142182257,-0.041721964487042296,0.2591878767228343,-0.04102425329450341,0.23467646225606054
2008-03,-0.19529899999587766,0.6197757828240433,-0.20592723391372958,0.3720397013368457,-0.19982040714210625,0.2891741939741257,-0.19612958306278677,0.23199191467728852,-0.22638704291879916,0.4092964242965024,-0.22147087079490801,0.34856522494236175,-0.21614955173672679,0.2873948668722222,-0.20972495801305985,0.22313607335601837,-0.23493306212359172,0.3717250863607191,-0.23005823954857785,0.3355835518394214,-0.22223179808409502,0.2649981183788155,-0.21379383375869127,0.22645160881483412,-0.23708976561895737,0.3414181006612614,-0.2289402367133677,0.32498123088033104,-0.22025985148983424,0.2633515720497078,-0.21154960731072742,0.2232612809712774,-0.20597072835869415,0.658782925645305,-0.2142732283067303,0.37733053519268567,-0.20671497791198967,0.2915806360210266,-0.2014760601431074,0.2332801858010069,-0.23470027751882663,0.37356752214036565,-0.22578976490618138,0.34209403510456493,-0.217171297955414,0.27932909048260035,-0.20875135111132123,0.22878963009814202,-0.2405892047949876,0.3921144451967407,-0.23031289477215383,0.31718606173053754,-0.22194330255798553,0.2640928772055433,-0.2133337981289907,0.22431255807689487,-0.23197656294694458,0.3682633205111262,-0.22629344260437953,0.31282195359622844,-0.21834742027506157,0.25953747406358285,-0.2099193540425182,0.22175278523222874,-0.20079138558017753,0.6584432360729254,-0.20679890882172713,0.3697577086701024,-0.2027748425906198,0.30577808577990495,-0.1987558597628744,0.24455207957460895,-0.21793780262150367,0.4038358894705165,-0.21311830616191432,0.3217826507920344,-0.20527556600019817,0.2698693879987844,-0.19807419291022982,0.22515697184729097,-0.22795776444284246,0.3835416826827169,-0.21914462475214952,0.31518488245918713,-0.2107434697938241,0.27108822163972657,-0.20355523983540283,0.22702100679303797,-0.2281641519827731,0.33744877406080176,-0.21767587076402825,0.29542984363273994,-0.2093709292788718,0.24714744486978696,-0.20133218763965177,0.2229867679276598,-0.20826751253840164,0.6746265669226201,-0.20929556426223048,0.3661207047189474,-0.20590140614363592,0.3143429849926108,-0.2010016721985677,0.24516127935858958,-0.22407710450073406,0.40124295126363324,-0.21653235303040172,0.31769825535904217,-0.20766531192978144,0.2739195705475303,-0.2002016528301157,0.22731409885877762,-0.22539203386356232,0.3936813259312399,-0.21758519586651476,0.30740086419200763,-0.21026780911017665,0.26606899338394524,-0.2037371247695366,0.23059267296824276,-0.23074421318803362,0.3654278425412328,-0.21858434495615164,0.2950115276180378,-0.20928756657034464,0.24796416704476526,-0.2013604733189885,0.2238724358141872
2008-04,0.11388554424170032,0.635744247067497,0.14699303190901533,0.35745652038388676,0.15134351566608825,0.25558106810416653,0.1509620679377385,0.2257766008075467,0.16740415814743187,0.48184546308747356,0.17825669823637397,0.30589948199347927,0.16668906315627946,0.2582085272108088,0.16514967093566077,0.21411000481358983,0.1750534062712108,0.3263686166038189,0.17962005465806755,0.27394265336255547,0.17072469082067654,0.24533525288088637,0.16454288982448334,0.21038991052412792,0.19294409650795302,0.34205654589198453,0.18375490344347775,0.2632570768497798,0.16998894710901702,0.24499045443262646,0.16230710698370834,0.2147310890627045,0.11609076710020069,0.6505632231993339,0.1467240282118332,0.35333436469186286,0.15180396818718644,0.2714476513298399,0.15112553295994968,0.2284487162893883,0.15661989018191225,0.5293908096455103,0.17061209347792342,0.32276975060718643,0.1636089256388359,0.26420223612272176,0.1595338233317711,0.21932610059514002,0.17844391776605978,0.3744636225948499,0.1804873092955378,0.29227145028995205,0.16999030323777192,0.2553749832084264,0.16458941962117066,0.21833391949175876,0.1891426315560098,0.3601559030755255,0.17788304009189088,0.27168195282268026,0.1656396937682669,0.24275282136452342,0.1604631455391647,0.2141612739150503,0.10684162032583064,0.6256836313299049,0.15078909354226264,0.36077218003450645,0.15798889590688772,0.25964930425096466,0.1613028861079719,0.22457758355874066,0.15788910260267935,0.44581013137588343,0.17972760682893882,0.3154835875405852,0.17398329691678785,0.2471408892817017,0.1728516916193125,0.2187519080098173,0.1878565611937457,0.34012583857674583,0.19718729887207462,0.2768097604214748,0.19023314007831646,0.25114904548635086,0.1818082021328501,0.21928814805303795,0.19599725910176108,0.3282900633701659,0.19889375053115296,0.2668307012843739,0.19077483171362075,0.23950247636240152,0.18138562577760767,0.2205692431145031,0.13259515550994322,0.6517366470691162,0.16625526548800915,0.3609513332965909,0.1692477769935861,0.27459989967704906,0.1696433346858193,0.22500928603512535,0.16299054768001747,0.4951040462042011,0.18120122430678062,0.33399528962622754,0.17654398107746136,0.2610751391034484,0.17331921589063246,0.22213190116419915,0.18558028857404765,0.40185443321902126,0.1942035874969753,0.291760410379706,0.19103458714838453,0.25561229037767996,0.18263034948402107,0.22132350433500572,0.1965314031459052,0.3636172641865415,0.19831630104016718,0.27946656723222996,0.19010479012634596,0.2496772858374406,0.1811918722240266,0.22638215025996816
2008-05,-0.02532694162128528,0.674110019052715,-0.04321633711086715,0.35508345133278935,-0.05084626174505543,0.2703976851257305,-0.05570529554326167,0.21584296967171268,-0.03967183352466881,0.5430756373605071,-0.055029817463464685,0.3486086759301176,-0.061132227502245055,0.25931413731150715,-0.05961097235408444,0.21505855805984353,-0.05946335889082089,0.3497696871170739,-0.06930066847491115,0.23944272407697448,-0.06549107157840978,0.2156171211386747,-0.06437641670381464,0.18610028642813808,-0.06674032304561961,0.3210113099086561,-0.06417183944708738,0.22390346861152194,-0.0606489040555497,0.20777185504291934,-0.06112711767646839,0.18680866275629882,-0.036142887785796565,0.6848932897309528,-0.05132214111543691,0.3649783326310282,-0.05537608996523964,0.272482825144467,-0.058830092040165594,0.22029019455470214,-0.050475420148495764,0.5681221198568522,-0.05843709559887771,0.3399778166852947,-0.06395043418526486,0.25843132259748297,-0.06063758808290201,0.21521735821520382,-0.059553760386606786,0.3716563929619664,-0.06837860504898843,0.23546149731014832,-0.06341030608992504,0.2158392896049337,-0.06282801422588608,0.18823987205853376,-0.06176932592458411,0.2952270988550958,-0.06553991329671992,0.2262128670710853,-0.06259414267815877,0.20973625365461906,-0.06318856988340615,0.1892696797873403,-0.040337558733046945,0.6640044522258158,-0.05580852738181185,0.37641414106990023,-0.05839105769953662,0.2820570038764295,-0.06142458040117518,0.2337903597694076,-0.058962242842729135,0.5020390280739406,-0.06402614483041395,0.3539592430249131,-0.06694599141307656,0.26098049374025856,-0.06565046846501493,0.22185765004470295,-0.063004245099205,0.3510227091350292,-0.06708880633926298,0.2602125808312554,-0.06419093391409743,0.22541387967519633,-0.0637161374479444,0.1949635070509978,-0.07418526868452437,0.31909569896216505,-0.0738833275259747,0.2368930899879085,-0.06826139351664531,0.22293924708524368,-0.0658637941311283,0.18994534510193928,-0.03932388930810354,0.6802128042454525,-0.05534858415082649,0.37293936526218885,-0.05786544203488017,0.283135158694383,-0.06067307999030508,0.23283233883630622,-0.05668744329244475,0.5145014890176782,-0.06403146192706093,0.34759152404448457,-0.06482534413259557,0.2608616438876865,-0.06277324737872064,0.22321540306393728,-0.059330239229811496,0.36081971208954455,-0.06700535366439293,0.26517055994236316,-0.06615788547525207,0.22906215043970712,-0.06481580309334024,0.19567307268339035,-0.06873508076422861,0.31478357596331036,-0.07337449508310069,0.24592938253453517,-0.06768537944059068,0.22448652356809373,-0.06555020960861373,0.19447993670888605
2008-06,-0.13493468868315592,0.6259176702003953,-0.17822196829337333,0.3325335443472086,-0.2036002659952761,0.2536604994493823,-0.2102184370560483,0.20748029022003375,-0.17090148081128761,0.49386390373761396,-0.2141036744499726,0.32934393121342487,-0.22908336104488594,0.25068889735035205,-0.22770756480634483,0.2268045018087383,-0.22791899100422386,0.40393797456549513,-0.2432878910477964,0.28154560900146774,-0.24356378206115,0.257456988944611,-0.2375726560553337,0.21826324225129318,-0.22844145407541763,0.27545798513626923,-0.23084691576166172,0.2427506562612845,-0.22989834969452583,0.23824475546401952,-0.22374167516859494,0.20874397292908065,-0.14278430269686243,0.6615587683997506,-0.182187936562682,0.34640684717471215,-0.20466915045264428,0.265275713659824,-0.2097931864188737,0.2197247379655175,-0.17994472664312233,0.5292492544928916,-0.2164407152780644,0.3328239868797563,-0.2284395537403308,0.2618029813315056,-0.22500461423188697,0.2313011074369055,-0.22664189724177972,0.4031075052887323,-0.2434053482672881,0.27915341250739967,-0.2443551374282662,0.25881248872635454,-0.2380628366586894,0.21417456451730266,-0.23251615819735955,0.2537003564224185,-0.2327439848538385,0.24508117914927996,-0.230882845157058,0.23471401586727858,-0.22727964130228315,0.20741587764280084,-0.13465057012680473,0.5954274155575,-0.16624423401930308,0.31912008672662934,-0.18578169712890097,0.24449105981750538,-0.19512429041800378,0.20254532275511855,-0.16449253279743958,0.50440953990967,-0.19242165014233514,0.3260246710226068,-0.2066786450044146,0.25131601086504646,-0.2084139761411075,0.22067867842662883,-0.2034268255386128,0.3569290528933823,-0.21758913940858093,0.26219802173736606,-0.2220990813796151,0.2426745876216413,-0.2182295769277465,0.21069895338852415,-0.21370355485802367,0.3203351689736422,-0.2196533784932905,0.24456799787807376,-0.22126830000680187,0.23440616784051163,-0.21837132871139567,0.2089971849744263,-0.14125510445709955,0.6174749756947986,-0.17086442531970802,0.31589408883848036,-0.18803062525309946,0.2529993864343207,-0.19630217573422543,0.20893998483946463,-0.16609009641505615,0.4920372768756534,-0.19344109089046016,0.32422311699552714,-0.20710806613412885,0.2550372061145135,-0.20651629190097856,0.2274776396267514,-0.19498875475801,0.3733974026806859,-0.213664012654187,0.2712833970714159,-0.21998061641599567,0.2429912704211447,-0.2174450071117471,0.20645975119580587,-0.21520068216692728,0.30224063058840966,-0.22022524737385618,0.2449542941299685,-0.2209196396868788,0.2321560286042872,-0.21829022304454868,0.20574585888122138
2008-07,0.07279061989575328,0.654067690092332,0.0693352583533315,0.3514064429225153,0.08024630776882909,0.2285100030345522,0.07360997932947902,0.210574618829839,0.06497522288434723,0.5069452074706329,0.06945005149289425,0.2961041712001038,0.07664276062225076,0.22041289231555555,0.07271751865076215,0.20115481544811073,0.08317654219102127,0.38093727478323713,0.07518968064338219,0.24565523673111417,0.08108498673199127,0.2260897024519083,0.0746524302819127,0.21046536107675168,0.08581490218912056,0.3330637200539205,0.08059359843291042,0.2380231850795147,0.08000301809483175,0.21027601952071528,0.07076087981220228,0.22435040120513544,0.08293881403223156,0.6879570325209601,0.06943424198182391,0.36420399353331945,0.07952343459144307,0.23699639505396702,0.07261901077792839,0.2327464100899824,0.07629976527795874,0.5458687445028312,0.07661012337429662,0.31013085770865734,0.07616087816020563,0.2266944864946147,0.07188788811023258,0.2114288472803354,0.09604517821093216,0.3404564387886845,0.08221457552072906,0.23967843368123853,0.08480326862110123,0.2208302615478815,0.07778750689188273,0.20483773989760076,0.08593897825803902,0.35571734596793186,0.08025369679949942,0.24090865614410625,0.08060648503543003,0.2300891382573329,0.07212803713540204,0.2257555343955005,0.05584879436627077,0.6444609611668028,0.048789402705190485,0.35159140889626894,0.05580345407712861,0.24610171656623864,0.05449299769709652,0.21583463670305664,0.055620851693050845,0.5045131094798339,0.05507988609879783,0.32380619523602705,0.05798236324088111,0.24213041404197105,0.057952309434189477,0.2147912449702155,0.07304341142103349,0.41717286410456694,0.06703975082767885,0.2698355460904114,0.06927888996303756,0.23457855978630698,0.06472719188874247,0.21854375646497695,0.0692213436035976,0.37086687036366434,0.06736253360692478,0.24675047468018582,0.06697733102900402,0.22075841092489262,0.0625202585991013,0.21716872252833772,0.06890179154521824,0.6609431596070532,0.05635569518426533,0.35222295232038286,0.06298228386139045,0.250649507001237,0.05959995738440584,0.22733535597830837,0.06486846935679022,0.4870717251892521,0.059640591927083764,0.3198399885799449,0.0601822346160264,0.24342272878063298,0.0588524740128,0.21620146684212416,0.07945871020320816,0.3952658322543908,0.07117610671423626,0.2717113193138517,0.07111649200005783,0.237271515396493,0.06742918651257852,0.22344214457169292,0.07567545363540384,0.34951527479957883,0.07106190254380948,0.24647216215824228,0.06863502427715054,0.22505462661369846,0.06337248628096247,0.21863966123085826
2008-08,-0.03270038552909529,0.5997180739882046,-0.01408476540938157,0.37846870291856727,-0.00920710801284999,0.28528219335474075,-0.004164693839911333,0.2310685265784065,-0.020179262793880652,0.5319233137855528,-0.01556164486485956,0.3630091135560666,-0.010606157302989127,0.2705837622329943,-0.004854067590715542,0.24099438908829263,-0.029715592604636805,0.578819789949079,-0.017519146424639434,0.3461462508733638,-0.01316028274547365,0.28719337862030625,-0.007205446372603776,0.24373876281819462,-0.0168132628049913,0.37373977378020184,-0.011366410662455305,0.2728008419895509,-0.011314464741864903,0.23317080185705236,-0.004531128455435833,0.22400464393334946,-0.0407478735473455,0.5908452083591795,-0.014085838138067297,0.38808505618677924,-0.006519300133710118,0.29466119790556755,-0.00019646944242592105,0.23629537086917654,-0.017517947003498794,0.5670469480664974,-0.01280428163933215,0.3799918207803582,-0.007361056161169527,0.2761462843061335,-0.002755849389344731,0.24237302919995302,-0.029811514917656937,0.5412100258742445,-0.016567976373352455,0.34228780828495375,-0.010157869030574532,0.27958560850538555,-0.006185563506182563,0.24720439463230678,-0.011593271294424699,0.3834054767565169,-0.010732787608168702,0.263849722146125,-0.010394006585785227,0.23671957162653712,-0.00387002650543902,0.22564791362162842,-0.012020351250189992,0.58567905466104,-0.0016960991160100988,0.3439901438678609,-0.0018547403879658753,0.26679123478887706,0.0003864488670078577,0.21694894294349948,-0.011494409140790154,0.534633829748496,-0.00849042584469685,0.3321103780476855,-0.0044105481539345286,0.2529068362383096,-0.0038566859989218995,0.2168278032775262,-0.012899657797820086,0.5024484527202611,-0.007970285728383843,0.30687263680016136,-0.005699105444651102,0.26230670390915023,-0.0035183366787874906,0.2167972429238884,-0.003523988960121135,0.3577778431850321,-0.0013139185591429146,0.24410662498861946,-0.0022686731754902123,0.21632465789562472,-0.0013942601911468367,0.20391020574968938,-0.016615686454742314,0.5794649301768251,-0.004428201433428091,0.3563992240802348,-0.00255853326266846,0.2693338293873819,-0.0007859921008338522,0.22377509538508608,-0.00718342595310823,0.541325440368478,-0.005348539580970457,0.3432668693350085,-0.0019253497405738035,0.2504792524643294,-0.001932699281957473,0.2156253119700531,-0.017170749283784852,0.4628358821859152,-0.008261460726619808,0.30896368140835984,-0.0040444046495446175,0.2560114082435899,-0.003738605202169218,0.216264018516102,-0.0037732009179393573,0.35132426532486893,0.0025327560186181063,0.24458264229105642,0.0008511201858275113,0.2169111047663505,0.0002625372243360083,0.20280761517948812
2008-09,-0.15984792737122427,0.6126673602253923,-0.16861359351268665,0.37120579505229184,-0.18831393452886508,0.2747697091143617,-0.20244349399385664,0.22179972018930605,-0.14859373875314139,0.4638995305918422,-0.17870502246518502,0.36144891991179345,-0.20613219165246432,0.2675612209122168,-0.21429667646026807,0.21430331173745223,-0.15817323536046185,0.4947444162596492,-0.19670253461306295,0.35475977803099334,-0.21495765170091624,0.2613857073120699,-0.22009340937350794,0.22161394263891226,-0.2063534188417284,0.39347719351832056,-0.22253852161870294,0.2577593446113574,-0.2336351084368125,0.21414524304796037,-0.23484751623754554,0.20066310483858216,-0.16274862441522883,0.6122511694530359,-0.16625090850720697,0.351338857829169,-0.18889394065183546,0.2779438090721369,-0.19989935306673318,0.21751918734322487,-0.14701087843016603,0.4986763037261104,-0.17408068829410273,0.3719357402184983,-0.19947514540874192,0.26838604931397914,-0.20964693030827675,0.21697992247471265,-0.16222947956068873,0.5259184712967858,-0.19633281389217638,0.35547858796538867,-0.21510497585208527,0.2593965508379865,-0.22141403610051152,0.22297578070422697,-0.20932402294197064,0.3758514136503968,-0.22424417601421062,0.24761512921009599,-0.2324881247551796,0.21524420973519384,-0.23295615645359857,0.19838640201265578,-0.15748674098115772,0.591772606512578,-0.15641072266948244,0.3331694640099526,-0.17055808155795976,0.25388922072948356,-0.18263303279570497,0.20357570907134664,-0.13479688575169374,0.4724706544595089,-0.1558797828443061,0.3424169173542028,-0.17905110348055356,0.25349869632994265,-0.18958692670975566,0.20279758316005306,-0.16295686653393493,0.4887422401578053,-0.19103490098686793,0.3276846232384458,-0.20582287849491585,0.2511644303603001,-0.21009529666363574,0.20581919352012518,-0.1953294933593431,0.3472439109626071,-0.2085520726484527,0.2564739239991672,-0.21656255630925095,0.19878176963966543,-0.21911275266609442,0.18474883074994408,-0.16074667048304064,0.5972095050689333,-0.1522296448720258,0.33198763039890467,-0.16927239989157722,0.25534923929439995,-0.1807565843750841,0.20289751319769495,-0.1425319301352389,0.49074985230518986,-0.15879326345160824,0.3415838747664164,-0.18209367331127496,0.25593677765707645,-0.19143019348901,0.20408577773981038,-0.1617271781390405,0.49008056690436547,-0.1846857348810323,0.3330715007973388,-0.2004322085626792,0.25635867662601164,-0.20527865011987786,0.20740666030322324,-0.1980664880401793,0.3527309842035623,-0.20826724840269986,0.25804679055073154,-0.2161087515827526,0.20394882007279813,-0.21864222328861224,0.1853148218626431
2008-10,-0.2754541513211276,0.6302367151961119,-0.29837837086507973,0.4078426228507228,-0.3172092520915239,0.29572568826852175,-0.3317055229374816,0.2365370286547478,-0.2958091414235567,0.5167146485001686,-0.3206310227458425,0.35037639991852915,-0.3425839399997996,0.253642708649807,-0.35406428531444784,0.22938795523636105,-0.3036799451834868,0.44664698442377426,-0.3511380108092722,0.31776816451071976,-0.3666241406064661,0.2408510196143675,-0.3739732937419144,0.23552236258750187,-0.35762406548462683,0.40676125754048503,-0.3691913639636329,0.2763152836905152,-0.3793546360101828,0.22631045400150232,-0.38106967401352676,0.21877342615649276,-0.27817024073427743,0.6376383638455447,-0.30277997410961527,0.41688511076015616,-0.3169435939621773,0.2968692374327989,-0.33068973161059734,0.23945396927666923,-0.29679656464085646,0.5620157986456957,-0.32461849669960235,0.36946279795002546,-0.3419031036555928,0.26548688514734453,-0.35420825432269015,0.23146363288153546,-0.2974424084600176,0.4570796710102596,-0.34736846882733974,0.3108930549212796,-0.3623403481300317,0.2404111599809221,-0.3719942789482605,0.23062881528502374,-0.35706011186070563,0.4080908551824976,-0.37816133188317314,0.2711479599399842,-0.38525772778731243,0.2292103612069285,-0.38379836197927997,0.22191674038119677,-0.27274459566339787,0.6154708724543028,-0.29407922438048034,0.3842880247687901,-0.29569896599115464,0.27104687279596956,-0.30830175554514244,0.22377514518490205,-0.27973344559316604,0.48278205814575637,-0.29587400921948964,0.33311382665529105,-0.3119027730582292,0.23342624245305654,-0.3236548753793046,0.2087813983439025,-0.2812564060688698,0.43455148818077827,-0.32084648235836183,0.3057980420605872,-0.33496437852299304,0.2294684456551786,-0.33969322155344917,0.21208612703658192,-0.3298434919683803,0.39218156117128056,-0.3434118976131952,0.27301097008855824,-0.3522126016709892,0.22121219495722194,-0.3522746946914646,0.20267552373565062,-0.2785624933834618,0.6237932352857054,-0.29697309125052446,0.3863599405782581,-0.2940742841344527,0.270018501362357,-0.30792433236389055,0.2312507573416181,-0.29749961741836406,0.5418801436561986,-0.30548434757544135,0.35586286220444996,-0.3183307878817698,0.2528741449348941,-0.32779383950219343,0.22846127704657826,-0.28743528555667835,0.4509706466082163,-0.3209743345539699,0.3118257838659075,-0.33008796651144057,0.23870783914835714,-0.3366156830160692,0.2185886273763994,-0.33523708772217586,0.4010003793412854,-0.34975594667797283,0.2661570522117892,-0.3520831702567736,0.21968440286385565,-0.35233772067549035,0.20271667692255146
2008-11,-0.06871980182228671,0.5788282889853548,-0.09177564401810906,0.36970013279080227,-0.09298734887027942,0.2858879860871424,-0.11050581633311193,0.2550918892796683,-0.0775618624072343,0.48544650035519316,-0.08359511057291809,0.3091744451473266,-0.10560212824484705,0.2809196397286696,-0.12294540837837485,0.24828211794993088,-0.060279487460094865,0.4495035378554092,-0.09018440131945006,0.33683733109347336,-0.12046834984165211,0.2710915608436535,-0.14235800719078825,0.24416777151019414,-0.08631900759350783,0.5116949796082092,-0.12378284168001709,0.33546696745302707,-0.14921237879177476,0.2549219111572887,-0.1625000693502722,0.24312692433408706,-0.0572968813792957,0.6119035700355202,-0.09382682955613941,0.39538180721368454,-0.0944415591205119,0.30575004308410547,-0.11264722693366964,0.27117440275954907,-0.09313844414809884,0.469149777994154,-0.09234932548643841,0.3183292464959828,-0.11028293745834208,0.28878424625221144,-0.1254325594751504,0.24803304533584286,-0.06023564906704034,0.4345330421445878,-0.09230113956140686,0.3315872977349936,-0.1206922024835689,0.2757247340742283,-0.13922217013951274,0.24221284722640563,-0.10272963890609912,0.48498521806807304,-0.13207580505052707,0.33575594810627774,-0.15386830440844496,0.26865994747395616,-0.16571412516921635,0.25382243959230133,-0.07653808049887814,0.5629433097195595,-0.08577534857598626,0.3473012467752449,-0.08800529921738019,0.2752579943515418,-0.10030846871848867,0.2297540256515918,-0.07077568231385538,0.4598323510037715,-0.07895413808252794,0.3216197696273543,-0.10110012144407099,0.27071066109589614,-0.11006780962654426,0.23697344571495838,-0.06504779080462166,0.4576557788956083,-0.09455431624077715,0.32088208896601933,-0.11039247411746923,0.26796824351613213,-0.12106019559843983,0.23554756796712525,-0.08559503023343344,0.4996922382968856,-0.11141219415719707,0.34450720973269716,-0.1284887302135401,0.27480282740107237,-0.1348452915034993,0.2443094931082962,-0.07311692146990909,0.6055599537358276,-0.08970796376253085,0.3744136072116613,-0.0911674743816931,0.3038509444922334,-0.09962787429897328,0.2464411093669008,-0.07551465532947148,0.47380430373087123,-0.08509112536674229,0.3402314872808144,-0.10365668078633412,0.2878651095351896,-0.11100304780461649,0.23795178177690118,-0.06652976971201967,0.47941476191441945,-0.09707731897093615,0.3305360260280329,-0.11284076051977449,0.2812301481841385,-0.12273496375467408,0.2406188443312389,-0.0934656120768143,0.5287400176654318,-0.1165432350392189,0.35170096980517984,-0.13198821144280776,0.28650595450696015,-0.13733968294673216,0.250573816951337
2008-12,0.0619301909246665,0.5504415038642362,0.0705427218930218,0.34681034037621966,0.07743746485888424,0.2741586163404915,0.10848480881882902,0.22638986007219655,0.04979515371982473,0.4930611324157754,0.06589674227173901,0.32183037041481083,0.0993281095265777,0.26549961085225393,0.13352135059819975,0.21854071828091348,0.04619880426588529,0.4392941119921019,0.08228490633981489,0.3249925644174139,0.12703520499925947,0.246268375026933,0.15525595486693555,0.20944004419916698,0.0634183585081872,0.5456996127451226,0.11716513524369802,0.33591728909738006,0.15495385574580028,0.2538524555697377,0.1720572615036243,0.21963692960784745,0.07170990597204512,0.5774617782082949,0.07505749587256698,0.3411123665523758,0.08430035948180314,0.2807717650629767,0.11744956949859,0.23176807385487247,0.0640280217243616,0.4736163064754488,0.06854484954406755,0.31056658387746233,0.10484967773309257,0.26226216755017884,0.13476789486366075,0.21487363507421017,0.054543114129290145,0.4230431162035332,0.08551367517289363,0.33511305958446735,0.12678979406293134,0.25168634447411986,0.1544832839581379,0.20842846106328924,0.07005099074184533,0.5282920491431482,0.12422705899543068,0.34669756651431716,0.15902373212953475,0.2569874418996257,0.17557317628596145,0.23186963172315622,0.05572577215342185,0.5488291251942294,0.06840461624967573,0.3268643985304875,0.07935678795078503,0.2621986089050781,0.09675903613378062,0.21439269533291122,0.04681178568989664,0.43892890372448423,0.06457392425882806,0.317212640183434,0.08546083739437646,0.25516921297140727,0.11342264371515624,0.2199373333939154,0.04160754978897983,0.39802328952942323,0.07465029164890791,0.31313183685497303,0.1130490408749246,0.25620456502944977,0.13170704603063457,0.21199770777223598,0.0663983770193978,0.49610400634445373,0.10737521085993011,0.31821344532307905,0.13272834815605916,0.25327535538856255,0.1442209035301595,0.2191686000222582,0.06933151373329699,0.5564398654922263,0.0812807173860652,0.32808065260777197,0.08805880153258108,0.2628992625159738,0.1031119300454582,0.22298870388842354,0.05720628300490636,0.46267293209637517,0.07429009096133526,0.321642604596021,0.0961926664185106,0.2578652852991068,0.11915751928693344,0.217515354096194,0.048773743913469426,0.42543537141530985,0.07756421764144424,0.3154963190424072,0.11438375373536024,0.25965407451586364,0.13170375901396572,0.22171708235310675,0.06885438433088732,0.5016343004102147,0.11427164073151015,0.32503423918641206,0.1382019803067401,0.2605862490722973,0.14730395565398344,0.2309460154053094
2009-01,-0.03520664790325831,0.5604639937057292,-0.05551108722083604,0.3523196097264856,-0.06999501702501096,0.23919684069781452,-0.07790920223862358,0.2657769216780389,-0.03347382337274726,0.5752630990027888,-0.04989697622919628,0.3149667701384297,-0.0646345350699642,0.30098181803760826,-0.07591961891718613,0.28218654453563496,-0.03458526141847243,0.4270754329819128,-0.04634701799977629,0.35814134773267736,-0.06598904079425096,0.32013414752433034,-0.08089864173637881,0.2739594533046884,-0.026512888203586913,0.4227748166946106,-0.04822769471998551,0.3573763837647037,-0.060389948757122155,0.3077677087708882,-0.07302444381393883,0.26427158058749267,-0.03445438903915671,0.5589033155271228,-0.054282899299023746,0.36208240828858684,-0.07203330506224483,0.24852287316595797,-0.08048695949778849,0.2717474053897462,-0.03516565781899218,0.6171229328632323,-0.05390183632980901,0.3168852271345051,-0.07099917407851904,0.29823570410563716,-0.0779582727895046,0.277189377527176,-0.03173782826067557,0.4134318570598711,-0.04370901464833414,0.36016779960570544,-0.06587200574830862,0.3121833007728191,-0.07938488295769991,0.2724500394272273,-0.02959299862525628,0.464284723365595,-0.05188683554841137,0.3809734273723965,-0.06839558299492923,0.30288930796440594,-0.07890119237493873,0.2661412622181383,-0.06004942268656873,0.5726170285400777,-0.06217828569530454,0.34811618928248084,-0.06881054680294388,0.24385738968788578,-0.07274107193184186,0.2519618712328486,-0.04989621886790009,0.5004671712377267,-0.04759525931859311,0.31321206877837016,-0.05781291101263455,0.2761066225040817,-0.06911658298044464,0.2634566304146184,-0.042046616487223853,0.39155199581672956,-0.047827914033353125,0.32339899461382915,-0.06358649940745546,0.2980669103691809,-0.07433803400565935,0.25670750433858275,-0.043633303659475084,0.4013300403734679,-0.05292854114821746,0.3292318815521904,-0.0687007201188881,0.2881935522770125,-0.07771287188315035,0.2527336491278198,-0.061137798894987244,0.5741072501098508,-0.06004236256029642,0.36028442277165523,-0.06639185871434862,0.24388892987687902,-0.06867106118227562,0.2527622364922965,-0.04854317810130471,0.5454001700658966,-0.05174101320420213,0.31996679733499445,-0.062453137519298985,0.2748901909980269,-0.07114326393463795,0.2611196689962928,-0.04563541458927723,0.39147322665628953,-0.0524953732833828,0.33352442968499263,-0.06595922826847855,0.2910168373375399,-0.07564600698358143,0.2550861858114576,-0.04584891703845077,0.43806578708568583,-0.0547182463653732,0.3468620702902957,-0.06967787874171426,0.2841963585710129,-0.07811283542950637,0.25375791308086015
2009-02,-0.04388808019542381,0.6367013408007205,-0.060300553817486134,0.35229165102356674,-0.06554896338429045,0.2549301891255526,-0.06757828812900442,0.22673108673407155,-0.051949428688861626,0.431864251104876,-0.05957122524261124,0.31534964056865966,-0.06248032134482861,0.24201931981110414,-0.07107179776337974,0.20190043243526112,-0.048551129110826916,0.327821590150957,-0.04248576480743671,0.27926784474486493,-0.04952398348541816,0.2283498664669759,-0.05939501831322429,0.18199757105279077,-0.02374762133693351,0.332260390378117,-0.037898276366527844,0.2912446071290674,-0.04847307489485544,0.22042334144384287,-0.05903316963031621,0.1761900201562711,-0.05739396790493036,0.5670038713507197,-0.07009139975519073,0.3727074617845906,-0.0722458645985421,0.25789696007785895,-0.07267062107805726,0.22305716154486943,-0.05869614716252418,0.39701035173670407,-0.06466439740553248,0.30752502982566776,-0.06439550285733658,0.2408979038356136,-0.06961809175200896,0.2028962522639058,-0.04960063991932951,0.35002532563011624,-0.04247336431583145,0.29036171244683706,-0.04728729369448318,0.22971543630254512,-0.05794403994774743,0.18552733166442653,-0.026079143761962822,0.3566174143256188,-0.04176010262549346,0.2966875072751073,-0.051511638273342486,0.22543433551065598,-0.06100830478024539,0.18337586164909594,-0.051521380685706344,0.5846993372255551,-0.057194037857957014,0.32675251873921685,-0.06165644720017515,0.2418827621616993,-0.060613743724816475,0.2052895586980347,-0.050664965123902644,0.37604098782165607,-0.051413172628171536,0.30550372125752956,-0.05161676491630069,0.23984842417934066,-0.05765118113743456,0.19320564455410785,-0.05067237581576412,0.30890383163611707,-0.04714862094355373,0.2708133626936459,-0.05040744311004364,0.21886655980352798,-0.05488959845687558,0.17789148666940524,-0.03844977564882097,0.2986243608404389,-0.04432855033697301,0.2684370842099856,-0.05006637801488578,0.21108342900149224,-0.05511706468173617,0.1766617921508304,-0.0489206974252738,0.5864264682130493,-0.055694208280272585,0.34808951743326827,-0.061780231947193086,0.2551960020622547,-0.060121138277722835,0.21008664174866137,-0.05242297104435927,0.3784693345570064,-0.053196515025622795,0.3118128881823853,-0.05325821610086302,0.24541054596244144,-0.05656070951009308,0.20069844619794203,-0.05178187816762281,0.3307818632070718,-0.04578803433883525,0.27401898658919377,-0.050021475995600195,0.22763684418659502,-0.05482399565829163,0.1825642765374179,-0.03748674642807251,0.29608632196891527,-0.04465532343471897,0.28419285935544697,-0.04942217045669538,0.2197241549639899,-0.05492804604833058,0.18520048986327273
2009-03,0.0576810031587215,0.6539960514824543,0.05177920176150805,0.3583511759006922,0.06093432746330228,0.2785002121292336,0.06561914189057824,0.23507276694572304,0.011830491304965364,0.33874796215370684,0.021881895065246414,0.3120210697852251,0.037285218414812624,0.24032484881570437,0.045104520564135955,0.20450056401041838,0.010284914029277194,0.35563842409322993,0.027956826939609002,0.27710203514761395,0.040180394622085995,0.23544611938488103,0.0493666792404288,0.18514075654255335,0.027186472181095496,0.27434457696943293,0.03920119721147704,0.2947825113786132,0.05122235732732651,0.22762845006445562,0.05949530257909989,0.17172055395805128,0.04574779415451039,0.6701052900860349,0.04433239093536261,0.3718367691857878,0.053202762534906016,0.292142305389825,0.0595241350361269,0.24045117537455069,0.015849665564970274,0.3798157475856452,0.03318307534178952,0.33364859002586844,0.047477081191959064,0.25448734247968274,0.052979141240072,0.2137330012928978,0.006457004071540781,0.3622721463547203,0.027796241724647876,0.2839277776803248,0.04049564250404533,0.23979909604662258,0.04878207758680701,0.18914459997106522,0.01541904481729169,0.2812442416708825,0.03151600173585101,0.29114517085356173,0.0472607949619453,0.2268880289006372,0.055357752711202184,0.173294221524564,0.019492982018821374,0.6479675504064883,0.024620146958852913,0.343315575597042,0.03276820555161382,0.261715194856137,0.04124361431865939,0.22380425884184732,0.02608290719955641,0.3261156245493752,0.02931849257742731,0.2978134810192577,0.03916273753156408,0.235326950791148,0.041360738423041,0.19653439827067487,0.019408511815611984,0.28204159129925266,0.03305579698428333,0.2605278594899334,0.03742363375452502,0.2390328751090301,0.04388703364381646,0.1925814664576037,0.03555520013838002,0.23852725781279205,0.03753556163534853,0.2808446861100543,0.04278717028165581,0.2279112282017163,0.04857934883744367,0.18128075883190886,0.025233045146488286,0.6665383217635289,0.026097452185434765,0.35667658283493503,0.03160482446466621,0.2631028085034474,0.03982610258242608,0.22537790967679822,0.023719105846005104,0.3250164019327952,0.03052413322829825,0.30516764373036087,0.040423384460751985,0.24114197647025687,0.04162454398230095,0.20174254116023027,0.022543027270471888,0.2968517918599319,0.03540599453369751,0.2612683673106905,0.04115314334502469,0.2355789797494487,0.04524918584605853,0.19695337526057016,0.030615200189151516,0.2518951376494298,0.03518733582526556,0.2845329750118802,0.04323279359294979,0.2269925901604501,0.049497897540665615,0.1829402055435473
2009-04,0.14219939314031682,0.6389319319182972,0.11502840128797549,0.31610899687537874,0.148766686234932,0.26232714003310365,0.17032748540129605,0.19548112041984328,0.042527957117224166,0.3818358792943184,0.06678756484391905,0.32409914156909747,0.115129202817141,0.23087569227776883,0.13470657719947612,0.2166414654042564,0.05548014566044005,0.3970675887430106,0.07011872267735966,0.2866669334765488,0.0966417678449953,0.25403145265452964,0.1411357392401824,0.21410437657393377,0.04994609122582997,0.32298289025112803,0.06095230998204956,0.27365767458955625,0.13084649589402075,0.23134638183880435,0.17021376302430563,0.20516191329238329,0.1421336476814648,0.602583478386763,0.1248661384166088,0.33840189601094783,0.15733456488077538,0.27208082352805696,0.18085137795526565,0.1949530078720645,0.05003439809098706,0.4204497655081964,0.07538583222206172,0.3534012150309493,0.12190511229978543,0.24297979764381838,0.14016891004678114,0.2205386315574835,0.05135206758108423,0.41558135889264014,0.0683157545943913,0.30165827371463916,0.09787911898678336,0.26123145449614227,0.1411069562483622,0.21308163351080905,0.054848206295205634,0.3340113052799284,0.07248220069569378,0.2905952448546937,0.14067061618588794,0.24810230833028304,0.17825633137047045,0.21035293032057478,0.1482961029375496,0.6111013097483162,0.1198879028292062,0.330674611852111,0.14559432092238964,0.2544696204352578,0.16301935305194035,0.2015188103633664,0.06804302501867796,0.3555285484943993,0.08269190806834537,0.29569624938432465,0.116046573458168,0.2197710967829441,0.13336928471178988,0.20686596566423163,0.07680162589541047,0.3166445056681335,0.08586057977389158,0.255073867856898,0.11182121335322216,0.2369618961892665,0.14827258295362258,0.20991852149797502,0.0823212486280652,0.28077097941979534,0.08595714647267717,0.24950539515458206,0.13504600845615605,0.22035241814208847,0.17121001534177074,0.20841283150196302,0.15157911293065318,0.5968411509040512,0.12583702152067688,0.3448338856011256,0.15089837078572543,0.25528462861022916,0.17064375709493088,0.20607898875577796,0.07243089547916631,0.35968562121682557,0.0873419675962814,0.3328101653919977,0.12535871459016332,0.22490590391714868,0.1413885385956924,0.2090649548314163,0.08048393151805715,0.3337887489675083,0.08991432854815555,0.262093031150889,0.1163410298071113,0.24301974243993618,0.150969999160509,0.20403408477938373,0.08935739830650381,0.28319995062978187,0.09222838108654242,0.2612087978562039,0.1416033950542966,0.23615870115491788,0.17624237828914813,0.21163067547486764
2009-05,0.4064662314516077,0.6057012623144691,0.35191685474257145,0.35050327503417195,0.3430468320112485,0.27152459415897945,0.3548056007467824,0.23368640769558569,0.26208960751706417,0.6244291668059032,0.23585143039417808,0.3633740959269146,0.25623137084853,0.28217330582194233,0.28325739040132264,0.24461482208323204,0.19454317282276407,0.31271036199911273,0.18540198967216415,0.2682783250182598,0.21041884567618616,0.27370633373508646,0.2706231020609558,0.27279244207880304,0.1438123353187021,0.26812378827513006,0.15334584223349013,0.23964773944943257,0.2075808297294673,0.30813149985714283,0.2868877033574675,0.2779280798646866,0.4069293041772541,0.6676212115305402,0.3418525846061118,0.3672959568267846,0.34185580184614855,0.2758735007781391,0.35786305026147475,0.23516520988980105,0.2752556895391216,0.6363513166730723,0.24350034760509282,0.37354869615897757,0.2654338406272733,0.28577566000582555,0.2918674727046745,0.2517644315543577,0.19090884344899894,0.3062418161354059,0.18745495841140727,0.27416492076468657,0.2108899751107249,0.2755649101459057,0.27360094742177943,0.27148024752265476,0.14315846666182314,0.28073192468337627,0.15122396969135138,0.27728219710411806,0.21140563707289967,0.3203433575120008,0.2973237559849638,0.2877771378483946,0.3903820596757522,0.6269655610017055,0.3414935407886251,0.3493439388041985,0.3402936594080165,0.27149724678128434,0.35382283863895875,0.2261230743961508,0.25616856516338665,0.5754465436993601,0.2511247825703212,0.3456870887062972,0.2643131195063537,0.262472498064671,0.2873308194378019,0.24114731931829494,0.21028181364248977,0.3459825279962267,0.21783136061104214,0.25650558032198223,0.23859284170097797,0.2741112287937929,0.2895230430884842,0.268124894760412,0.19874155900176052,0.26893192833828183,0.21130771539272047,0.2119627031609198,0.25092306400821696,0.2840433321374639,0.31436410922884667,0.27209411529156613,0.40678353088262426,0.6400294643273705,0.3532512610149957,0.35626921612631457,0.3509005804450481,0.2709612882507556,0.36438458204818613,0.2296915608086997,0.2712494899907636,0.5801710645510507,0.26154928477078127,0.34773693542339235,0.2779286405222415,0.26887105153976115,0.300261389753557,0.24013604184563775,0.21415069892740402,0.3277364741906412,0.22176712117428002,0.2552121759483199,0.2425209809941517,0.27659879648217733,0.2934675873859078,0.26762839706703545,0.2003680146800422,0.28696141999606634,0.2119908037206641,0.22819186602566705,0.25465496032947826,0.28897097509500963,0.32093538478984696,0.27389145260978703
2009-06,-0.03417169781642216,0.6684294585105219,-0.01886841384937808,0.3604630254430711,-0.01104681218822515,0.2987619566528188,-0.012574194718087219,0.2712979541740377,-0.011795879781654688,0.6056004891361522,-0.00800463428737013,0.32889296209580476,-0.007762787537395207,0.30490320093746853,-0.0052050371864909885,0.28091985831994254,0.0018217772492689142,0.42573332914126627,-0.003714809584721963,0.2731306434740477,-0.0020501069151302393,0.2821823037956379,-0.00755325220600432,0.307053433632135,0.0035841652709652167,0.44568530824034824,0.0013073982434176428,0.26700619462507735,-0.002439156047008533,0.3190308337804263,-0.005492431195844636,0.31005819234797827,-0.024216935425158896,0.6574212097608128,-0.01683465689849922,0.36063464207595397,-0.013877550437399537,0.3017032337097609,-0.014417357271356932,0.2607183442999519,-0.013608791289480136,0.6252554650385991,-0.007830156349467867,0.3366038676373355,-0.007084690197106863,0.30480726462981017,-0.005190502017902236,0.2876668350422953,0.0008920298873110768,0.40426716952489705,-0.00465232197962694,0.27309239232970456,-0.003261957608653901,0.2818503264419848,-0.00880603971892613,0.3119944808430078,0.0022495945690513414,0.4066377308182977,-0.0019672990197420735,0.253952436771551,-0.003970735581939225,0.3241161886449896,-0.006421803462580154,0.3242368331273492,-0.02724638602486886,0.6396239677633735,-0.01891142707278899,0.3588408027549905,-0.013174543263032346,0.29409999657972297,-0.019215848291137257,0.26147924705815273,-0.017288059746885052,0.5985806269512391,-0.013278868920255007,0.3407237542987863,-0.012177254809461559,0.28405596393508104,-0.01131855674542674,0.26676560604759136,-0.010268505167098358,0.4321288541524207,-0.011094257759414415,0.27210656086154783,-0.008792607177396715,0.26822663897781407,-0.014676861021281247,0.2802817419288584,-0.0053564840156279745,0.34293758196345614,-0.0027707059523964742,0.24362201914898385,-0.003930827342098083,0.2877556612181836,-0.011227950163972465,0.290661083193954,-0.01763346272061415,0.6664306437004119,-0.017034060123198358,0.37386205135174266,-0.015675185677142565,0.3038559618258244,-0.021163949552590326,0.263188563360748,-0.009970508993898966,0.6031489369662145,-0.009972450588149124,0.341601236444832,-0.011474415681285124,0.2747678080656269,-0.010979275207794174,0.27020503255418216,-0.006842749506477478,0.41151752207384856,-0.011069636647451893,0.26748579822897395,-0.007405236776219677,0.27457988902077535,-0.013140456317299687,0.2843194714311328,0.0016358498035988444,0.34003392711233704,0.0002172325048128477,0.24774163668079158,-0.0019980507210144516,0.29331751848069654,-0.008066426133927013,0.29779988951329356
2009-07,0.0716467968047814,0.7155611647862145,0.10167201243639555,0.41351684319476395,0.09025315730805587,0.29605286857080926,0.0855803323069021,0.2464471222769929,0.09629924252688352,0.6518619033526204,0.09424374665247573,0.3793301471920176,0.08404517152736574,0.2799207323457842,0.08351914314842046,0.23118078849093399,0.1002750434761181,0.5386800518889332,0.09684325797926592,0.34046956272016815,0.08684421076546271,0.26322374558398387,0.0814148399095673,0.2000464412244058,0.09523296507701919,0.5161340119626034,0.09444819782692239,0.28936202583082105,0.08728743950990284,0.2290695265446206,0.08080677947820457,0.21078492570342577,0.08045624240036539,0.7162798965600337,0.09977064081848157,0.4096912230006867,0.09010797610877279,0.2897233714379839,0.0851500854576951,0.2405457159983678,0.11107068995855307,0.6466888700300699,0.10136563790755804,0.3784639086881897,0.08905760910689783,0.2684086460273396,0.0872590410287253,0.2299957557746933,0.1044782263441842,0.5158356278609926,0.09613772084531641,0.3408201066925126,0.09045985525301606,0.2602902327541562,0.0844842953448659,0.2032746648946086,0.09563137585611811,0.5339704880959321,0.09185512195178895,0.2928903539936683,0.08695057600445795,0.23610151516715835,0.0787162324931543,0.2098606105134698,0.08386907784697258,0.6944601287671743,0.09284238097081898,0.38623916087083243,0.08201868448308011,0.2808208839156173,0.08097296918049415,0.22577016626735835,0.09460877821043084,0.6371143588267758,0.08833873186286434,0.36388187151050433,0.07960745562967139,0.2597639120089982,0.08171568901813989,0.22171729273919244,0.08880831460937118,0.5279448899570134,0.0885301494316977,0.3196641091022354,0.0818559463814713,0.24759465576694165,0.07947704294934435,0.19567929890689056,0.08955120527253226,0.4633025470152734,0.0879904329525325,0.2736465281465693,0.08034087236723535,0.2104101311246967,0.07622277355306978,0.1924072336096922,0.08453349398668432,0.679491647844902,0.09051367456922864,0.3845416849134564,0.0814873459968666,0.2712875924049454,0.07904457254845539,0.2220697929862413,0.10623988706871107,0.6465302578188534,0.09422218802081794,0.35966851213015005,0.08439240933011567,0.26182528420625517,0.08516953930300897,0.22170732832554568,0.0860794718755118,0.5324375468805733,0.0866080442722405,0.30991150829263836,0.08114777180623138,0.248685696238238,0.07821623713279088,0.19743814157748707,0.0961276797624226,0.44601237933119764,0.08890097693164868,0.26785871878459355,0.08181507215423975,0.21476581093225572,0.07781353813119028,0.19530324963904203
2009-08,0.10484860041188143,0.6593097069813705,0.09534731832306748,0.3608783390189777,0.07572738799012732,0.2837020294507353,0.07151486080671582,0.22302182381947988,0.08804309608758337,0.5452782245874612,0.06610152664261802,0.36478569447761977,0.05206479979015573,0.2684440400195467,0.0630586992905348,0.22323101349793106,0.04816561161815333,0.6131536150081671,0.04011024285586203,0.35388092081157463,0.0431043297436917,0.2578241541535642,0.055427997657438055,0.19627007391423032,0.04995823508878945,0.42718730786172476,0.04851154603064261,0.27964829929852486,0.041323206150123526,0.20884949534392078,0.05789922492054307,0.17730112869338227,0.10381447012535262,0.6713773563628103,0.09684688004532069,0.3851312639634987,0.07553248098852111,0.28185780778073644,0.07484908203936216,0.2296679229378904,0.09571032484812768,0.498048175193163,0.0718921948337791,0.36184784955704974,0.0567274632596362,0.25519178569018564,0.06919759022498634,0.2111142767742236,0.04861610165010194,0.6433701811640709,0.0401326667781767,0.34996905427773284,0.04384862594607335,0.2573047119370113,0.05679494435040369,0.19708228646817175,0.05179585161884889,0.4939429823256062,0.05312937758966094,0.29060084647531054,0.047608677149879604,0.21111201308590438,0.06337918776587396,0.1810698635153257,0.1165460519197177,0.593807018247189,0.11260136320722937,0.34980939635949343,0.09785230896812573,0.2656548603000706,0.0953280005226825,0.21668164582961424,0.09746573323975143,0.5211034448713845,0.08688969002812633,0.3572151810246404,0.07502948949814175,0.25364374431559,0.0815218633401688,0.21135850475278717,0.07548477386654334,0.5623239184271493,0.06663801618075083,0.3369898339229016,0.06723273033668298,0.24983914068284843,0.07571476046362363,0.20473737870409653,0.05839428323094235,0.4498651722390308,0.06258349385766185,0.26177529879475814,0.06587413508220932,0.19977447912068902,0.07658701423322797,0.18789605008349924,0.11516346342394114,0.6473260319743013,0.11812675444409983,0.3642283732418199,0.10085047340901973,0.2751824419992457,0.09910784976605269,0.2234896150097292,0.10359630078908666,0.5016992962612887,0.08953119065248251,0.35961113836670006,0.07767952725262661,0.2550687491242455,0.08549200184667437,0.21083029794410946,0.0721892163060523,0.5752162503345079,0.06563446385750014,0.3310874885313737,0.06521892221527095,0.24410909174043555,0.07395995132067461,0.20260424711374989,0.056667939353507404,0.4478124427955409,0.0637332016929502,0.2595214525231142,0.06629589078893684,0.20023236088720148,0.07727096734927504,0.19003658727942005
2009-09,0.08425077626850405,0.6550794682723406,0.07341301437442854,0.31049684945478045,0.06647712947805197,0.2496761876173883,0.07236737069370679,0.20053980367278146,0.05167900014295778,0.45659623175432196,0.04742983037640139,0.34106798241602987,0.05585897546545408,0.23940363642896662,0.06268784786825325,0.20772959147570008,0.0569957691618515,0.5756076722290355,0.06892336184352614,0.32696710666545503,0.06996829833314613,0.2367201323709082,0.06964265558600892,0.21150619750605754,0.10841964858405917,0.4406957123997307,0.0949468891736916,0.28566818389487475,0.0861610387338176,0.21508212124525344,0.08297167826415484,0.20044728743277668,0.09206455227057041,0.6343562489922911,0.07777929199575895,0.3202965885818782,0.0680854875598788,0.26318841659626024,0.07466412533470539,0.21559345572273403,0.05752152902781398,0.46329415701877863,0.051862940876938254,0.35023424732655684,0.06087467764275663,0.24631272998409787,0.06792899240892522,0.20653426250054846,0.06570250622546552,0.5856842515421656,0.07196821855886171,0.3254967512636402,0.07538131848253816,0.23725655497783546,0.07382332106649538,0.21293932146441114,0.10931498880427123,0.43076050237716446,0.09305470306327869,0.30614192991401634,0.08444888457659677,0.21864006179584694,0.08117609198993155,0.20776144807110117,0.07693575127972703,0.6222072301629273,0.07450137179063081,0.31935047188827237,0.07035921741182424,0.24837514059252663,0.07313132411599962,0.20463350427857802,0.07257597734388081,0.4537809095640727,0.061761830566329175,0.3400780409938451,0.06395789821908363,0.23783854310624314,0.06839225768516986,0.20343517576871972,0.0636321093014466,0.5259506826656568,0.07057272173953204,0.32573343682910755,0.07015089330638216,0.24276566564869576,0.06986371556355235,0.21098236107044244,0.09073133369422785,0.4368039633924969,0.08376951338802925,0.2890555818175202,0.07823591602427249,0.21688136092520643,0.07788558243390493,0.20821914178546574,0.07490581051558375,0.6148142901217004,0.07203698969042076,0.3286826508270638,0.07039682094287444,0.25575237878939466,0.07377481789732883,0.20731436652215857,0.07175427209703591,0.4388572009314288,0.06176905148439367,0.3429112499578939,0.06477557883161762,0.2420437363110025,0.07016106430703052,0.20472476948271845,0.06443832216372958,0.545849794399208,0.0705386513925699,0.32209298104380013,0.0714158262081456,0.2382659370060779,0.07231600438519763,0.20630100862294193,0.08964005403303238,0.44479473099696376,0.08201130518605168,0.2776547143667532,0.07744771069291746,0.2096186231043201,0.07714776861782889,0.20510254953718124
2009-10,-0.0655945215379644,0.6514284448003127,-0.08430620016400521,0.3349437585711848,-0.08504504872084027,0.26271783304523344,-0.07340920366553796,0.2168555103769378,-0.07104360955384169,0.4861679034468932,-0.07976056901458277,0.36264457858403143,-0.06609891836994217,0.26524186641184533,-0.05709894689129277,0.2156662459512942,-0.07371446730283741,0.4887734670106164,-0.06660309495750835,0.33314842839248426,-0.05151057320066172,0.25235096051328365,-0.04517559475113039,0.19127984009560584,-0.053972798374389314,0.4772691502900177,-0.04983504304386708,0.3033936341306744,-0.03942343717924559,0.22250040222696196,-0.03591562291159389,0.18006810779511742,-0.07072652787831435,0.6590899371177723,-0.08640829822881688,0.35404146395538316,-0.08502414763872668,0.27121480424109184,-0.07467616679264151,0.2198427863102972,-0.0670098078382865,0.5389915222606823,-0.0800093945130044,0.368546565828363,-0.06629045414424638,0.2699294431889363,-0.05752141637700799,0.22565661964220401,-0.0720778123453478,0.4842700224612084,-0.06574353182842126,0.3374902270127904,-0.05335367127731984,0.2562329823747719,-0.04480574502145516,0.19737759783503733,-0.062040229064491983,0.48557147696417247,-0.049672505850475966,0.30769393333502904,-0.04035134024669176,0.22439301969470882,-0.036686412807873305,0.18019338282912722,-0.0671121433699886,0.6403072786726183,-0.07518382826172233,0.345612508501503,-0.07318682500939461,0.271436457569691,-0.06375857923368021,0.21982402970660297,-0.06922022930323578,0.48188179199269643,-0.07448081332227566,0.363825192634893,-0.061650795504085656,0.26357673619336025,-0.054331665114922066,0.2154722352974919,-0.07043859025783919,0.48180860642471873,-0.0636152730867135,0.34418957495419866,-0.05270422303269734,0.256504854651841,-0.04592403540383943,0.20554677053820816,-0.055360319815665755,0.4903237164715415,-0.050568063708327574,0.3092498819313458,-0.04114991388057885,0.22857427113784903,-0.03710873858449481,0.19127386368570176,-0.06898883639904821,0.6605184684986045,-0.07902993457938925,0.3547425782549347,-0.07490854892250012,0.2733765543994128,-0.06492177255823557,0.22092166297204774,-0.06377560201796954,0.46610560840587406,-0.07050604546134641,0.3726673449764133,-0.05958267445898311,0.2682743592974026,-0.05157097902018301,0.22252535024904774,-0.06969596041300559,0.4984392266145655,-0.06404308052941948,0.34678011949023746,-0.05211840070707329,0.25521354912950023,-0.045345400822931196,0.20323919725254508,-0.053055879586124004,0.5008862238851493,-0.04670579595341657,0.3155047406536135,-0.03776818968876014,0.23429526790133537,-0.034609816382708214,0.19992010771326563
2009-11,0.08599119271087756,0.6278779239201052,0.0867349763563273,0.3308920900527335,0.0879299866425125,0.262657510075086,0.08359768603749969,0.2333354698016296,0.08227901037457953,0.47137831227819316,0.08459991336589227,0.3177253650817562,0.07817020315410188,0.27792633998200117,0.07352815445289489,0.22400165163047672,0.09138364023168809,0.46317331131302913,0.09158929030566089,0.36852306657129685,0.08313750732735219,0.2780639874362848,0.0764341855518066,0.22750802057609365,0.09417223326475982,0.48691704928060336,0.0852868027364038,0.3626900140187504,0.07903363211108462,0.2715681932803822,0.07465268152757654,0.2140340975940105,0.07976686822470162,0.6043872827509496,0.08310555467413329,0.3232927665354909,0.082904694571512,0.2766023007889861,0.07845183299968604,0.22863747740254792,0.07586988932081674,0.49102328279777974,0.08096831548199275,0.31562454371154536,0.07499461883982361,0.27897785324988206,0.07033340454130038,0.21950821801941345,0.08704392317339792,0.4509611562858369,0.08784969841937816,0.3666555508642977,0.07882461681380624,0.28116767850551433,0.07370687180293932,0.2224064235394416,0.09240086466235242,0.4546576935767198,0.08426340167000976,0.3706743960473565,0.07497206878302015,0.2740278581225921,0.07102622493093323,0.21894220666737335,0.07818172893162507,0.6058732090965888,0.07529882837131735,0.3333047578144529,0.07401084255543364,0.26458667265748914,0.07119017308038716,0.22673690276669622,0.0732996362895679,0.43472517667871935,0.07595587489835738,0.31754524279518537,0.07134820615235055,0.26590316198987696,0.0688531150294919,0.219791775056758,0.07795358674639029,0.39979161217354486,0.07916490085334835,0.3339605444688419,0.07533419776622674,0.2645860258385754,0.07182608653764304,0.21032489741598084,0.07880088755455143,0.4630316190532231,0.07527202758247163,0.342775794508751,0.07212879390330909,0.25028748497779774,0.07031007623863589,0.2059838533435065,0.07821559473130653,0.6183135589179047,0.0735143189656047,0.3336585898713602,0.0729790512642071,0.26208746620832163,0.0684674774675989,0.22557471708212182,0.07344621066130923,0.4406561898168664,0.07923909777831213,0.3190650673840407,0.07375197510249,0.2669454973836011,0.07068794539027513,0.22099236360342867,0.07825917405201646,0.42212675310404435,0.07744335952517907,0.347401267406141,0.07450042269302248,0.2650747154116314,0.07091004603683546,0.20954690156548728,0.07740488575165894,0.4940450000633695,0.07378505708011522,0.3441803103746108,0.07018420313586288,0.258691912787694,0.06910535371570324,0.20863228217530533
2009-12,0.062475648314703085,0.6174597320968189,0.07255466117223834,0.34054350784205134,0.07478811431274503,0.2563171700826974,0.06912649225635568,0.2018382617234074,0.06804907763594444,0.46436048255050133,0.07102781325890184,0.3180752678423324,0.06769359584288918,0.25413866138367314,0.05905280525056229,0.195881757935302,0.06396780333110623,0.41220817465779147,0.06701117204700109,0.32749755385485957,0.05982948431509525,0.2338487719641962,0.05659020992137185,0.18436127389322937,0.06872200908810133,0.3909200992121369,0.06116202499384411,0.28721880222378565,0.05895149952592927,0.22604896393385504,0.05612885855781334,0.17672606372850708,0.06384089180117017,0.6140483775749848,0.07084534776011722,0.3383670280798787,0.07648147762029757,0.25664509352572173,0.07042772987008991,0.20117264629504056,0.07157655669958554,0.4697460033304439,0.07464187849250398,0.3023494202163078,0.07085617906916195,0.2459496119176535,0.061310105263842195,0.19107095778926309,0.06866775774116801,0.4263965378315562,0.06880244885210994,0.32183634544145356,0.06260196419177701,0.23303769113860506,0.05840311732191278,0.18554809173775189,0.0678296352425216,0.40620159261578703,0.061418520579359655,0.29242154289685085,0.05824932499323979,0.2190728807863358,0.055945720222420725,0.17955526684345224,0.08417895455697516,0.5593294830898883,0.08781156290714645,0.32739767394439756,0.08712122680301443,0.24630310290829624,0.08279900414956108,0.20068681862385782,0.08724261452592132,0.41755169101447226,0.08387038801872823,0.32216696099635256,0.08072458232888469,0.24470923649456044,0.0747065003791802,0.18850113327474108,0.08007511632738967,0.37752292979522495,0.0796539051930694,0.3145775883832035,0.0745470879093284,0.2386170927043292,0.07201752469279205,0.18512919651878892,0.07741749109030208,0.4258916818378478,0.07354057999013784,0.30440608658188717,0.07242163763778496,0.22946269300520078,0.07165953627065658,0.18172228690834813,0.08212451351376014,0.5811084999277645,0.0861792725118832,0.3318447288073728,0.08738163917385647,0.2509990898588378,0.08484094398287734,0.20114263376093527,0.08371986936565509,0.41041676417312595,0.08402361530368291,0.3092859153856663,0.08311160171250517,0.250792433668784,0.07625369494359317,0.1913734588391869,0.07873123551111813,0.3571543054900619,0.08138950649079685,0.3145563684318965,0.07524066430709443,0.23968905231772042,0.07336157732494511,0.1859106078562021,0.07427216739835182,0.42737134388839326,0.07253946093460033,0.3043746653308852,0.07048214319973849,0.2298167245249625,0.06915091982078815,0.18325810313945193
2010-01,-0.04439172657423123,0.6102970813145061,-0.04244841341786933,0.32973210848906254,-0.030050623334827296,0.25471461799280315,-0.029779827147015225,0.1978613072899696,-0.046486016840747574,0.4417294885799028,-0.036202647385719176,0.3315030042483977,-0.02900257861497204,0.2562531768303028,-0.029327879393826403,0.19637212230477732,-0.04812317545458273,0.3870232728363956,-0.04289541041979707,0.29900992146125305,-0.03366530320360346,0.24248309043211502,-0.029798238499549875,0.18838668977941736,-0.049074878539997036,0.32740996460756866,-0.04151604841840807,0.26213693050930875,-0.02911864200225839,0.2234227224070476,-0.02772495265237043,0.18073370020467355,-0.03778857695358654,0.6382214270382657,-0.04185698736852759,0.3388435040202743,-0.02927906105327282,0.26167094739942887,-0.030354205043817528,0.20046749081567472,-0.050136173631134776,0.4908842028046716,-0.037464945408971474,0.3334564815425828,-0.03174990377515728,0.26528521188516363,-0.030656246288094265,0.2015892834113971,-0.04991998818130027,0.41872905553150563,-0.045503822081103526,0.3082310352314164,-0.03797089386310694,0.24806587063696717,-0.03439115575506846,0.18924256175892032,-0.04578122213555871,0.3789472909841604,-0.038432770712888475,0.27534181898707233,-0.029461046282501815,0.22906569916550348,-0.026964865493200617,0.1850353168828698,-0.024985938384685352,0.58030949067979,-0.020140706591525948,0.3300486801893271,-0.016882695827870435,0.24006022739394434,-0.014843573934952245,0.19928710727421378,-0.027921870910301124,0.47161508666978635,-0.02354558680763966,0.32469891568616827,-0.01635082100835301,0.25832463771325975,-0.016152496238470145,0.1981105709947329,-0.033141203142666366,0.3969245126153327,-0.024904910615222882,0.29350537915750174,-0.01892857374803869,0.23526266481314928,-0.017510442432861262,0.18473247459141542,-0.025418616657867488,0.38423497512586124,-0.02068990805436608,0.28986867199628874,-0.014036283893740252,0.22845621875060612,-0.013710750077848359,0.18586895025709438,-0.019995786443201633,0.564623557036441,-0.016346170426133448,0.335024329412088,-0.013362594350130624,0.2395683602563806,-0.011936437015141287,0.1974178503769953,-0.02767082241853224,0.4775078493613729,-0.024201321560181763,0.3183817645754382,-0.016389753320439064,0.25540015196851207,-0.01593324292911593,0.19640651012670718,-0.02639188477375482,0.38752452729440456,-0.023048102741236975,0.3080980699484678,-0.01814020166308348,0.24075909404635532,-0.017061229134605588,0.19005468541245227,-0.021287097103579296,0.3851725867274287,-0.01779364446558179,0.29703321985317827,-0.013232714164753266,0.23049158203523457,-0.013196435172513177,0.1885110355767629
2010-02,-0.045430008769694545,0.6426971598136715,-0.03612850741004722,0.34719171776311314,-0.042653060623631195,0.2400091136891636,-0.040133055999918114,0.19843381071887434,-0.02789121063671144,0.4619127542060344,-0.02826813048136415,0.33278416491851825,-0.03429364987347494,0.24214470199460214,-0.02918323209024247,0.20810448635556367,-0.02297190041980948,0.3457404153955912,-0.024084889447242422,0.2806946701675794,-0.02490208128415303,0.25116085662200494,-0.018163438390040202,0.19410811002637146,-0.023852528544041643,0.3824032384814299,-0.02028455316554168,0.3125332305112516,-0.015714675979185678,0.25508649105415904,-0.011079964866743081,0.20275052513525355,-0.0447295733152419,0.615138994803828,-0.035344970864143684,0.3527950035722934,-0.042399242323143474,0.24426290832714737,-0.04042616202183928,0.2040613627261384,-0.028989649834493328,0.45763965584992394,-0.02962347188623857,0.3435756279757185,-0.033787629475421695,0.24625073019757648,-0.030603602127687757,0.20901504114463748,-0.023824796770923636,0.3626426048869139,-0.024133999923218283,0.29726262602441494,-0.023965127426884444,0.26039117564975056,-0.017797302398757,0.20238350957591422,-0.02565170907549387,0.36408021615949737,-0.02051850483792726,0.3154854318278331,-0.016620607341080503,0.25868739676962416,-0.011319001728667498,0.20533045328110827,-0.0316529854042028,0.6488419060164262,-0.026514844504965874,0.3507743409235917,-0.033305844023974185,0.2532767307871453,-0.032826379387196604,0.2090705493940484,-0.024827319859068473,0.44471405175332734,-0.027231140687083277,0.3332163176537313,-0.032930449571637994,0.24585692320649843,-0.029685197122378656,0.2120301113133298,-0.026459777754518177,0.37627069905027105,-0.03137677439447132,0.2792173239154099,-0.03200172139105886,0.2495261537547545,-0.02580958627371995,0.19755989585088465,-0.03412567666945969,0.3481410763586643,-0.032017571369052644,0.2913274880837854,-0.028629731789382863,0.24567947058885486,-0.022857885169276428,0.19343402194547005,-0.03693201666962493,0.6336641956442779,-0.033553081706845005,0.35810127544235243,-0.03756637380798416,0.2526417043372129,-0.03796112038094817,0.21553574851125645,-0.025390275001477933,0.4720895918416781,-0.030139679902443605,0.333115415687953,-0.034501050391301386,0.2526402957517836,-0.03093963407159824,0.21720025700394144,-0.02805140581942811,0.37557355576622864,-0.03266337530603005,0.28861074211290244,-0.03222888145996687,0.2558784247886279,-0.02665114270626571,0.20093550413534705,-0.03168506535824105,0.3758244971315218,-0.031502866003891995,0.3015202205386263,-0.028284047439859194,0.24452474513686845,-0.02278349010619789,0.1933153592638714
2010-03,0.04297640861833784,0.6697149151912309,0.052218831209939386,0.3233775896897602,0.049758659115484175,0.23743681046036463,0.04837312693805771,0.19311395666100287,0.06723433979951723,0.49067785420786725,0.053175757014959656,0.30182170509253003,0.049616365977135264,0.22558732406082987,0.042926008710828245,0.208879244677933,0.05811869161374334,0.3365902329142447,0.052084596916728725,0.2423259176699334,0.04859492648075255,0.22439935959977775,0.04354527811888598,0.18562771212361323,0.065710965740886,0.3729495507710868,0.05008118144575167,0.2775305804037358,0.0482252153714,0.23629341749383315,0.04378341193837769,0.1974092407240639,0.046330051355192525,0.6721068421928411,0.05116875738009178,0.3453252563486633,0.04792901457282698,0.244827033207566,0.04842959705488042,0.1993910758532709,0.06347323976745724,0.5007885326848618,0.04937549858687101,0.3042026248742088,0.045974705714205574,0.2238645241550415,0.040313743053154695,0.2049263800436188,0.0617340771761438,0.3512144723579974,0.05867646085990539,0.23909814498295165,0.0525896128817078,0.22804323371908758,0.04672607606331471,0.18950460639510114,0.06027172371408317,0.3394790105057522,0.04877635876863633,0.268371236365268,0.04802711591162029,0.23248680869227517,0.04381990578686566,0.19700546226900817,0.05003212549989659,0.6382444749546923,0.05293909689157606,0.32759481678267505,0.05230404939429339,0.24197033397544468,0.05443317421392996,0.190922322803056,0.06420422345168997,0.45726097794201015,0.055835587053835296,0.3182237425732372,0.056158837927530784,0.23098409711385876,0.05301649778178497,0.20734583705493456,0.06378448357096118,0.36125546276985865,0.06284078472926632,0.24382288845611202,0.055178239991305354,0.23172995153547027,0.05048804807454459,0.18968303352374236,0.06935292953778587,0.33368907149836957,0.05686254433594484,0.25974064748026027,0.05494220194829077,0.2274115681766209,0.050501614685550957,0.1966566675660042,0.047977650737182784,0.6472593061258166,0.04992544528027473,0.3387927143804102,0.04723001246066902,0.2486507399993479,0.04816576983566169,0.19246961175657762,0.05852128975021854,0.49211553874747044,0.055022651533552604,0.32073024749888895,0.05412576937286202,0.22742121458113448,0.046871976407104846,0.20669208905399988,0.06274195970827469,0.3751969659873814,0.06051650758556161,0.2409955352497587,0.05396067787396136,0.2354990098773073,0.049510375337126315,0.19245236297521723,0.06875133095483776,0.3167041935435222,0.05400275455913998,0.26412460307050434,0.05097943877695691,0.227983815956346,0.04651355012208278,0.19684871083008448
2010-04,0.05474509810773016,0.6225316364871905,0.05474080453612706,0.3323826444866963,0.05500774352659734,0.24693506329736498,0.056403660968405885,0.20399862854858694,0.05168896278705867,0.4860481644378245,0.04817466598186,0.2852064262431796,0.0466214146318124,0.22979614577882201,0.04164188605769527,0.20250586067979415,0.050334352627693126,0.37149791958191747,0.045383207071087235,0.26501381188538375,0.040392428751086416,0.23166703288168145,0.04260495306180213,0.19540580274854893,0.05611834209727309,0.3366483573330322,0.042865804949154714,0.24736787661645454,0.043969478510270624,0.2166586979251584,0.047023850619635627,0.18699048813143698,0.05230648656638794,0.6252592296664155,0.051534664687567816,0.33328272492495087,0.0543286047229713,0.2536985577883552,0.05517603633859038,0.20584622478905124,0.05115905912211511,0.46778453885104293,0.04727414625451308,0.30021859268073364,0.046816541328107066,0.2207315905089647,0.04130176612453087,0.19917466238377146,0.045448486456179354,0.36958471794061204,0.04446097158427037,0.2594151318730744,0.04105989526868126,0.2209967429481562,0.04306955828715137,0.19091180264042193,0.05541938000193465,0.35211399306592106,0.04226754263809696,0.26860088529822623,0.04403547706550122,0.2149278069647495,0.04548934308332586,0.1884818097423423,0.09466596274186935,0.6178220662986471,0.0994452993282751,0.31794698922275977,0.09187324437315145,0.24715301167090803,0.08714643795278534,0.19747617448510119,0.10609494212573518,0.4542715566323233,0.09782290065290988,0.30150288105507167,0.09026515085927511,0.23885168729599623,0.08298868938192212,0.2100151630983993,0.09519385279011064,0.3740820857321212,0.08786091410551626,0.2657560026485244,0.0795399006121076,0.23210572246597772,0.07520868211759373,0.19766770577748305,0.08642735227211466,0.3373235849948012,0.07918534709483149,0.25214907439157896,0.07633558439292142,0.21786298275609955,0.07265737101491157,0.18201065635037955,0.09793096971381567,0.6084079702024414,0.10198726308717775,0.3267611907596048,0.09579791202903687,0.24659135736817434,0.09098275743603251,0.2024557189258329,0.10804057749331981,0.453334895792114,0.09821899494853938,0.31033842991014116,0.08981995152595154,0.23259535541494308,0.08221151048855124,0.2062499279187403,0.09567421274956414,0.4103260791500253,0.08407984118201459,0.2754039487451804,0.07529533662141592,0.2352969021877989,0.07254031824032972,0.19435788712669277,0.0884978681700227,0.32447595177375366,0.07687491667980079,0.25636515780772257,0.07474261500290931,0.2159083720722891,0.07064023090302021,0.18383637654414975
2010-05,-0.06260482288192441,0.5958332740655928,-0.0759812948398617,0.32202755166955793,-0.07505378885429213,0.248569668293883,-0.08014655717672547,0.19423094709070554,-0.0766093873701515,0.47198757773296274,-0.08037137498270225,0.316337603311007,-0.08601026402283014,0.24218371310396813,-0.08663424731037826,0.19955588156547546,-0.08364395992353689,0.414234693657225,-0.08497755363667599,0.28762614965442623,-0.08584136851265001,0.24475606036519795,-0.07962593403044142,0.2134355776134536,-0.09864688298255482,0.41112267222995535,-0.09094154586521651,0.2799744336458665,-0.08056396771552553,0.2438386676735772,-0.06689761796798074,0.20768320424552245,-0.0648478039054082,0.5847705717419851,-0.07557482201211897,0.3298192060413866,-0.07709742193872343,0.25805045284752415,-0.08291729765045396,0.19660812159522512,-0.0751205581773135,0.4828581729048471,-0.0823547028946622,0.3236904989041809,-0.0873390525391191,0.246236349541104,-0.08824633276756727,0.2071764832436106,-0.08571688356188213,0.40142637908183737,-0.09258542298360566,0.30249139720437873,-0.09154068915553722,0.25667848325093723,-0.08519291125412161,0.22253439106870485,-0.09347522680384722,0.4062001557123065,-0.09035685394387556,0.28452550350471406,-0.08163429952771102,0.243458048720965,-0.06770951321562647,0.2113467274651954,-0.06754451411670365,0.6023561644734059,-0.06552989238861066,0.3202595666068397,-0.07043381806239234,0.24669931608932316,-0.07547064533754244,0.19481475401388587,-0.06527254059888561,0.4815377495428156,-0.0672795749864456,0.31428096701635055,-0.07528866878002954,0.2425609285729716,-0.07694881120192945,0.19929240866401557,-0.06711129200719236,0.43056830048125605,-0.07697939894209076,0.29750973316424895,-0.07900711743379882,0.24739845865619225,-0.07440127564466704,0.21366035498151062,-0.07674694825467232,0.38787739945112765,-0.08043002182730735,0.26163345782555303,-0.07437110438750341,0.23829244059702426,-0.06589069388359672,0.20466417649691046,-0.06005654445182597,0.6032756013156401,-0.05816635744774263,0.3330900096076424,-0.06484734473306686,0.26152905759318634,-0.07134944232267182,0.19642188751015646,-0.06827159619848999,0.4908199390902419,-0.07202991875700542,0.32269408849190956,-0.07957821787429736,0.24852275924651818,-0.08009667751889636,0.20715484142584306,-0.06806636898331021,0.4063908191679094,-0.0772938937001197,0.2895971765688745,-0.08068930504132832,0.2481614406630478,-0.07408847518041664,0.21362347878605523,-0.07588320168680637,0.38877868791786196,-0.08017456052373179,0.2672685728615932,-0.07269505350854732,0.24022935538673784,-0.06405672335707019,0.2017853923432293
2010-06,0.06557253822173309,0.6210732225737323,0.05488509795270547,0.3324115064281774,0.053898557605340784,0.24362443285616747,0.054483476405450475,0.20700886607954963,0.07244954804450927,0.4574526667287453,0.061591118809404446,0.3309441357311188,0.05905857627967485,0.2334189702326382,0.05635219423016932,0.2027974714286634,0.06388571892717862,0.49338136170613506,0.05538981935631925,0.3123520885964659,0.05040395192643104,0.23964930672656215,0.04939836439121851,0.20319664121492542,0.04970762376183485,0.4144867317245632,0.04518325167256017,0.2748751393189016,0.04729799734477427,0.22318239636965262,0.04998000699015239,0.20135490329796474,0.06739330197464607,0.5950491831117803,0.0573311480906265,0.3380709885519723,0.05663510721425166,0.25238865166467506,0.0553171226224373,0.211771832975051,0.07335067905912812,0.46249241557586473,0.06342719516351485,0.3386457921085497,0.06057851664846207,0.24100562759035243,0.055868644103698295,0.21176781041812837,0.06718928317291117,0.4645177406378438,0.0593867800621081,0.3075404228696814,0.05181118136994059,0.24723663719151642,0.04945653417371252,0.2197259018927182,0.051346667486698076,0.4610719223810613,0.04673823132795793,0.2928170538981586,0.047700409255073156,0.22058574909963594,0.04880966866894022,0.2115884182074538,0.08370833474655162,0.6121988422589695,0.08053695085297641,0.32751035941856443,0.07928417273435319,0.23852530665811772,0.07425454056050772,0.19681798361900443,0.09312681036263584,0.4447692647806225,0.0859998498033253,0.3099319263015597,0.07862203781019475,0.2208750225512582,0.07197062945076277,0.1965100923932228,0.09160948643374726,0.4089393180425087,0.07706401494023156,0.28723455404230924,0.0706139062533671,0.22083244858211154,0.06682820714674577,0.19884906980169775,0.0666521342597638,0.3506167783267118,0.0592800208637612,0.24226277526547646,0.05997742488937781,0.20469400763534043,0.06154223874029442,0.1895194293182434,0.0860109400121212,0.6042273165494126,0.08345823818860564,0.3228911736738165,0.08066298983583702,0.23962311141227502,0.0744170881314615,0.19777589086095587,0.09440063424811894,0.451749890440852,0.0869140672922908,0.31090056791864246,0.07776961109665703,0.22516680597565328,0.07043530687410306,0.1969725974232498,0.08560323048751224,0.40389781714087414,0.0754973944615089,0.2885849546025469,0.0699035970774402,0.22051711022116643,0.06522475910450033,0.20111049040190454,0.06922464679652114,0.36826910028259,0.06322576075261753,0.2483811048529846,0.0621481821935147,0.21105293518105656,0.06291134111858523,0.1988917474716914
2010-07,0.03108503644255231,0.5439438567031338,0.026111969400844728,0.34721225459751237,0.03452099504064637,0.23676768436983953,0.03319329360148145,0.20393664560074956,0.037012400495486784,0.48494066248966183,0.03255152557075487,0.31732280269411284,0.03389627777547767,0.22495853486781586,0.02890394887664274,0.19348767310700418,0.04541418760598861,0.44703651308383685,0.03741076473300283,0.2936958533833618,0.036739091378702474,0.2266598626494452,0.031194844924595774,0.1929192103914622,0.03143185217141721,0.39042528689525136,0.03104193670093495,0.24345290878357342,0.02937246805556557,0.19299712678774406,0.028204525527364296,0.17877976330252499,0.033166446285270414,0.5815753611954917,0.03098677145912221,0.35056888917771944,0.03726592157247789,0.23196268915583496,0.03516107591524344,0.20075135104292932,0.03961403211933211,0.4920083204075304,0.03254152759926623,0.32816179501394266,0.032926834404672214,0.23607835768117338,0.028927150695254058,0.18702777377214722,0.03397215741048725,0.45474570959967436,0.030007165913272973,0.29658435663115584,0.033177189519948524,0.21986435921092695,0.028090754599863044,0.18266130083612198,0.02844997076290908,0.40553283863020095,0.030583144299433693,0.2639694274398815,0.027604947617839343,0.2120874788285006,0.027953273608986175,0.1874069231625718,0.04329147037456332,0.5803624324830903,0.04895935135655014,0.3183797169833651,0.054225138087383634,0.23548054778220093,0.04791095854800816,0.2025126347423401,0.04478181254783359,0.42903218069403226,0.04987064678309259,0.3008886314672901,0.047515229661983606,0.22960135371720522,0.04245052497314085,0.18405719667988568,0.05881908390949954,0.36090011497262053,0.0503718344981756,0.2605648118952939,0.04688474077767948,0.21251741684903241,0.04012733317869188,0.18392548813996135,0.04294679441005173,0.3549167247098487,0.03966898384848198,0.24476899892741233,0.03697691379308013,0.1949650431576232,0.03527957314242014,0.18401211000718112,0.04186537787701147,0.591010054783171,0.04771800969499569,0.31976685832363033,0.05101458637577477,0.23602604087425022,0.045680215923415264,0.20456127481097025,0.049813564213759126,0.4262517229701094,0.052484131541942564,0.3018270202060929,0.04861397752437084,0.23429600233143244,0.0433239016616466,0.18635665709237964,0.055778410839520655,0.35682740277278396,0.04824556940843894,0.26610156650477446,0.04503619025249296,0.20984782490257758,0.037635527613837566,0.1791887985339359,0.04322376643265427,0.34016143385167535,0.03845442777493635,0.2461904078384386,0.03636027547384906,0.2045793036363462,0.03465079899144641,0.18662584084970874
2010-08,0.05330642764488329,0.5616124987818212,0.03546260143869067,0.3246609843610454,0.026261582499829034,0.24100592721747804,0.026991536422826687,0.19119268565687353,0.03617068256599382,0.4383497651679613,0.026517442452967593,0.31145259531785313,0.02627357626427711,0.22524776864177573,0.02077948612276675,0.1829694334228866,0.03687350667191297,0.48736781713189364,0.030656554015721205,0.2950806720304743,0.02485185420915727,0.23626486201148253,0.020350282606722878,0.1878983506882535,0.04349853154099652,0.4476343202837857,0.031869597810959424,0.30502373605346755,0.024983859319216074,0.22997340600805422,0.025611247090618697,0.1865396187226258,0.05507319222024462,0.5795521769862153,0.03490530953586201,0.33430730483341364,0.027205477709933423,0.255160705547121,0.026285396559284385,0.19876069847032263,0.0336220109305424,0.4298491378597872,0.024925242742415383,0.31750326768685655,0.024845417764706,0.23182280687393142,0.01911386676917809,0.1845415604696694,0.03644275484327424,0.4619897793601297,0.02668279714394934,0.3023616663437831,0.021854045559153698,0.23667094346932271,0.016945164890337934,0.19011580718438637,0.03977433531894973,0.39219757782283154,0.029442304171846838,0.2925914902968789,0.020657182107211416,0.2288935233461587,0.02154884317116041,0.18763084714573908,0.03625512787152194,0.5756154643155946,0.03486645724746109,0.323290211297165,0.03444989938934355,0.23343770091966515,0.02948700041407337,0.19707805393875688,0.034205854232964315,0.42963944668251747,0.034336729757387115,0.30014203304569764,0.03144785034064479,0.22609436020055332,0.024069770308200213,0.1887281167398654,0.03359799695662408,0.38686291891999774,0.035855624539754265,0.2796068989328931,0.029892116168837173,0.22659551547203782,0.02511165744130072,0.1786626675684258,0.03835401925303295,0.3911281449693843,0.03714630127198765,0.2655029962891239,0.030715940153789326,0.20446946009966843,0.02865172376928301,0.17943907647428756,0.03069544367587662,0.5772185319903966,0.03423759017167811,0.32445023587776645,0.033048720882341065,0.24369451140084125,0.028139023517890993,0.20191131117820815,0.034316145120904654,0.43885883296455497,0.03481898839433271,0.30044733729255796,0.03152279331315184,0.23029717682556416,0.024791941456518106,0.19282072118373578,0.028641652303205246,0.41514630020574017,0.03144369214771931,0.28621546975705403,0.02728461917657249,0.2230637943893763,0.022036761802522124,0.18422630032911755,0.04112517029442839,0.3817151063918328,0.036184971536532495,0.2713720483861994,0.029875106037646513,0.20948545200255994,0.028152277243313602,0.18454744538792023
2010-09,0.09796755373353758,0.63821933055456,0.0897392812924743,0.3408342023322888,0.09431446699973886,0.23978193650775914,0.09668222886772089,0.19766338507376535,0.09424042560696073,0.456580408004146,0.09172339721814558,0.32947376819653795,0.09529982311309426,0.23796778497738477,0.09568966882996899,0.1931666156339119,0.10219143590697843,0.40304826278167016,0.10393827424917934,0.32194874615099084,0.10616820446586131,0.2392879853657508,0.10003221920856599,0.1944324910521225,0.11971754063800231,0.45136314544901407,0.11476139229139277,0.3200378315226735,0.10204453384051301,0.22565290133942922,0.09746019508230244,0.20266004076312982,0.09862189677498727,0.6526194888824701,0.09081061039232437,0.34897775488231797,0.09543643758073186,0.24763543212097727,0.09772428918844855,0.19783208178384748,0.09645728338349355,0.4870392477784436,0.09306594081809824,0.3303518442547837,0.09707847274075676,0.2421986774833858,0.09692522092124387,0.19745873207941123,0.10286995947159894,0.4520034543705653,0.10654246097765473,0.3244687595175447,0.10866484976761617,0.24809935924193144,0.10157832976683306,0.19947311451099742,0.11802610250912561,0.4506934577559679,0.11531983180830935,0.3183067028421007,0.10103966522481451,0.22542214661602694,0.09582988416623797,0.19704702255734957,0.07070458703007725,0.5868390509830835,0.06743831194703494,0.3129005815919873,0.07492423565988361,0.23262502720398964,0.08099812120309283,0.1893697387445277,0.07388859591240268,0.4166733753906159,0.07030134168847034,0.3075844057577118,0.07950354358452441,0.23249678122226125,0.08294929221173783,0.1872473845761646,0.07464369950464832,0.36839036883048226,0.08319643103183923,0.2824935589570411,0.08730145022164718,0.22748108773178805,0.0841392014888389,0.19009638411720625,0.09061221786342712,0.4059630390784957,0.0926065124970269,0.2744328162358105,0.08762333080119206,0.22046499412118908,0.08711477916577869,0.18573903822492555,0.07144519567610004,0.6149506637966724,0.06888171382250362,0.32324050386224507,0.07278941369802466,0.23958420679036785,0.07895869964199537,0.1960286507109445,0.07554985194963851,0.43398621768844226,0.0730159056232648,0.31542060080153644,0.07688378427777173,0.2353585016171732,0.07971056081337144,0.19339074349398913,0.07739387328609364,0.37960564623364723,0.08703544436181518,0.280423451135832,0.08889995309480404,0.23120792144085853,0.08571431480001704,0.1871263847641415,0.0905061977518135,0.4037508771552819,0.09344588615118173,0.2752393672490221,0.0882753650593416,0.21543985445175184,0.08883619011107068,0.18428038982053985
2010-10,0.045954105145596856,0.6058458486550615,0.039952066007733135,0.3340913373246972,0.03613960347035774,0.24589661579673944,0.03238912010200809,0.20161397050476323,0.05329411913219091,0.5260009639472168,0.04088989047584125,0.3511795217843616,0.033242774703771474,0.2600534787353355,0.025098341745801882,0.2124782426038992,0.037149425256318425,0.4843126801978058,0.027452127230416394,0.34933142370761117,0.01868356034065747,0.2574367934954708,0.011663756750172503,0.20127160965209948,0.04290266229191245,0.41802555047560247,0.027799441665364584,0.3215982215618667,0.021422461211302077,0.21835877183546915,0.011828717595677902,0.1796055611078166,0.046353532486516566,0.6018187110326856,0.04159438943877291,0.35559154552130723,0.039191962533755474,0.24728118465887755,0.0356654219779194,0.2068121336942196,0.04523825133274536,0.5175768286795632,0.03945518344696115,0.36310703976715886,0.03286355147552853,0.2707479352557126,0.02615617572081373,0.21870931881610456,0.03538788685109402,0.4974540145100546,0.02731398452306572,0.3508371954331553,0.01789039295232616,0.26226726687477064,0.01248941916176594,0.20311216809851115,0.028901879553515634,0.440112324666,0.02083951144305053,0.32022713163439115,0.015028982343762296,0.22135020436368547,0.007076482185015072,0.18068192381221487,0.033238717562488626,0.599181845408989,0.03796645037188098,0.3375262541953129,0.0338347451715756,0.2343104796522001,0.027150716975139093,0.2118858203959208,0.04518679307075249,0.47548837746149686,0.03617596356326065,0.3136929513821587,0.029524519485494064,0.24378333263629276,0.02452836505405376,0.20662237618704193,0.042826096292505667,0.40206097537814045,0.03304807169347583,0.29751416856459056,0.02538062585165776,0.24413878321371535,0.022553300520169933,0.20671340312722392,0.037584421500335786,0.3841063686844464,0.02777617945637844,0.2861273902672917,0.022735728085859594,0.2281979666157054,0.0163654366229022,0.19521031343361356,0.03353985125143589,0.6085966114725684,0.037465336628658544,0.34311019352017785,0.03438397454347037,0.2361374653683508,0.029324514643084557,0.20809010566427416,0.04493902060427665,0.5206764655579497,0.035562689451204964,0.33405268565602897,0.030235792378258415,0.25941888250147926,0.025371278774069646,0.2182831727520323,0.04057119822799648,0.43537405726514594,0.028597042514776422,0.30101539363849994,0.02256857426430431,0.2499298265810761,0.019016330243924445,0.20731592803180865,0.031192024999171918,0.38554423171563446,0.02396346246391852,0.2863822863797006,0.020432632419441193,0.2276782663828853,0.014821237587801387,0.19495950613158833
2010-11,-0.0773025338722349,0.5994058936378157,-0.06773756331053694,0.3019735344332398,-0.06330687466145095,0.22750656394576807,-0.06629501197720711,0.1769087110985651,-0.07121091924167526,0.48985949604400847,-0.05727012934263712,0.28304773639709113,-0.05750907124532702,0.22738556156817524,-0.06150292095550073,0.1818998672181401,-0.07204115553474429,0.40340494086050066,-0.055519707679186556,0.283337128387114,-0.05749863650040205,0.20669050932059102,-0.06607387393851771,0.17915733890134058,-0.07534025474677726,0.38284788938137226,-0.06518668883504919,0.2743953167875942,-0.07285652904478512,0.21078585222537316,-0.07708434502793572,0.17653234228070008,-0.08389740629993134,0.5986445579226307,-0.07615185813824676,0.311422979686845,-0.06880824811988463,0.2312658561826918,-0.06996346917238773,0.17540245811401767,-0.07525995055151487,0.5126871390765455,-0.059992967013800684,0.3061463231529583,-0.05852507528215291,0.23018269795889368,-0.06250579107651782,0.18602942483735307,-0.07550701287272553,0.41784349015524214,-0.06217609114757641,0.28601300824720277,-0.06348151074039167,0.2170852574624814,-0.07086273464764371,0.18298526215581074,-0.07788274423910808,0.4139786677196493,-0.07018022769703484,0.2781895159821142,-0.07639232209846379,0.20727893893674,-0.08149407663509677,0.1790719877536759,-0.08592123127731575,0.5895531005297734,-0.07961558170126709,0.3207102788811048,-0.07492311375948997,0.2273105010781441,-0.07549432515835278,0.1818901009990228,-0.07957152944640981,0.42937212807671554,-0.07146015401204976,0.2944669398365826,-0.07114258757776432,0.21919834590616766,-0.07099433190827456,0.18507327754612557,-0.0816573885160738,0.3883237754372798,-0.07252754928488597,0.25290348523329464,-0.06828239788369267,0.21244705017341353,-0.07150070659582897,0.1776421465458341,-0.07641965599540224,0.33579331413001867,-0.0712347853907271,0.25515959921025744,-0.07266363557809899,0.2005458410225659,-0.07525535245266271,0.170907310472996,-0.09000501452577928,0.599844683447297,-0.08171940826029317,0.3273530696408813,-0.07559163288778177,0.23690899502018822,-0.07514975434881911,0.18143849183886368,-0.08331413968822793,0.44448559257506604,-0.07327768398406702,0.29588272524882375,-0.07318132590843568,0.2249734762679928,-0.07199098227833575,0.1915215023416679,-0.08060944509477347,0.37400620046619126,-0.07239617034529247,0.25014277875854674,-0.07001282098746842,0.21410778073958633,-0.07452211984779147,0.17714205457940468,-0.07878296150514322,0.3587286129257841,-0.07239585082025662,0.253077888833893,-0.07345673898734845,0.20428539496367193,-0.07538104619276198,0.1720736303786476
2010-12,-0.04315309235638219,0.5706125226250751,-0.02860174626737401,0.33266507704899373,-0.023725069989527284,0.24327437227691168,-0.014370670756110877,0.19167690952469602,-0.03443574311976179,0.4351469791431938,-0.021451609974326748,0.30692290416015466,-0.014904862149554252,0.24150445043821328,-0.006051409200244691,0.19139082112713496,-0.0385507548359467,0.3806481629530888,-0.025321135817783887,0.27979766835116016,-0.017879755996574445,0.2290645023935104,-0.009414804701133693,0.17860665504363002,-0.03904026378586559,0.35235775751223297,-0.02525007240443817,0.2672635759219074,-0.014653221024809681,0.21585527858854436,-0.0040891807484849,0.1804954621382759,-0.040190776980782626,0.5833941744005614,-0.025487461347782982,0.3302114178018697,-0.02019476664907162,0.25423188743720904,-0.010578712963777647,0.20447507269382764,-0.03247906118571227,0.42752209981901046,-0.02149753885012551,0.30395571366640606,-0.016500765757228864,0.23284284617684584,-0.007544447373761104,0.19576642680265244,-0.03910446699404109,0.40151594622340636,-0.026256935492841197,0.29137296756654324,-0.017303317510792424,0.24123877088583445,-0.007669436322891805,0.18509224844610767,-0.03686091373563551,0.35324196646080996,-0.0218486602970747,0.27311116531581936,-0.013232941340556465,0.22218510226050586,-0.0020821782078952454,0.1819334578103909,-0.018388583268319752,0.5885984440399025,-0.011003965311160623,0.32914215673913133,-0.008209277425139785,0.2446545763519159,-0.003666473802814295,0.20044964436842286,-0.019621882041063212,0.41339997189134986,-0.012845145575451366,0.3076655096598159,-0.007899191617809241,0.23335116359480304,-0.002936084033986288,0.19741455419355716,-0.01601759326833029,0.37206714904345495,-0.008670046074352745,0.2632894449458052,-0.0069719964827333085,0.23732946173860217,-0.0027067885037250364,0.19108096426483645,-0.009873639719480224,0.3192539537783694,-0.00832232677149694,0.2688453274825042,-0.006144535492663144,0.21454112177857043,-0.0009614055231378766,0.187503769592881,-0.019900951942263295,0.57881970591966,-0.008395733263764355,0.33457966017439794,-0.0055745605062003135,0.2491236408669304,-0.001644832443196269,0.20266366531013844,-0.017707866078775985,0.38842250592599104,-0.010735780901353204,0.3035274665931191,-0.008263330298900381,0.23186286912415496,-0.0036308010841766512,0.19728866644814225,-0.01375982803585691,0.3673617519154042,-0.00661796177537507,0.27748309893763345,-0.004967144108552199,0.24258022649004557,-0.0006771781857174583,0.19164586121813537,-0.009236447751791381,0.3392241759218285,-0.007963565411095982,0.27577414290482793,-0.005736658040411666,0.21926858681670613,-0.0008217210077659119,0.19068487582493807
2011-01,-0.10685092302864434,0.6046416090651039,-0.11073292627588871,0.3414723123661766,-0.11156120907510467,0.265267747071559,-0.11460864314125147,0.21973037979338692,-0.10040347915735044,0.42024445889606166,-0.10547621220393633,0.3238975599461301,-0.11216162536260975,0.2583198239160894,-0.11447593037342245,0.20435572930766827,-0.10220950605401175,0.3681182935333886,-0.10516358391702565,0.2949174285319315,-0.10809203691273377,0.258491027197426,-0.1103802695055171,0.205379480962261,-0.10401065724302973,0.3644097760692013,-0.10849296194957378,0.30706013358111695,-0.11363539070175394,0.25688713484604053,-0.11991911113217672,0.2129913286255201,-0.10420390345913119,0.6187167661227972,-0.10785083796938486,0.3519004823014673,-0.10934798127053648,0.2597486417174063,-0.11456610300444868,0.2153831391309076,-0.09969067687817341,0.4509926675166045,-0.10879429852417703,0.3344479835838859,-0.113225837579368,0.2625478551267702,-0.11529188037507525,0.20655612171934312,-0.10151835137537636,0.37739003575019325,-0.1062233402023285,0.29820998858189285,-0.10972792967848564,0.2528350326584484,-0.11252637126870324,0.19950856576130777,-0.10267229455595864,0.392636744822628,-0.10987134564334829,0.32057443310748146,-0.11375359117341613,0.2559498970837817,-0.1189458385141268,0.2157129522272621,-0.12004009632739866,0.6060779755597454,-0.114556165191337,0.32965573471276005,-0.11568147246681997,0.2433766529648836,-0.11572362379788816,0.20491489507183996,-0.10397385855782952,0.4251284780775896,-0.1108150813468087,0.3206923933525111,-0.11467422648464723,0.24116626941589375,-0.11490961959226965,0.19014102282235923,-0.11417794881635199,0.3718548881448518,-0.11316107963630705,0.2719637091130268,-0.11636067862893666,0.22208903838004046,-0.11958308637299989,0.18209959488234523,-0.10753378614444749,0.3490921497568045,-0.10995638242086665,0.2514063848575848,-0.11526342510534718,0.20909150872905607,-0.12060246882011032,0.17986577579867136,-0.12254169770740508,0.6081595196841588,-0.11630619731241447,0.3357484489890308,-0.11834365093688609,0.2431636788399852,-0.11915790662365282,0.20414391056897652,-0.10928714856624755,0.43004953886228126,-0.1134289878883457,0.3254303608090606,-0.11671387228043596,0.2421612144536944,-0.11597817077407656,0.18911323799220991,-0.11466997565909097,0.3743499458138234,-0.11454334128150244,0.28185373005803954,-0.11751844652728848,0.22322709531043822,-0.12096820472151151,0.1856438671058171,-0.10622369163744719,0.3597031664377476,-0.1106509836331054,0.2493834499878977,-0.11584487202322437,0.2040751136429689,-0.12124887677476368,0.1801579378772775
2011-02,-0.08671454220527815,0.5713913481573609,-0.08929239181406491,0.36079015527810343,-0.0826696348019277,0.2515088991068674,-0.07566578732905802,0.20735351355896106,-0.09011734433936164,0.4286680266765769,-0.08496661190030523,0.32097896994814923,-0.07683223602998743,0.2244709856824677,-0.07456183985365139,0.19086892957841947,-0.0816325950835784,0.3413683742569778,-0.07526917131394238,0.28264406872879855,-0.06960885360513626,0.24548992835069594,-0.07114215997810705,0.20500273212390988,-0.07246008267319963,0.32680780760093364,-0.07150827884911498,0.24492398834022,-0.06874911885441388,0.2323890374851758,-0.07173332121595608,0.19251089959465656,-0.0840995342961766,0.5898940385656941,-0.08667128010965496,0.36548913627932655,-0.08211842600453463,0.2556195129128587,-0.07700268595106874,0.20816190290670988,-0.09275659440346938,0.4432692052640811,-0.08674382547093257,0.32635392264593566,-0.077158152016175,0.22931885397392546,-0.07536271844159825,0.1907170307860034,-0.0832366402663923,0.3195496849112829,-0.07596801421650468,0.2890333395608714,-0.07164339859224449,0.24700966921119322,-0.07322885553848651,0.20745206508930997,-0.07045619360859341,0.32739575438321944,-0.07171841369764292,0.26240061080093097,-0.0688974374547235,0.23571035000270066,-0.07022010548827162,0.1956951118851934,-0.07542990789289808,0.6150701499091396,-0.0798752881052414,0.3360881807624854,-0.07597505185123292,0.2578111629391175,-0.07486389346087532,0.21347504525499203,-0.08195664732705582,0.4035973922989833,-0.07621322732953825,0.31804797248275957,-0.07325019443844753,0.23108694050471107,-0.07431258909109398,0.19532999344736454,-0.0706099537882608,0.3519067603931749,-0.06903419496625278,0.27311829186027226,-0.06876741470209419,0.22350541677749786,-0.07073701240268311,0.18862034615786855,-0.06559966261345708,0.30566375811844054,-0.06769710928141502,0.2519125315096501,-0.06887988497898209,0.2084412690415203,-0.07007536065466527,0.1861642772172926,-0.07626820708372191,0.6161413193339564,-0.07916783083648224,0.3490123725790906,-0.07584090636969391,0.25408197013249023,-0.07437974284393378,0.21780459588157017,-0.08066558188130266,0.4146774818527702,-0.07560653041582756,0.3176221477939438,-0.07232119241427211,0.2310581456668,-0.07449017159378325,0.1985853576896174,-0.06887783590011033,0.3478209689228122,-0.06745896905278219,0.28659365397256764,-0.06756230501567763,0.2311139373294063,-0.07006916167945805,0.19367670062000936,-0.06271337523385592,0.33229501189798427,-0.06914483792307029,0.25421189114144604,-0.0700941490823699,0.21245235646742552,-0.07087245296168743,0.188124916892956
2011-03,0.08730692190807442,0.596952756213522,0.08512153925236979,0.34307108999542557,0.085895720549831,0.2631124037569139,0.08595611551528491,0.2006488658237623,0.09926287197561942,0.45202582317556267,0.09864534933870661,0.322679351042514,0.1028069851402533,0.24790283915576572,0.10093422054706967,0.18232005753606179,0.1204835648747498,0.35178019803004357,0.11343746773784609,0.2864308474618539,0.1132827261839552,0.22780394869762577,0.1100942944621014,0.18139698513038532,0.11865696470745574,0.3170869424386341,0.11104487600474104,0.2473880388053275,0.11289643784275613,0.21749981171042695,0.10736610235826836,0.18602098221348656,0.09481938911805367,0.6340950038776583,0.09118559175005322,0.3387828651316077,0.09180075334382064,0.2589808998643136,0.08833767766007627,0.2032686791687191,0.10386463018960924,0.47031730755376244,0.10111005186827318,0.33133015689566386,0.10367790823040968,0.2524940579985928,0.09952650934957927,0.18880932860547556,0.12004509092282821,0.36124814389356597,0.11064160987461927,0.2931921874305189,0.11181555876091145,0.22663475049133264,0.10938778630170684,0.17899616369612975,0.1228653637686463,0.3318836725036688,0.11093770166317159,0.24417324254272907,0.11156313173552222,0.219975714870964,0.10340098005374952,0.18859482434931507,0.044069399672309495,0.6001261522935135,0.048973249872476914,0.33374223504846123,0.0449731252124372,0.2524230974981875,0.047516046802683065,0.19415140670946662,0.0628417909453947,0.4648157867410123,0.05702735195836574,0.32271336589470656,0.05645018079826744,0.23828527895962187,0.054266048497115485,0.19066758346099721,0.06866701742632168,0.36512683507830856,0.06194994361829428,0.258926803503164,0.058606804917760685,0.21539204176878807,0.05673915602390787,0.16970731722482535,0.06209914569759096,0.3038834070822458,0.0567681376378274,0.22844752624737052,0.05589718922696623,0.20421583988346576,0.056423011233439305,0.17454994606989227,0.049869336458258154,0.6468972120581553,0.05161045975661626,0.3381016783333372,0.047573922601139566,0.24824882710735846,0.04877153039358605,0.19688077914819915,0.06664740363304025,0.4677148361882242,0.05955645853564069,0.3298792241110363,0.05944760779114374,0.23890184720623353,0.0556913487775354,0.1938916830034041,0.06930380919465774,0.36161337718667064,0.06545243259538927,0.2551723721684751,0.06073358404146821,0.21992048891069926,0.058142595701865786,0.1748145565578027,0.06272542945323108,0.29064157525648926,0.05552223403440368,0.22994465356069202,0.055355493122480504,0.2014353681381347,0.0546565655987888,0.17489960607642274
2011-04,0.03059996386351602,0.6360292027512524,0.05779150274295728,0.3425239860356347,0.05809954077232806,0.25069330431564263,0.056565481483666094,0.195914211048149,0.05364195382034185,0.41546846162155726,0.06331006238448793,0.3097612832964859,0.05649892598230554,0.24794927722088453,0.05292459207913491,0.20116555912252554,0.058828871478014154,0.3379462332041248,0.062455186791349315,0.2739213313834328,0.055743762853220094,0.22277731406546636,0.046917758076147655,0.1821178404018965,0.05916426336798867,0.26323783869775497,0.061429398459082955,0.22538644658746632,0.049269124887408235,0.2084377882361066,0.04489067146197509,0.18348877300449473,0.0378110785701483,0.6306680369179454,0.05955815955981142,0.3534429835388533,0.05930696336557589,0.2559070426311972,0.05873821261423193,0.19796741743823343,0.05796801728366341,0.47085775294855525,0.06687763573058081,0.3278413664320261,0.05934947086518734,0.2532184554027217,0.05441663309111217,0.20784652409879417,0.06777795949738963,0.360179633205047,0.06499698216740767,0.2804549955071839,0.05785637775114143,0.23263588185859274,0.05060814277073043,0.1958171498032062,0.06054198553319248,0.26893066245729247,0.06412926647709909,0.23684166726997433,0.0512663268181035,0.2122135514843874,0.04687732325787746,0.18393784575330152,0.04143291893094284,0.6398160445942416,0.06096065812695372,0.3398784912198618,0.06881317102095741,0.24101891480066595,0.07120775524851278,0.19936380274664542,0.05556786557851236,0.481923634586201,0.06735751712048751,0.30884048375336626,0.07253799795547554,0.23889445524055325,0.0742496556813953,0.19646518908689603,0.06716201562240262,0.36334498683025307,0.07184848240466235,0.2577962696009759,0.07478860029089768,0.22928871764320435,0.07401218995459327,0.18727145598985406,0.06785704509472888,0.3127197934507337,0.07314762262994998,0.23577539250951512,0.07527522478528863,0.20652638968688927,0.07323441335978716,0.18704440676357412,0.05291389634613207,0.6352628256918432,0.06618692544294325,0.3480704136352101,0.07278665046545518,0.23999750033320347,0.0753686105666697,0.1993342503064488,0.05868298043774029,0.4739363565523591,0.07067357615045329,0.3157352935965988,0.07465290418053265,0.24485916969127908,0.07462754949959051,0.2002924332330908,0.06798712500978532,0.36681300151123136,0.07126350848203714,0.26991203250747176,0.07408231986401785,0.2300983056018851,0.07329077007323195,0.18982822047125159,0.070045307617561,0.2959230067414369,0.07410543409484181,0.24999817239992372,0.07487990460794214,0.20700191833108672,0.07282546896052315,0.18517308916711386
2011-05,-0.004080371201803189,0.5938566138751429,-0.007775496788043761,0.32154763523712937,-0.018058009385988415,0.23483378589566878,-0.02024412946151172,0.1763763194277945,-0.010049081063428096,0.4468706934455089,-0.010606427163889643,0.32143136146964524,-0.014924494647706824,0.21435420200678595,-0.019048748015289753,0.18433697919435726,-0.006671736686096604,0.325113965195985,-0.005284043812463033,0.24306499639476192,-0.013068184887511203,0.19733601054175687,-0.017517451238401673,0.15936157732690576,0.0004466681368736488,0.25651456163883324,-0.010177134338003904,0.19989320408283964,-0.017868341406967355,0.16252954616734694,-0.020856125104694666,0.1709211155673624,-0.0058916450399081124,0.6005639136503242,-0.012789547205659443,0.3250749009871625,-0.02096276117781649,0.23547462235905575,-0.02322810965063289,0.18499323083594904,-0.012661489943245246,0.4918954233777296,-0.01336567344903717,0.3208477588852708,-0.01886548763974127,0.21885982321756153,-0.022394103335144272,0.18583749251644577,-0.0054888016303145356,0.2992629323332915,-0.006060990438134051,0.2536198525855963,-0.013726733157510293,0.20722360220683017,-0.017118881768900484,0.1736864636722621,0.0014062269659692163,0.2489838123174848,-0.007098406358748715,0.1996774135584593,-0.015453673164293401,0.17409630573367013,-0.018773493671210475,0.1717682525500438,-0.022394050007890628,0.59908715992204,-0.032807073495436066,0.3283191777320662,-0.04215663816007213,0.23209790122413154,-0.0421851561393217,0.18455805428721295,-0.026010314485400463,0.4660745815393923,-0.03752287787397076,0.3200705986855723,-0.04069675174803224,0.228437875282402,-0.039126649416595445,0.1877350438500291,-0.033062544201364535,0.35614278060383675,-0.03808481059440475,0.25456587422227345,-0.04175112721145993,0.21746364272168608,-0.04143827460813155,0.1745253695416703,-0.03225244975057848,0.2845142774076065,-0.03663780719580481,0.20875805555396482,-0.04186992271126095,0.1898663755316288,-0.040602186944990515,0.17261622744872523,-0.02449493247795887,0.5829079783345505,-0.037166490515706196,0.3372441492579282,-0.04561728516147448,0.2309369016527719,-0.044785552371656885,0.1881603503065434,-0.027929269874416796,0.47748012608751433,-0.03853718184967801,0.3202658950661259,-0.04297338695491565,0.22892332651164016,-0.040678348318526354,0.19500958294617088,-0.032223545215526415,0.3518098066442487,-0.03693238391180268,0.2601251097933786,-0.040727609966803524,0.22162067214560127,-0.03964658790263881,0.17956881602813196,-0.035199772406076274,0.2861222649532936,-0.03875222387171446,0.23209815655802557,-0.0440357031138819,0.19532777682288074,-0.04282236982754017,0.17373640196293608
2011-06,0.025143663814044117,0.571764810178706,0.013807615964112174,0.28225200382888915,0.005725094625221858,0.21313972314682456,0.005464347346874119,0.18599768796058674,0.024362707650240047,0.4960262234167547,0.012990179444670057,0.30263405720893743,0.006063758891832021,0.21971567404331083,0.003339797145813477,0.1845488152746559,0.012647186408977652,0.35690674421632107,0.008677865810291983,0.2483678524047095,0.00490561313659668,0.20638427077266533,0.000940041808272474,0.17546358867805448,0.01595976737317016,0.308822363252901,0.008190666191447751,0.21995321452717492,0.0017194630952753597,0.19482970485228002,-0.0006669092964218509,0.17335730187906984,0.020732620673626804,0.574252552279505,0.010911065056894183,0.28405842655125324,0.00042583634324642707,0.2117673090753702,0.0003441538347044933,0.17761514889517838,0.0249821995716206,0.49141862198931013,0.009845092576628113,0.31274490896666485,0.005416283892938886,0.22119666840418167,0.0033721460342057597,0.18807691595979042,0.015012465398850934,0.38232126870524646,0.009273526512020108,0.251031204457177,0.004687630150348334,0.21028172927364625,0.0013259323353030164,0.17621597601400973,0.011871975931981903,0.2879066342954145,0.0054693639704254645,0.2177157048065908,0.0001457203492075612,0.19052891931763688,-0.002121933210799976,0.1657779400582054,0.006515125727510531,0.5921579862594184,0.00028771339698686286,0.3019654594942282,-0.0035570191463364653,0.22943322262877636,-0.008503575163733635,0.18827045453692226,0.013452763668501826,0.4564239005491401,0.0029673938210128606,0.3057086412102057,-0.004348611920410189,0.22370666539520784,-0.0064526300599683836,0.1803085021389959,0.0023999224186754594,0.3775438138602279,-0.009469211248566903,0.2566817890112587,-0.013480848169985614,0.20679037433084638,-0.015166384372984502,0.17880458556189824,-0.0062293172801670795,0.3083931747441946,-0.012368839028583399,0.20171729537321603,-0.016324502203064587,0.18815049796717903,-0.016716117940856475,0.174715291612349,0.0017512536595120616,0.5869023281137218,0.0006329838334829141,0.3059548020799782,-0.006785626239684379,0.22359779920780035,-0.010828621797459633,0.1797029209964684,0.014249434398754784,0.47689202014938203,0.0014231652303431466,0.31334304183128303,-0.005795576253028279,0.22883367177024494,-0.008412318361883622,0.1858445353044319,-0.0015216097966372416,0.3940420794826771,-0.011343020920998021,0.260524009344438,-0.01548363975036064,0.20619028540031187,-0.01719379837044654,0.1780022640177768,-0.004477963359551724,0.29316960442207773,-0.012041904908840616,0.20514263272784705,-0.016507033079616498,0.18669666116875513,-0.01760624089623157,0.1764030010019131
2011-07,0.02486491670017511,0.6170703888417837,0.03140453481274638,0.31490835926679195,0.02770166073159133,0.21409135753191977,0.0236258890878293,0.18955810409560023,0.05142221072995529,0.4639451681645377,0.049579208592151224,0.2730792272312226,0.03710089512548783,0.20215774740067063,0.029633497586269278,0.17468441057234285,0.043698344624171874,0.3490993572804167,0.044076644166494185,0.22191808517298842,0.03279780600330954,0.1891243079099782,0.028027016562311467,0.16916919255806023,0.03814047335203621,0.3165113074247039,0.03800841507930592,0.22487670248410918,0.03093279953419878,0.18281914108558506,0.02597981991814921,0.17165875548743495,0.026494292568391243,0.6294581696714325,0.031881851784569884,0.3135439614979514,0.0279116726693523,0.2265159003681979,0.023481521338998817,0.19625531825401615,0.05092809860917208,0.4470788571920063,0.04846697893896377,0.2786066521448382,0.035921586179031975,0.20611596495963447,0.029573859352591346,0.17908075392424228,0.0448359087581564,0.3476565440152445,0.04174652512821404,0.2438318100042247,0.03182194100913636,0.19232006412985753,0.026515235739117952,0.17414871279189387,0.034242356583171527,0.302326277699005,0.0332325807492126,0.2221788424751567,0.028962776414376508,0.1883963276810517,0.02475597096411136,0.17413704808373756,0.026642737244700215,0.5893467337901344,0.030089482928953585,0.31905257810999654,0.026775287193019238,0.2202646236012441,0.028693932008858964,0.18058089529884175,0.042158798972693735,0.4565865562443529,0.04425468872503083,0.28691801333540634,0.03695922998213724,0.20935432585676417,0.036810966614114225,0.18052057857614395,0.05063652821259403,0.3773875717813199,0.04530786751538692,0.24335523466357847,0.03846398227303101,0.20894404629906094,0.03928438664794923,0.17771481682190113,0.04487254296120178,0.32696621871677223,0.03959575103064612,0.22757210691595486,0.0382654702914129,0.18396365636705572,0.03700297723601073,0.17084535892552674,0.02365154330301985,0.5730650007244327,0.029428389274369547,0.32703873344725787,0.025813641085025693,0.22782269892627816,0.02892895754739948,0.18932713361976922,0.0444742878580048,0.43990914629441796,0.04206796602877989,0.2933570097976645,0.0346393649182859,0.21694851933355794,0.03430666438032595,0.19052987870181787,0.04591542915885162,0.3834325127232233,0.040396697837707864,0.24966570639765057,0.03552896380348665,0.20888236654678044,0.03621429514440133,0.1827153309079989,0.04311986773886883,0.332258660255739,0.03982614647505364,0.22020345588121037,0.038855734197738606,0.19297282041652433,0.0371333230748102,0.1750885930246953
2011-08,-0.08213327011473241,0.5656106648298367,-0.0864692040818336,0.2828763316767776,-0.08995941389855744,0.21967232541190737,-0.09915670050525054,0.17521087997365223,-0.07648276828041022,0.3995582777825992,-0.0690859244441219,0.2785710322133007,-0.07891923153055372,0.21154075175616022,-0.08877708156388002,0.18662780590893982,-0.06853990539506924,0.4201122621529955,-0.07738193889894951,0.2503457693394455,-0.08469319629410081,0.21341185588647288,-0.09112048155408844,0.1841860604501458,-0.07702745720184516,0.33511809466133546,-0.08215179077439597,0.22305604458530046,-0.08999615597432037,0.18259661370803915,-0.0987154589706239,0.18276415349832445,-0.07457360117358643,0.5761420986109318,-0.08757757010244428,0.30545528532100397,-0.09164235325085547,0.22299602051865924,-0.10147702580178532,0.18365871683637097,-0.07814072498243495,0.4381249730059251,-0.07441500186485406,0.2679625276008496,-0.08491860457982339,0.19680759423028216,-0.09300904992343807,0.1810275229289246,-0.06733942635236025,0.41377329288480225,-0.07753306436698483,0.24888244944727816,-0.08666284620823278,0.2040296142593886,-0.09320811713294407,0.18289905988732835,-0.07945160903559413,0.3344699943721074,-0.08649628729080072,0.21287133000452022,-0.09236060479247954,0.18394106799074605,-0.10065333277365233,0.18073532965290523,-0.09676811989431611,0.5627609637384725,-0.09137700243100225,0.29988984533410634,-0.09392902310696354,0.2291161237132948,-0.10426088338133763,0.18803637558768116,-0.07547136357184714,0.40540383557074855,-0.07347040650763817,0.28780545795817375,-0.08672825670444764,0.2118614488465475,-0.09552690811061317,0.18320404366079363,-0.07031391781075431,0.38980273039743474,-0.08216915679421974,0.2668767805340701,-0.0920114707994847,0.21783038591777934,-0.0991036220004539,0.18416233118490788,-0.08224852611703193,0.33976306616073504,-0.09009587526957642,0.23235141599014303,-0.09630275948740658,0.18948266640990774,-0.10428222960080596,0.17237661874476878,-0.10111574976630919,0.5688887276466619,-0.09852898816903624,0.30609668248420885,-0.10023061167577844,0.22887984180592236,-0.11083035051969307,0.18474476092219444,-0.07460897319421983,0.43301005485741656,-0.07300960664346202,0.2847797184829868,-0.08856234361135004,0.21207876648115145,-0.09614735481456836,0.1866038102028459,-0.066929731485815,0.4212089680152428,-0.0818093420015527,0.2682500585303988,-0.09186513211261148,0.21342936035759844,-0.09901596674675914,0.1852833049270908,-0.08401593627440274,0.34444043520096124,-0.09073184987530933,0.23748781999377602,-0.0965632432303606,0.199644827302855,-0.10452859064579732,0.17220006183789976
2011-09,-0.01023114409351731,0.5563455972094655,-0.008267793908129435,0.3302549158756508,-0.00858584819176346,0.2429655010871236,-0.007535867937294536,0.19669498564041865,-0.0033299363513637783,0.4197780490930149,-0.006350995540711367,0.3061720785390979,-0.004590776914973108,0.2159284743321805,-0.0049291876589064275,0.19207936626097416,-0.009040455732664314,0.4315218643419322,-0.012162058731911356,0.25847692401846223,-0.010804840424902866,0.20401590640131675,-0.009430231103906393,0.17779485008421014,-0.011439394368580626,0.3571330927669365,-0.016862907015064606,0.2412498066033725,-0.014675837192241244,0.19027214901254103,-0.010604866999832574,0.1705621976849267,-0.01872316468207853,0.5855613730972566,-0.009965280539137018,0.33785833489996053,-0.010252293511254769,0.23850257081758908,-0.009322771148152144,0.19137568567325364,-0.008774549323272523,0.444954005692771,-0.010534331383125171,0.308790130476017,-0.007949244760499801,0.22476012188986422,-0.008218779695789973,0.19586895844928925,-0.00813701720361832,0.42635093140213387,-0.012668643880175936,0.25925277011977477,-0.011354731628388525,0.2058968257434361,-0.009784539976554178,0.17896876216903534,-0.013279001640975967,0.3747539188435183,-0.015346499680049065,0.23448328942829205,-0.012824914668745992,0.18597740955395486,-0.009830352395876076,0.1705309113466379,-0.007037668372352872,0.5602636801954548,-0.0033567265834549276,0.3229274037896018,-0.0030642029880210237,0.23004741177857235,-0.003631909319623705,0.19242703553650925,-0.003199448389655333,0.4048478702576379,-0.0023180671732537135,0.29146303139570473,-0.001771516687120128,0.2138515216747522,9.843967460927922e-05,0.18391011546668548,-0.0031934799262280053,0.38195379948763414,-0.0015366374537350228,0.27460647768304725,-0.001546900478628187,0.21619556735997442,0.0004750425700756057,0.17307261928729675,-0.0020654517193887637,0.35770184832970886,-0.0009259462988186354,0.25915675473534583,-0.0013037600506556322,0.18930362691011116,0.0011900740988269615,0.17320893008632354,-0.010713760391188556,0.5851374402569238,-0.003818469894934768,0.34236497562857626,-0.00330377770158026,0.23900473100867503,-0.0027829587270324506,0.19233134908893484,-0.004495851710768119,0.3944832859830658,-0.0020743018716912584,0.2920483345688303,-0.001613607798923241,0.2135349998162583,-0.0010493856829762599,0.1834832026675144,-0.003223243707009657,0.37323590362705084,-0.002926755622622584,0.27186428841702337,-0.001678287329628842,0.21179237500995687,-0.000207808630413631,0.1711060933022513,-0.0011358264134253369,0.35380312430639665,0.0016845673266198133,0.25222832379834764,0.0015883507550130205,0.1858911320565809,0.0020135177788135,0.17326376766777934
2011-10,0.03334535373700806,0.5811304523445919,0.03268906376396014,0.31591678982540344,0.037719590178853006,0.21595907132065625,0.03912051727989098,0.19009387453001517,0.01895596435760649,0.42723303471337554,0.023822323468784233,0.29100857905238886,0.028427302101848597,0.2168270189081733,0.032873181704004745,0.18314038141520345,0.0217574928042914,0.357365610447435,0.026192648632927782,0.2766243100899587,0.030065518330076816,0.2031922993947835,0.03201465150200965,0.17740106404138217,0.021937818459464648,0.3296975935776224,0.026773853433855854,0.23089426231422844,0.027843923214982032,0.18205855872863808,0.03000365836900681,0.1705691650298412,0.03341355112864035,0.572075904199778,0.028221279282555065,0.31836306033302897,0.035012830355649255,0.22117842330796095,0.03616869476080447,0.1917829358383506,0.019501408482497908,0.44743658895010163,0.02463867624428475,0.31553211942405424,0.030479202041069083,0.22780073030529807,0.03334403688274885,0.19282528562391865,0.021044981429245494,0.3745421761567074,0.024482500572704638,0.27031186204936386,0.029805769519281548,0.19619072330239734,0.032260421321403464,0.17209256190486577,0.020948109884021588,0.3704462247054405,0.026179946604935767,0.24269956407212978,0.028418499417405128,0.18563478006200718,0.03011602841490566,0.17162529680992566,0.025768667088699133,0.5888657530377568,0.028727823240021065,0.3093055235033539,0.02844138519367543,0.22675232318407013,0.0293739148240575,0.18778456134991267,0.026764544289870597,0.3845686078095867,0.028950054138932643,0.28241596818426623,0.029975899837226403,0.22469304908938384,0.030038185673890962,0.18415880429896891,0.028668571107929364,0.3371817803035966,0.0312512521900484,0.2736647393806327,0.030290500080504313,0.21062446619399272,0.02740601960866255,0.17481460411193323,0.03187413499685172,0.32220099798645835,0.030443949439516112,0.24226960453213492,0.027176250033475083,0.19572943999469722,0.02516885264399133,0.17651644016953882,0.029981079250121168,0.5916562938843691,0.029311335457511543,0.2978142008393817,0.03081986176325111,0.22908259222713356,0.031755872625952475,0.19070784988766004,0.0263945590426225,0.3852253932041769,0.02746382438457698,0.27911807393758226,0.029151343235309903,0.22684743778306973,0.027779227447913415,0.18968684871145414,0.028414656234387378,0.30873933050642705,0.029975674911386613,0.26681150781085233,0.029647323620180795,0.21101975013648372,0.02582179386016621,0.1794205210924214,0.031593294848779936,0.3250686803585921,0.029739676289358412,0.24685715115385082,0.02658517696558598,0.1956011184757461,0.025472198031199128,0.1779209139459511
2011-11,-0.1035043757092063,0.5867691534860515,-0.1070575268470782,0.30924162714984627,-0.1179029234186374,0.2235777667127503,-0.11904085852309142,0.1743891743406899,-0.1071540124220513,0.3917276723820936,-0.1149181019325126,0.2522336160367911,-0.11395063940890249,0.21021949115570943,-0.11897051467385865,0.17853982526883017,-0.09715512296921286,0.29392918086122677,-0.10888733547376095,0.2724348152353557,-0.11338057781465226,0.20318683015460967,-0.11519045087443724,0.17004304623911057,-0.09214209530144293,0.31166198871456235,-0.10558386937626979,0.24767722202413467,-0.11062177453871978,0.21204696442739285,-0.11506988208864577,0.17623928007614603,-0.10505641157684817,0.5757916531315213,-0.10787404272143344,0.3091289764498341,-0.11535765301251032,0.22314637656028125,-0.11578192228500528,0.1723250909516989,-0.11113971050695093,0.3906158928190637,-0.11729606470053329,0.2576618559329301,-0.11662770037698603,0.21741308344222757,-0.12055797112963745,0.17680739294698372,-0.0997953973002061,0.3429040980972141,-0.10645387215615534,0.2733984151509622,-0.10914154735774662,0.2088551792962857,-0.11156142493696417,0.17495726214307708,-0.09359524780023888,0.3218537936662825,-0.10619735660797795,0.25282192900277534,-0.10970115527080727,0.21735567799521166,-0.11426849530381826,0.1802393349586561,-0.09479253930044548,0.5858071549919389,-0.10095620427154053,0.3086848509400003,-0.10389486680690291,0.20729047143799023,-0.10454522773374772,0.18875547877903162,-0.0992583874846533,0.38024340182925914,-0.10392242421307292,0.2577209123840631,-0.10199761093052416,0.21043134304117073,-0.10687691439999006,0.1742805502452397,-0.09332207107078078,0.2835044864858108,-0.09702812462650193,0.24979106872904316,-0.09967650881091117,0.2000164976286703,-0.10230489436912417,0.16663126655301252,-0.08436378045718612,0.32680403891974324,-0.09459509615354507,0.2445867989210856,-0.09737600837487018,0.19109347318743858,-0.10175080239144084,0.16662846581425833,-0.09785679620962476,0.585966299314393,-0.10288935437527442,0.30751938560085196,-0.1050256601172125,0.21301073776845858,-0.1062633118497814,0.19247518694001767,-0.10105257612705358,0.360241260505635,-0.10160186605329818,0.24589252707302756,-0.09954426055607028,0.20477699012462394,-0.1042587944529385,0.17086190484173663,-0.09460808214617561,0.2866805883272241,-0.09702790565492043,0.257773354524624,-0.099469537402304,0.1972215814962666,-0.10195622622011329,0.1620893367745902,-0.08486735693140432,0.3084146776896808,-0.09452467987486847,0.2406716103405553,-0.09786990079527409,0.1922901998246449,-0.1025120852278656,0.1710097371430329
2011-12,-0.08795681380974342,0.6438836187398944,-0.09760174384717141,0.34427248603961624,-0.10007597229447088,0.27317061525965525,-0.09726596756431904,0.2186143731749866,-0.10498186580462344,0.4226666488380242,-0.11098439906835739,0.31835048767469,-0.10749436565055835,0.22869912993274194,-0.10882801145304753,0.19980279217088148,-0.10246642462029838,0.2602740372919903,-0.11350836167656997,0.2675616549461779,-0.11148967543490466,0.22108825646094496,-0.11148321420703232,0.18421885754910597,-0.1081506603826697,0.33064901542631686,-0.11733848577530523,0.2610604100585906,-0.11581916786940498,0.2114108209828276,-0.11665740676070638,0.1816675576723793,-0.08862191358609582,0.623274197792098,-0.1031375671128415,0.34884255307833534,-0.10192719534611522,0.26883954540634714,-0.09831855290174712,0.2202437821313713,-0.0997451783058007,0.430366670472767,-0.10896097777798176,0.3254956979532482,-0.10437308781291421,0.23148889549386265,-0.10706343391050806,0.20029320912047355,-0.10492743661132711,0.2957620551582013,-0.11608232176844163,0.2665472633585486,-0.11256943324476522,0.21432702509284898,-0.11133137506771863,0.18463615745599884,-0.10958724919587408,0.32609050810887746,-0.11891709313835404,0.25679054461509015,-0.11774656218869166,0.2078489095088197,-0.11887483970753827,0.1825483471568412,-0.07898996425177578,0.6191629533679179,-0.08677340197318274,0.32876107821149697,-0.086199167145076,0.2524966595931002,-0.08179698020515892,0.20230172024580223,-0.0882069519181149,0.385773067260379,-0.08779023963070141,0.29050006563417113,-0.0828800635579342,0.20431457222243313,-0.08439895719328039,0.1831781988527197,-0.08007599466819398,0.3148837975391478,-0.08161990948596985,0.22986991486846328,-0.0827779086815747,0.20447472548274784,-0.0826436973856104,0.1778296834896526,-0.07899432419896521,0.2905880161678801,-0.08343319398288526,0.23002901155436928,-0.08433864986030704,0.19511482708282113,-0.08337308893080658,0.16486604703732832,-0.0785627025349305,0.5977856145453825,-0.08689642519617288,0.33247370004862853,-0.08627942678293897,0.2544388403756779,-0.0822055312296624,0.21216208801166353,-0.08597648052864655,0.3991344306860563,-0.08821702714068796,0.2962103237661039,-0.08272201201318272,0.21218297535405048,-0.0832324294648543,0.18789878251053316,-0.07921471937304453,0.3110073401645224,-0.0825504480671019,0.23043096317205355,-0.08406780029229502,0.20653118257140424,-0.08437843750846945,0.17531859043001402,-0.07911716490562751,0.2857254338058146,-0.08290838653164583,0.23490817816012285,-0.08453538988127393,0.20007372743129104,-0.08354702721258557,0.16488419082912903
2012-01,0.11202175338768189,0.5655641735122515,0.11475692363818683,0.35981361927752653,0.12811497599784685,0.24564025064854494,0.12815666622576016,0.19913957278498626,0.1076185693015758,0.40678614573952476,0.1174558237698328,0.30603016087020934,0.11920371880104606,0.2213177909559245,0.12790255948110366,0.18498342276540014,0.10955260887506765,0.30499102330867767,0.10533743179533701,0.254618349890932,0.12130221948907555,0.2245411088629045,0.1346403324752529,0.18937182978064113,0.10243760142315692,0.2889492784334803,0.1161736278322132,0.26427337959813235,0.12680621400361192,0.1963896362936105,0.13958433875124368,0.17965401553621785,0.1095154450543061,0.5558045017166118,0.11739417187597308,0.3572799759899452,0.13091705143587895,0.24128241053251615,0.1315235294746524,0.19235669058556426,0.10461792801712617,0.43054901319211597,0.12077618816652415,0.31393250922468957,0.12244992807660252,0.2209849637028573,0.13148346734903568,0.19507364713025097,0.11736932805330415,0.33441301815927127,0.1147399328479125,0.26127392659192655,0.12531696524304511,0.22902631550841934,0.13552510075414964,0.197863891194826,0.1053153955929441,0.28595880709820987,0.11860733144614956,0.2638986189432012,0.12956838341718888,0.20214197774077272,0.14342771153636624,0.1794466073364965,0.0951195437010468,0.5322086600736777,0.10801872667235941,0.32554065045206154,0.11842049226725557,0.23470104065695852,0.11848985449629665,0.19192672620200746,0.08826459903229658,0.42140239633980514,0.10334138204541815,0.29685790142325263,0.10687649865350095,0.2034127587347907,0.11549542284307471,0.18140106149240542,0.08986498066753495,0.3259202388398175,0.09564141469709306,0.23653299917807538,0.1076296789968587,0.20448904010198587,0.11991362047980905,0.17212938516130263,0.08313092390250833,0.271933132878047,0.09506287217399137,0.23361199182378833,0.10963148362622602,0.19440157899437455,0.12225664611299049,0.1781505831659052,0.09314114693227335,0.5352401384217476,0.10854948271617743,0.32950570416580977,0.12149862192517624,0.22380074558604046,0.12077790336338115,0.19160754086591336,0.08913073031252293,0.4321253746074001,0.10521813772633941,0.2884309468854547,0.10710426302512048,0.20461593018674587,0.11635633739018886,0.18206614521512549,0.08859586170712067,0.33735179274738925,0.09605366918735692,0.23000037316738697,0.10821901422154359,0.20067870542608707,0.1194589148401833,0.17262252323969496,0.08464974681542327,0.2944377178752243,0.09765066354423886,0.2346703601260854,0.11124749387096058,0.1946948158745161,0.12402049319424263,0.17453063299626856
2012-02,0.08290136667753907,0.6431038260224489,0.06551260181621713,0.38842839792804484,0.06597402957095493,0.28100492642444486,0.07116734475025432,0.2179727337773301,0.07641278079926019,0.5591886817857767,0.07140064912585806,0.35919709305876596,0.07326489264609932,0.24108361138535583,0.07053986335621734,0.21626782824767654,0.06474379341024492,0.3304806582238311,0.06507781275717184,0.26261745610966536,0.06731033804490663,0.2496513893741928,0.06511225484447408,0.2003193682319815,0.07324841421267737,0.29497594060486654,0.0691699210580331,0.2836317054953229,0.06914526937888021,0.22426395124583803,0.06882309939763408,0.2042355064408947,0.084817815151605,0.6269122408517436,0.06606124529490794,0.37969443978517914,0.06653410171967576,0.27356148141542747,0.070946665780016,0.22247387434920202,0.0701062066328506,0.5227925759100376,0.06573885317116634,0.3617500688626064,0.06935299178115427,0.25260436523649527,0.06932247562720371,0.22400437745894108,0.06113714643280789,0.34068769027212065,0.0645617551621785,0.2751741940276,0.06592179439840634,0.2539988948812629,0.06401889375441809,0.2051477809887922,0.06633103082451422,0.27365336235448057,0.06516993800275452,0.2794697377012589,0.06650422054553569,0.22693449950609879,0.06830516812641191,0.20483474810765956,0.052956145518220456,0.6025568655193476,0.04630135319787725,0.36585824036499026,0.05339611889302038,0.26268512548713363,0.05539504987632154,0.2044939683699667,0.05446370523620278,0.4467212966004268,0.054778128642480585,0.33377029249051204,0.05847684272320945,0.22668586666355006,0.05496975727628814,0.21138838451685502,0.058558760758774954,0.3440859433595272,0.05978122646815969,0.24663526371148642,0.06023920516532027,0.22981488007120437,0.05562800069025277,0.1971577518157989,0.06759375900706956,0.29429564498846306,0.06404926538355807,0.24378582633789064,0.06254457007776924,0.21347840571329219,0.05885737235267294,0.18893181908061818,0.05775359002112863,0.6037926650611765,0.04882796074723538,0.3651340774322144,0.054013428910989224,0.2643807748346313,0.055692828511244026,0.21027950201342058,0.05196779171578019,0.46314143900179816,0.054063376528262055,0.33535424693811644,0.05845643082078011,0.22989648239810567,0.054577584044872285,0.21744666169940613,0.05836098583914163,0.35993671687525775,0.060230326468319106,0.25622569957761654,0.05981681267556059,0.235821816496426,0.054891033866221225,0.1954209483857053,0.06989042240575233,0.3079478837331494,0.06347347955552732,0.24710213004171547,0.06061412509643918,0.21753174763247135,0.057246312593642594,0.1925342932282942
2012-03,-0.03055160731373196,0.5824020166556139,-0.00964961210246659,0.3366260757698475,-0.01074969857171543,0.24631551001155438,-0.009010670961041948,0.20679399790358952,0.011783456414616922,0.5628111981682988,0.008075120390582188,0.32608907374727114,0.008264061137826373,0.2529547363300213,0.007004773353092464,0.21081034572329838,0.008572629186369198,0.4061848683707994,0.006692776595032965,0.2457566185085336,0.007251916027342533,0.22329369557249,0.0036204150445237845,0.18900780169549253,0.018580186535805635,0.36338007677466966,0.014833879985088443,0.2388456482206852,0.007585930394663088,0.20094679583434497,0.007087656132768041,0.18412065439581204,-0.03286279500804984,0.6099485385870913,-0.015279185569497436,0.3528667709561293,-0.011935699113678727,0.251928298573225,-0.010745910484956163,0.21131659376013082,0.013840932739970311,0.5277732405139957,0.01088852139172865,0.3285983529308355,0.008478123062686443,0.2558425582156491,0.006902884844479637,0.21281179810140882,0.00940195445270458,0.4254265904104925,0.005889254264867481,0.25377816348067034,0.0056391652926398445,0.22093705641969064,-0.0002612491373842991,0.18375701735020805,0.016418182901692117,0.35820235543282697,0.012899344386224518,0.23981963217981275,0.006763855392788165,0.19894151801849014,0.006287722792347784,0.1788677758466068,-0.021429532431543726,0.6010389689055271,-0.020288537354153258,0.33128639902289475,-0.021008006665710087,0.24882601486037548,-0.017189064719186853,0.20098987342684924,0.0008314389656403193,0.46906073210182586,-0.004508098909802359,0.3076999282199331,-0.0037782112385353808,0.23588231105019328,-0.0032288757058400825,0.18234360459493315,0.0062401866100622455,0.3407994250287951,-0.00011121515221952996,0.24373692836827693,-0.00110417452947802,0.20481570095251928,-0.004032818825119296,0.17253250299518197,0.010060808192594813,0.3231676977894137,0.002084418547277699,0.22309696016712205,-0.0017125943399978459,0.18643680987892772,-0.0017154943093625153,0.16232478683239654,-0.02722766193689671,0.6179813559892386,-0.02496688550825494,0.339202876305557,-0.02332175924360749,0.25383561225534035,-0.019964285639878912,0.20480547155281803,-0.00840542571992522,0.481212019503584,-0.00825820524115174,0.3093356876499495,-0.007306584984877861,0.23575980057514723,-0.007721932753775638,0.18211102018109415,0.00204343751472611,0.3746708608194188,-0.004286708882812596,0.2613930172346205,-0.004666700274027762,0.21082111232312142,-0.007671039693248123,0.17774111989113986,0.005589137002422444,0.31704572534152425,-0.0009099425389985534,0.21256437398361872,-0.003009584527570412,0.18250969715950677,-0.0031742836751060856,0.1598836536539036
2012-04,-0.015814102976426478,0.682371943159886,0.00054668297897926,0.3557731916735185,0.005173377724997581,0.25380166896903145,0.00914408920920432,0.21398157821870228,0.01246436281332176,0.5316572956918912,0.02282056709682519,0.3202107859466352,0.02432759110637055,0.24232089921602407,0.02663749800829802,0.19707516943412412,0.040459301924269435,0.4630089946905056,0.037882833344772805,0.29634435599758135,0.03737579480417952,0.2310602840637638,0.03221288177000734,0.18648940376265544,0.0539638212394656,0.41261288233195437,0.052249086615614136,0.26152813140376796,0.04528375636142398,0.20907933403625356,0.0370812625639594,0.18139851516136704,-0.02039634680884993,0.7045912470229698,-0.0021094647247017683,0.35708982891332297,0.0017202626547830181,0.2671612478245423,0.007482530438606519,0.21894809559296802,0.011797409877284531,0.5625365071278291,0.021400057288403943,0.3339941550133939,0.023447696802956712,0.24889410743308307,0.025814430040782904,0.20093900376948254,0.04140019421158901,0.4701150983955321,0.039146266106875965,0.29504694860818614,0.03864014450291233,0.2353940121623491,0.03323553762202037,0.18813275559438136,0.05402546675725811,0.40429563970227766,0.052033944437665486,0.257450934760002,0.046043967839631675,0.21704516802974527,0.03949731816256063,0.17768070705031724,-0.002550439333134052,0.6512424978678037,0.013883268249442523,0.3448119308390468,0.015839583767835546,0.2475371478814504,0.018215578965422197,0.20735374501666334,0.027669043409339875,0.4743022227752598,0.029757533486834548,0.30734271497062016,0.027426361534772174,0.23479717818861182,0.02652934439189339,0.20019236974760918,0.032122482517522415,0.34606339661258056,0.033132360491158426,0.2428686568533657,0.03178320807970218,0.20857461293151433,0.030089810126362634,0.1807977353598805,0.04332457730768982,0.2885196435148698,0.03845400372076873,0.20860810116185508,0.03410534937863054,0.1997747980922645,0.03300327927250114,0.18496714583446916,-0.0044283136582103895,0.6679600613210777,0.012551843348926154,0.35132166958083644,0.012647527523741948,0.25703210589355996,0.015712463585725648,0.21540304427821902,0.026813529393499114,0.477751950112345,0.02857546268351027,0.307607109907408,0.0262549070842274,0.23771597143888273,0.02626310160327593,0.19643827257079544,0.035783633620972206,0.3708965314435121,0.03387566271396136,0.24967817143820498,0.031415224949121065,0.2044024541128872,0.03006203302459165,0.19008608169215765,0.04062412670007914,0.28128937931249687,0.036234949861847505,0.21485715556016138,0.03291567726373679,0.205037498021084,0.032150756109105075,0.18463507685657662
2012-05,-0.09836898821784676,0.6211492247853474,-0.07422969037634296,0.3516633125513995,-0.06294624033905116,0.23111243557482936,-0.059382464132299806,0.19292696016532537,-0.06979940663609904,0.5108297527898824,-0.05130916713875439,0.33662890750787827,-0.04799244318687623,0.2398178350966486,-0.046043611714147156,0.19211261418128084,-0.03846323444055237,0.4623196391611783,-0.035940484737896655,0.29363216977773515,-0.03819125973263468,0.22070590067605256,-0.044591735393399314,0.17771424488273058,-0.03133446888565472,0.41316646508923316,-0.030347696142076837,0.25113941159246916,-0.03687890603442729,0.19736743544880753,-0.04536684968847586,0.16259591832976195,-0.09278517127215931,0.6563615839180967,-0.06670563711477522,0.3471146417026144,-0.058118739439349386,0.23309260807538373,-0.057860298943898804,0.19068267146782325,-0.07374421714305332,0.5574423259456147,-0.04981357787807612,0.33874733306063376,-0.046946127745925194,0.23181834251168312,-0.046356466545317054,0.19729522383690107,-0.043459512173956286,0.5085137418120798,-0.03957164426804398,0.3055674048781673,-0.04026506653041154,0.2264153797725485,-0.04773406301781504,0.18256087729988896,-0.03713206939384938,0.4424893330609767,-0.035860559067266935,0.2514425225179606,-0.040562702046589336,0.2016928561644556,-0.04775729457434832,0.16550510935680574,-0.06992377824950224,0.5642214585234779,-0.05592223250683264,0.3193027131545842,-0.04988388537689284,0.21436823619216216,-0.04728204665601626,0.18001758329304388,-0.04847671766781378,0.4285342481098459,-0.03961117534290451,0.3171500345171673,-0.03778614921095111,0.21361922867620034,-0.03948807288644526,0.18013859213350622,-0.028456830529982144,0.3644804388520675,-0.028447400047596147,0.25794305841272824,-0.031131065980945588,0.2066249484179684,-0.034994805452372914,0.1726525649627928,-0.027272021326296428,0.27951385714404897,-0.030556717245417683,0.20787461288721806,-0.03582003376296346,0.18514368233340123,-0.03890163550971168,0.16677821588937342,-0.07495321274742224,0.5769926366546613,-0.05425117311777839,0.33859099720370356,-0.047882431680451816,0.22677366302279295,-0.04740264433496403,0.18788365692713999,-0.05524292167579641,0.4810314994590858,-0.0403545552765862,0.3303331817665532,-0.038448946300733707,0.22401048019714187,-0.040230150436812426,0.19004804655253296,-0.029821970535403593,0.38108230090995554,-0.02874713726545106,0.2594496018017985,-0.031944614002338494,0.20806179440840292,-0.03535513610877102,0.17393959305250506,-0.03303245482635455,0.28482881675628474,-0.03159876213766008,0.21769988866063605,-0.03658328741807143,0.18775570975167472,-0.0397423774342941,0.1718621169281258
2012-06,0.054069205235589037,0.6227760080535667,0.05772093962208499,0.3372568880391901,0.04811491504208638,0.25032872611610124,0.04952015085663531,0.18557580040366192,0.0541857571351993,0.4476605831822817,0.04321228431848782,0.3463722687628273,0.04166538546427854,0.2409589145882124,0.04102405317145322,0.19656777938432132,0.037326619381238046,0.39042526475236994,0.03023935805954422,0.3038953997506485,0.02870742227953486,0.22750000228277695,0.032791385979152314,0.18396490097711093,0.030939253703311947,0.3082619038341014,0.026079791746188973,0.238447194389582,0.024791439997942557,0.17523943010794737,0.03469952904018064,0.14523756968109036,0.05187400274656353,0.6336195787530772,0.055403317373104215,0.33818952143796044,0.04568137836904498,0.2509097259924825,0.04839324979138907,0.18754204654015078,0.05512347519901691,0.45143146554316466,0.04549824860893481,0.3422734277515973,0.041672863110976816,0.23729414606339938,0.04195108619421621,0.19371047361716986,0.038020395820245446,0.41341518157390245,0.03365689700389998,0.31756769517050015,0.03015224174703238,0.23423960189534096,0.03413765778053949,0.18708482829814266,0.02924401158322664,0.32159754645948324,0.026946851840459026,0.24303207970065666,0.02636523206469479,0.1768288151354398,0.034543773664830184,0.14298910896822303,0.03500080419669799,0.5933006703691841,0.036564469735477105,0.3091972140658771,0.03438768085079183,0.23487029171703447,0.03462289096392105,0.17612364357424343,0.03021976848621041,0.3681419693567354,0.028215184382253792,0.30442608506834545,0.027660782137732008,0.21956827395099676,0.028383861786301787,0.18330256385732444,0.021692310802663203,0.3589494368695226,0.021428656038356045,0.25370395163645915,0.024618120883138517,0.20962336752188804,0.02725485299909092,0.16554039034732634,0.018723367474902622,0.2646596324832391,0.022545269760397984,0.21550117257090404,0.026785993946230817,0.16395063681385322,0.03088695997300283,0.14568161658279144,0.03529876235116397,0.6111886311757383,0.03657891378845044,0.322408097509825,0.03410996463788989,0.2417823980131416,0.033726883134083625,0.18422503822909697,0.030109383239382552,0.4031853259878379,0.03052774538889716,0.30954098483183157,0.029929998565166087,0.22807098944342039,0.02984894173851617,0.18585676462110187,0.019929925694311495,0.3668653681408077,0.02155623738742342,0.2691045128710665,0.02430639026485209,0.21509542365553416,0.02699407639541427,0.16998723444517327,0.02011467064903703,0.2947310520774771,0.024390004319623057,0.21998330504590435,0.02777623359634218,0.16699501084268206,0.03141665185819895,0.14843759351712307
2012-07,-0.002726558242748762,0.6284434555461289,-0.02288367439267856,0.3198898530157022,-0.023727947075089344,0.2539663275086134,-0.021529531496941888,0.19571075903662583,-0.0114871181466622,0.4585923510370101,-0.018714967393868142,0.311173901112464,-0.015904611632864888,0.2251333094123813,-0.014903069134934565,0.17172192946908804,0.005038847225041604,0.36444021493222223,-0.005325814895684017,0.2960981641193136,-0.007494359578791383,0.21145854739924425,-0.0035564054562508543,0.1790553759727514,0.015234334144455696,0.30482374627968944,0.0008827160257954103,0.25410784005449416,0.0019360937664425124,0.1897740443649351,0.002773618430913282,0.17478229007845025,-0.008279046850380887,0.6296701090899419,-0.01861032343400644,0.3413135296452043,-0.02073755400696746,0.24597805979058154,-0.0170840839243704,0.1967977985695733,-0.012471449757674748,0.4298468963588259,-0.019478617959290925,0.3119790736309252,-0.017095097723063613,0.22695652668556282,-0.01561943318585154,0.17689041945854933,0.0007248572053817626,0.3782231893624691,-0.005100382888704971,0.3051453437934746,-0.00876056061150702,0.21645010954169486,-0.003418349488803705,0.18499871697481635,0.009473973084573036,0.33945552541516444,-0.0007105523846426669,0.2607544194110417,0.0016198539459675175,0.19450429908694766,0.003580238713853513,0.17478441539007084,-0.0027113977003425465,0.631184103557688,-0.01021809278672078,0.33423249701915264,-0.00842325032068219,0.24556904884910166,-0.007544400872959489,0.1948000742384405,-0.0034059223883246533,0.408969640935105,-0.0030862678792383576,0.308850617511221,-0.005116306110246244,0.22248121056288692,-0.005867324178140322,0.1784907793916293,0.004388642033337843,0.3652626317779242,0.001576632999583457,0.2607756689487293,-0.002570225373378249,0.2136883976919321,-0.0015954182386747886,0.18065999552465287,0.006789366992541811,0.31825740956610493,0.0021983100292394565,0.2287313070912291,0.0007841126784554108,0.18793798485785393,0.00040477353456324424,0.1803988331381819,0.00020709251723146412,0.6128810875398196,-0.007732943665077967,0.33174435642263317,-0.005748403551270712,0.24306367090254732,-0.005804528041765003,0.19446514514971602,0.0035661480144583823,0.4345179562587602,0.0012091566865767233,0.3205411550540589,-0.0014289690164665575,0.22555885274248916,-0.003170703525514279,0.1809144469393621,0.00736747279818699,0.3627360565562189,0.0044490165502211534,0.26261782187108973,-0.0006727447914313176,0.21485828820958908,0.0002491415247916672,0.17873896665915673,0.008294288912757693,0.31629702272518234,0.0035805447834102774,0.22861765283284946,0.0022701750676669373,0.18879672503457517,0.002265509261085123,0.1794391739696067
2012-08,0.03688499283327168,0.6068043078203011,0.011729563629811902,0.3226774127156008,0.011611091369481383,0.2366369056452324,0.00923504843965033,0.18890812500107912,0.013231853103949283,0.46644480936884863,0.015766029247789158,0.32517593509728593,0.01501312531657465,0.22297561824949924,0.017194711305460176,0.1748891773131025,0.02738669800647132,0.3448030729369823,0.025309083880704086,0.2791296449234836,0.02002354621422175,0.21747996466777386,0.018889601412593684,0.17172606168191432,0.03642531776797949,0.3204811401026576,0.03432198306171927,0.253901591932668,0.029254837697938914,0.2003555197319699,0.024449370005502874,0.1656875644947477,0.037940094997352354,0.597898813008171,0.011485125847668982,0.326851914285425,0.01127911726120173,0.23569280275987098,0.008651596231847952,0.19276488942064848,0.013694999994788404,0.4388150467398903,0.012060525679674881,0.3198159368714054,0.012053166555908667,0.218108750080368,0.014583758435363843,0.17259096690540646,0.030822250468052405,0.3541417921511634,0.024776521372432685,0.29435274287650726,0.020557712822084587,0.2196254327151591,0.019278374190125513,0.17666983294406743,0.03194841212693668,0.3064954378980411,0.030476500879082845,0.267158111883374,0.02489943532987177,0.20151247406411502,0.021622939938516144,0.16839468225834425,0.021571034971912206,0.594212216123837,3.392449128577211e-05,0.3272330300544003,0.0005992340918348476,0.2313726918822468,-0.0010315580678858082,0.18539707299990593,0.017962056572024133,0.42053072251614454,0.008394337294116186,0.3098227573705572,0.006280154375284857,0.2180003873226898,0.00600010244610034,0.1747632028894025,0.025428426713854042,0.34903401363148134,0.013611616324619718,0.2556546349370885,0.009215092192103855,0.20795355070380245,0.0116513244581219,0.16868598335237628,0.022610406565627496,0.30996184838710805,0.018830335171962604,0.20969517027348555,0.017548380886943136,0.17997246972071893,0.01591459469068871,0.15512989852653303,0.015517479958326455,0.5799189342663391,-0.005381953863789705,0.3213878023486193,-0.0047585716654149224,0.22933182050294965,-0.00482583544492223,0.18571607211773156,0.01637094380486459,0.42067014363832683,0.0069254141956127365,0.31138691391209267,0.004953331171447779,0.21297740507929058,0.005061915234523288,0.17454442119689098,0.023561401458744722,0.3632793683976606,0.011988977428962919,0.2603942984420556,0.007525218487559615,0.21046094644930463,0.010372260360900148,0.17102382080626313,0.022540838993951137,0.34008292983585564,0.017980985811646658,0.23016180530921995,0.01639337457852645,0.19083820919364253,0.01514306551116493,0.16303251756586845
2012-09,0.07419659131905666,0.5929961527479185,0.0855064755258964,0.3178474645008311,0.09592900700351181,0.24196009298066995,0.09044016869620966,0.20426997529722252,0.09335778500369438,0.4184204145600795,0.088803659798704,0.29818690117851343,0.08351401319323953,0.23808001005745444,0.08697768796174973,0.1887672186864608,0.08229448335303112,0.40096098430210364,0.08236979765128925,0.2675585772539234,0.07431736499481131,0.22724874831599906,0.08102289282598783,0.1726031155172713,0.09399307220866049,0.35805968191784543,0.0745817852587731,0.2519210125842445,0.06989444832900861,0.21133964697328522,0.07918193533736063,0.16333768077030608,0.06967756175534612,0.5974577056864023,0.08436662368117819,0.3041392618507318,0.09698013590601563,0.24217783344214952,0.09065022389410296,0.1979907957954807,0.09703733503495643,0.44092366026649904,0.09155798252526891,0.2973141008975959,0.08760067394580215,0.24212927715046534,0.0890368359922812,0.19010752924529536,0.08020592409936149,0.40209214012119904,0.07931962635134183,0.26121602368931696,0.07411534421915804,0.2307330087504956,0.08109406707121257,0.1712927692864185,0.09220535525258787,0.3401460987592507,0.0749485386623227,0.2389912827526615,0.0709335116413812,0.20759178879851442,0.07976084559341952,0.16438219405663373,0.06950964767317791,0.587087647766831,0.0781145642071658,0.3150595623935214,0.08178986104435775,0.23377819775654618,0.07785359235247127,0.19601099640028974,0.07707458371167916,0.43429970131323115,0.07472180813903875,0.28310733052227993,0.07050480052662587,0.22330488154644984,0.07033818779331656,0.1849071794637694,0.06788272549317514,0.3544259469642607,0.06827267071576221,0.25281098779712435,0.06415696727925624,0.2179592796279108,0.06558043930313397,0.181417347375197,0.06300209399377532,0.32627547949704283,0.05768200096373478,0.22837705279501577,0.058048436055366415,0.2024869548067692,0.06178979585007492,0.16595250680326554,0.07223601500779982,0.5865002893038088,0.07899426694619488,0.31530205293981983,0.0826538010807709,0.23715892607917008,0.07794546768649335,0.2018712242643652,0.07802371016809687,0.4521019355168981,0.07653628588564149,0.28884471504402853,0.07210560476003479,0.2222984006231555,0.07155826747183928,0.1863640084583596,0.0685744269426668,0.37289131751060867,0.06674122777083147,0.2562349057775594,0.06400440348417541,0.2233983321626294,0.0650694345827146,0.18354541646391948,0.06658363803605981,0.34123041288971445,0.061141576423164375,0.2320760986461612,0.05968192732756916,0.20440572461305692,0.06256377603323332,0.1687297103200518
2012-10,-0.00917081483649896,0.5692739576660909,-0.012040420261487408,0.34677560215561276,-0.01500628006872652,0.23722866362371797,-0.012376316324411874,0.20424118768670288,-0.0008065059222406489,0.46270334333771657,-0.007871184600628205,0.3100890309434682,-0.010665837833913757,0.24335888523963534,-0.007748851949844218,0.1924166573262917,0.007031067371377897,0.43406396995653446,-0.0008342994226493339,0.2900363690656271,-0.0012928975654458164,0.2350577292870392,-0.0031422999598442283,0.1888959880876782,-0.0038161427030134047,0.3332043387176612,-0.0048617244494043015,0.2479184747767283,-0.006777543148272924,0.2190465780862052,-0.007086833563066116,0.1859627621312408,-0.013315879078110545,0.5704138940998424,-0.012847056551485209,0.34917043611404835,-0.014295920796237096,0.2536412058280869,-0.012336393976588035,0.21068010080777694,-0.004115183321158578,0.4625125107909367,-0.010919596682664212,0.3059630648901813,-0.010497649774273095,0.23804508179065223,-0.008057011819313658,0.19581116934236747,0.0010859141274949025,0.40888784837246916,-0.004178626697872321,0.278880187513742,-0.0027689869254106606,0.22521328022613332,-0.004943352749454808,0.18256606291602848,-0.000547031173846618,0.32565100309768347,-0.002793574610754179,0.24647085474911032,-0.004855396887064408,0.21711463203471063,-0.006384199687492491,0.1852370188280864,0.0225034188366813,0.5730220854948646,0.018230443302343507,0.34334157947927957,0.010661372343933443,0.23935938853622782,0.008525648186644356,0.1979590136279597,0.025588130380302145,0.43529409416049314,0.016731213635670084,0.30658935927891334,0.011506310674083003,0.2292178240551208,0.008773450696623575,0.1892566595287074,0.019686613562016012,0.37826969870891813,0.01330060639549866,0.2808374222301744,0.00960903097266081,0.22089189511268081,0.005432866909408831,0.18043092137234695,0.020219690586104448,0.32764816049496837,0.015327799153841441,0.2467217073235563,0.009609427810422596,0.20520325101290499,0.004315084531134385,0.18125430843017404,0.015485524209385915,0.5722167447577199,0.014043135343572896,0.34785841982327403,0.007652613066596732,0.24289904043420651,0.006147450294969256,0.20507074686282512,0.021313560793471176,0.4276896856523071,0.013948333101637055,0.30214447426880076,0.008926169185405066,0.22436631003020663,0.0070672658316782095,0.19203556139396402,0.022078295873191486,0.37555523503317656,0.013330724781454226,0.28898166625944116,0.010591424147279432,0.22308986297493544,0.006454368938661102,0.1821538984224885,0.020048891534048104,0.34225188554925334,0.01408351348560389,0.26113920171939903,0.00832581636816742,0.2091701279456118,0.0035996758056583357,0.1829565668924488
2012-11,0.07430762007170917,0.577624568009111,0.050150664793575446,0.31841518210125597,0.05124906554455705,0.24906804673803887,0.053168586191335535,0.20857976055897512,0.05508479983742922,0.466455313919953,0.044339806257666085,0.3145659311030854,0.04200381241961203,0.2562822756944832,0.04100202774277912,0.19834789034906247,0.04951145820053274,0.3631302341001986,0.042844994236640524,0.25954956323465384,0.044158647931849496,0.2387312186845149,0.04539919663564383,0.18956288627902745,0.04130369576115561,0.30782225920522843,0.035823330668734214,0.2524191003891173,0.03721582945327875,0.2204942024710043,0.03850037929671491,0.18067683335971876,0.07072550432330578,0.5777192022385029,0.048076651662429075,0.3229474181759323,0.05032836582045342,0.2531777158109071,0.05113990848809923,0.20898335426425146,0.05379548419813882,0.4739182002084082,0.04347608145429878,0.31824625905806425,0.043437342681675685,0.2636696868502756,0.04311336938559348,0.20390923106724135,0.04978207964202074,0.4016762007157024,0.04008615454981178,0.27528961213331377,0.042966395430339546,0.24325683179317503,0.04281959262721306,0.1908354195894003,0.04931492332527059,0.3139564506026846,0.04012010969656184,0.2597369629766416,0.0418141523864642,0.2314071192119065,0.04244392675697009,0.18352670701997015,0.056362908572999804,0.5493650627748261,0.04690305499616794,0.31408946970592344,0.047023228858562346,0.23857291993485497,0.04728864315214303,0.1915478702534232,0.059616702242823574,0.4021473782031777,0.05319844912544951,0.3047790863143951,0.05283562881074015,0.23832326950874747,0.049972096981240624,0.19363783372344173,0.06622928847753262,0.3393881606286432,0.06092614296190092,0.25727292300597604,0.055556687527952335,0.21006447752024032,0.05176604131351894,0.16851099336016284,0.06801626088533774,0.32043730594378983,0.058605033454317654,0.2551761840818486,0.051010209284296004,0.19192227665617997,0.04591600259899759,0.16778499156774998,0.053824501483252636,0.5613355050647991,0.0450516993820264,0.33122543721530584,0.0488332476369848,0.24787993016776882,0.046544989314328024,0.20233130851283954,0.05884754007441701,0.4522933271072333,0.05091406319316119,0.31160701820304704,0.05109720074901497,0.23954690208633805,0.048961180600482115,0.19269079071284131,0.06995024638160567,0.3405292635969865,0.05867970688941803,0.25824078693033437,0.05602604206621107,0.21198304968273546,0.05103527976435781,0.17630097102280065,0.06875504357822611,0.32311202174251896,0.05692049795893225,0.2554563126538548,0.05153237728569577,0.2010520042446462,0.04618088394629749,0.17398016158750582
2012-12,0.019277182386576955,0.6299476368822656,0.01066861250858699,0.3454232406544679,0.012719597851948126,0.24372029202033935,0.0126527412410859,0.20416993981503762,0.00044858785487344186,0.4462019513741282,0.004966822679733404,0.2965363371981985,0.006269953524517431,0.24784819004946718,0.007444775860113964,0.20477975520675276,0.003192446273457257,0.3148482100109721,0.010510824864498561,0.27223112734879523,0.012410894093350338,0.2318900118555194,0.010146054389794835,0.19171682973566845,0.022061155167477527,0.3594483774647552,0.02192383573794419,0.2624682765989985,0.01694775146535358,0.22574115926161487,0.015983331040943557,0.197976546297109,0.009164041568543656,0.6118106569900716,0.00424672304306515,0.34698996053702363,0.00824167097907958,0.2510565904423111,0.008782706728993601,0.21637659326143277,-0.00010132270557485976,0.4581783431502189,0.0034707017953966093,0.30848110503552006,0.006511728235186491,0.2508770184237279,0.008986563565868608,0.20826808760249813,-0.004166944308821197,0.3277369234006646,0.006007123781374205,0.2851565996275627,0.010806819399901841,0.2365421872771324,0.008119369828891639,0.2004394549762077,0.01721720995867007,0.35179196395337475,0.018194315593639574,0.2632412565615989,0.015263043856667645,0.2304082200157262,0.01408363858387604,0.19997846466626792,0.04385890640760433,0.5726931668205112,0.029479754267714733,0.3171626554003242,0.024136683231085816,0.23237291416806954,0.02140497390807993,0.18929070643205972,0.027980971890835662,0.4324988073413405,0.019230308130118588,0.2970222192472091,0.01772427846649248,0.23901876386370752,0.019100381328687098,0.1945975891133177,0.016323415778446967,0.3393983605493016,0.01677109759118387,0.261143930885725,0.017960786157750378,0.22049423575449106,0.017110671298820795,0.18560968460479182,0.024410394973992475,0.32971988311929035,0.019072026416781882,0.255166442167866,0.01920155544967192,0.21073282151271383,0.017819839390801347,0.18217605857435082,0.03287148705386094,0.5756563567006591,0.02212987928404821,0.32677439303579026,0.01955922119016384,0.24666629476770136,0.01880656832463235,0.19790362910181108,0.02286793451535837,0.43681435286853976,0.01745054947228899,0.30419895561102006,0.015411264756100312,0.24495569087680963,0.018818738173454787,0.19972754350734645,0.014959208880675754,0.3387485107137501,0.015396527549720493,0.2644645909795444,0.015310807248046168,0.2220762859539751,0.015856834152306418,0.18532086078704302,0.024097904488703463,0.3421940322091732,0.019159002158220237,0.2508334928401327,0.018206148725590645,0.20626855999496424,0.01750429123508294,0.17661265136831297
2013-01,-0.031356893116156505,0.5921853337866196,-0.030883502972777598,0.32973128021320686,-0.026617605254652198,0.23695543917674572,-0.03161529158204973,0.1968987633103742,-0.04142040176557925,0.4169319726242608,-0.028753458799032957,0.29569702695319533,-0.02523282671072239,0.22539786564692738,-0.028577115528422938,0.18754513382793775,-0.0308106365871058,0.3782710038558603,-0.021015055786368444,0.292968776729716,-0.019310594007284763,0.22417768413494737,-0.017311523172402716,0.1895330712027179,-0.028513373798950928,0.3583074599369455,-0.02282697351744862,0.2454468116293418,-0.016930453059728737,0.18835716768720767,-0.01597394580450946,0.17694882279259588,-0.03836877216113875,0.57046681425237,-0.034568159788675355,0.3279005491399674,-0.029946418665584625,0.23881804242490437,-0.030542631583803017,0.19693172043850876,-0.038463469793468846,0.42761938915627173,-0.028452471676718927,0.3000080690276452,-0.02522683200975392,0.22020385469743764,-0.02670290589567907,0.1875357515372562,-0.03645213948912827,0.37639383615153776,-0.025819315996073858,0.2977806846241682,-0.021435626806943314,0.2200958001533742,-0.019642043590335993,0.18701314267423935,-0.03199064838673365,0.3693227148610123,-0.02398421954706893,0.2609805137998843,-0.01859318852537098,0.19402362263566691,-0.016867492084140873,0.1811692335722136,-0.03888736442845856,0.5758133112782436,-0.03139552983860974,0.32716890751433325,-0.03144240883312915,0.24547398563510767,-0.033693249686322764,0.1977990102444681,-0.033314975865369065,0.42963670984009095,-0.028985548535127824,0.29599671375558434,-0.03142736867189464,0.22503075918562887,-0.03138624052835451,0.19271999629573577,-0.034881133081688206,0.3869648217531474,-0.03172667582202751,0.2792997969378208,-0.03333783212843276,0.2328887523788975,-0.03137571536734762,0.18909303959938512,-0.030741934491074853,0.3469187467512212,-0.02646665643873117,0.25680566618682954,-0.02550860852718607,0.2080070515016497,-0.02618608572878211,0.18080501099079255,-0.0405131818338499,0.5863368050743302,-0.03463457412615003,0.32190123422530725,-0.0346587669883046,0.24476354412797913,-0.035391656512672606,0.20286891209741603,-0.03299557911455131,0.4554294105556562,-0.028356473150650992,0.30395313475463925,-0.030768215164720458,0.22861126954136343,-0.030279431481383463,0.19956391243178043,-0.03495520296537197,0.3831174202953672,-0.030517599650062212,0.27572632134787334,-0.030964719395466443,0.22855698729911023,-0.0290948711316471,0.1918797916319755,-0.031101336225242148,0.35415036292180563,-0.02769783946103264,0.2626437120687402,-0.026524554724857825,0.20987115430609798,-0.027534089060803648,0.1820598131247012
2013-02,-0.16650084098016207,0.6242754564969462,-0.14765342921814603,0.35059114758222776,-0.12977037671849628,0.23996203660422505,-0.13073193157374594,0.20807391890651544,-0.14260205029729406,0.4316336202244234,-0.12424791416656451,0.30699639730531825,-0.12019476022837063,0.24233527166287966,-0.12151568860349553,0.20759484192556937,-0.12640316071478822,0.38034349752603147,-0.12362120630950686,0.2900338714217788,-0.12213099999350625,0.233299360814807,-0.11520985252631882,0.20654345905808327,-0.13666909314795617,0.30257357580837546,-0.12428423600868113,0.25088631109648896,-0.1162466183812717,0.20926085040462267,-0.10912742475971222,0.1887685662777138,-0.16172984082897365,0.6110011892317795,-0.1469096713116705,0.3549399020808743,-0.12960139320805403,0.25382997021069587,-0.13496379937060865,0.2147479505015023,-0.14384089193099353,0.4236885402056884,-0.12612788512895912,0.3052002113804648,-0.12004742889357152,0.24334631251385566,-0.12144130398053582,0.20979945019767646,-0.13088032253243886,0.38085572648312505,-0.12874137051394813,0.29316823569082295,-0.12267116137779255,0.2381621832774495,-0.11539493540057437,0.2075235966769115,-0.13632204398558462,0.31948910899373256,-0.1277397665159271,0.25607484923695434,-0.11851317175170893,0.2198790858513312,-0.11055417269508742,0.19040668700282118,-0.14282209305952578,0.5794889208608605,-0.1301109218580401,0.326437887555058,-0.11861399765749495,0.2421567747927313,-0.12241212992996658,0.2016139876784776,-0.12606798397430852,0.41667683398537764,-0.11508042306187609,0.301856271279379,-0.11248791348023437,0.22669889188517456,-0.11664630494681173,0.19518588318407606,-0.11760725602385315,0.3556635568750021,-0.11715973103457,0.2701356047958555,-0.11537797202342992,0.22520533991462843,-0.11069512793650071,0.1933021769101717,-0.12453637787328077,0.3001426002319101,-0.11939419628611866,0.2458089819158726,-0.11146150190809083,0.21228501280809353,-0.10609545470311184,0.17745413955989042,-0.13941521767340984,0.5678686479859169,-0.12956479733240273,0.33107648017188507,-0.12114596975476696,0.24600752647751514,-0.1245502229362254,0.2030625471310524,-0.1254175550258727,0.3933205085577528,-0.11620297741478187,0.30461224445613255,-0.11318461561778115,0.23142363165733396,-0.11688929114370819,0.20179642434618777,-0.11695941895787504,0.3475595994235068,-0.11644318390983137,0.27684161618588143,-0.11616487521037254,0.23262038843129096,-0.11099813851492017,0.1965091095795305,-0.12641387504034363,0.3068633717604491,-0.12105314320524606,0.24438270650893026,-0.11409860220535169,0.2126176688497426,-0.10813707744063343,0.18198711976479093
2013-03,-0.060604005067486116,0.6309643299281205,-0.07839482969206589,0.35016316674585124,-0.07103300950639718,0.28074832372351555,-0.07074358141884729,0.22420971293699052,-0.067438420394773,0.3903381770851141,-0.06846401093715429,0.33175194189212764,-0.06629105554047982,0.25171951911034585,-0.06902514058221752,0.2145196568844192,-0.06806750028278243,0.37957716707369926,-0.06892474496098143,0.276213078446094,-0.06484837563741593,0.23432647772583903,-0.07072174581616628,0.21483425103675946,-0.055018556933625465,0.37823062106392746,-0.05948600361072954,0.26834130098764747,-0.059275956510821626,0.23891325963457158,-0.05735220594773449,0.2089157714930459,-0.06495071977452084,0.6424677827451539,-0.08202135060838917,0.3597369614421483,-0.07545926653462173,0.28906285206134574,-0.07562567990298381,0.22691688840649887,-0.07925794073980087,0.42161356521651633,-0.07516526698057453,0.34880485711434794,-0.07089998006366853,0.2607787390471088,-0.07295212854518107,0.2214832642037275,-0.08131953543795292,0.3862685018328196,-0.07829834471814683,0.28740822231653407,-0.07110355597371956,0.2458195037302705,-0.07606346171870344,0.22601642990929247,-0.0653466631907936,0.37576958727172205,-0.0692018165090843,0.27851590635835755,-0.06682581059017845,0.2508246899128268,-0.06446185083136881,0.21766200609063588,-0.08026311009307813,0.5761271120871209,-0.08530979379079816,0.33231553008354714,-0.08156070491280415,0.2524985207150163,-0.07546689636956139,0.20168577885941205,-0.08067762323637509,0.4283075707828967,-0.07961373731459064,0.31691322469056704,-0.07269869988514187,0.24608048072067384,-0.07247485572001368,0.1989673774950918,-0.08102486981622446,0.3723931778545658,-0.07670511183761225,0.2741893927829961,-0.07132421580586125,0.23298124907903958,-0.07088768643392435,0.20553598087585329,-0.0654098632917479,0.31729476494558173,-0.0656198875990881,0.23884498848634908,-0.06430453471602102,0.22039369048818447,-0.06162388353988157,0.19364351120301201,-0.08368148380295103,0.5937364016771685,-0.08833868737576062,0.34932656583580746,-0.0846891497240378,0.2603735225972971,-0.08054927487499738,0.21352187950468524,-0.08941993780200193,0.4297491500449635,-0.08401400296056676,0.3256319162506321,-0.07646280055555392,0.25101463347873004,-0.07710499312173508,0.2036483694382326,-0.0812549685826933,0.37593686457296827,-0.07614171338948017,0.2693452751449052,-0.07112810921851813,0.2340796140405834,-0.07141656267375879,0.20839832965685057,-0.07217822566006153,0.32088990554448726,-0.06940351904496032,0.24918076279717094,-0.06800605697330651,0.22753572669157232,-0.0644371100136107,0.20026321909694067
2013-04,0.033723128202383865,0.6043364472575684,0.0551160334023406,0.340707505895665,0.05015036951812702,0.2576674798911688,0.05046242614113529,0.2094052551423441,0.06784265053988646,0.4772666810744465,0.06967908184482458,0.3307394395511891,0.06224814946060177,0.23626503271020316,0.059560895079530614,0.2042028946766739,0.06565061211842342,0.3710708867844741,0.070697037925328,0.27797407616535086,0.06430166480126946,0.23433323736959594,0.057714177301440336,0.20548035466247583,0.06325260637127156,0.3377003562024224,0.07162030991381618,0.2726989699606625,0.06152832097295095,0.2197371985217471,0.05568226102755951,0.19547295198669512,0.043224416403187645,0.5914370968010167,0.058559508578278595,0.34152544347128677,0.061699291935151356,0.2663812735022886,0.059682648674591394,0.21219640561173841,0.0706702398998672,0.46994475610388375,0.07233150853456037,0.3403152989658882,0.0649806723675022,0.2403016200172775,0.06200277272864314,0.20947191363310996,0.07115879740340851,0.3593056794181483,0.07349731289468256,0.2879924335243064,0.06950908710971715,0.24199317632790593,0.06081478211393041,0.20730358236762503,0.06745878837759885,0.3587791200379211,0.0728413619290722,0.27192870515982326,0.06285478286831148,0.2210839164284385,0.057478251772105055,0.199127839521639,0.018820056903207608,0.6042725515143246,0.044304846088784176,0.3298286661262565,0.046894882250752855,0.2462612802538263,0.047974388280580045,0.20877931714943318,0.04565758564302178,0.42957938141578955,0.05861748402916382,0.30529846470022615,0.05542264578111183,0.23131830827365724,0.05615370918394082,0.19044054519956893,0.05238247514774702,0.37465367084307594,0.06365960656236999,0.26525449578160865,0.06044162997382936,0.2241895308845031,0.057004849171449164,0.19664651651621004,0.0489208050035058,0.35702419572119026,0.0623927397541327,0.24208179648445388,0.05673866915598487,0.21979901603540736,0.0505612354030738,0.1986589418926924,0.021185631981260653,0.601410003103048,0.04385897307591199,0.33484995253899286,0.0489345677566635,0.24814342793413988,0.05007350780216977,0.21174639521660374,0.05318106964633194,0.4261111826599106,0.061278434024998274,0.3131369485306167,0.05739383757269028,0.2394671197517937,0.05697062395333288,0.20031982475104176,0.060908836015078266,0.37226532184456224,0.06544613631929302,0.2738702337400502,0.06244758322452264,0.22828061693465596,0.05607296890298202,0.1967279600439203,0.05455326589189557,0.36553743380270276,0.06599640887661215,0.2561342750360836,0.06060743604521256,0.22374403636090853,0.05229461026027431,0.20063564114560375
2013-05,0.024915547533209386,0.630633877825739,-0.012598672498359297,0.3416345085141083,-0.012594798116577552,0.24966479007889558,-0.00916728737462508,0.20805249277162308,0.013659219201528409,0.4612909765566294,-0.0033617739324416397,0.3166491043897516,0.0036640416933584963,0.23321356555555636,0.003098270199380109,0.20499098612592878,0.021173164287561438,0.3502580372954749,0.006903168763833244,0.2623967226568522,0.008203600506498456,0.22621178188508084,0.01078980056483283,0.18391023102206036,0.029075652991512716,0.34136384884269066,0.006740292898833749,0.24518913945433812,0.010107173313449425,0.19873892020823808,0.011779122612186837,0.19471456244608637,0.01821260735522129,0.6166237276820863,-0.012773869859714494,0.357929391963816,-0.011881054117386117,0.2603871863397431,-0.009242714604194624,0.21708573099449907,0.01064211935037692,0.4881034851624301,-0.006128020083725195,0.3393181913435225,-0.0005608333862627022,0.24255478859664253,0.0013560832817602027,0.20830397318392851,0.01073072438103295,0.39899971406887064,0.004122783597804032,0.2764907886214947,0.007165169276819197,0.2330454173023501,0.009453266014893958,0.18840079917315988,0.02596002846704127,0.324804834509129,0.004054560259638738,0.24985311272664312,0.007044206502182514,0.20508812751484745,0.007916591834774138,0.1964850075508733,0.013993453300990779,0.6236944862996372,-0.005167205035580233,0.3768623118306696,-0.005593907534381822,0.26826371879544286,-0.008140594085791427,0.21943139753499818,0.012242327781774765,0.4408320714472234,2.5389159891409368e-05,0.33661972264332735,-0.0006384384579862639,0.25045433695074715,-0.004518300229425172,0.21396183104105232,0.015077858397792597,0.3185958196627783,0.004061955671848968,0.2769021970760258,0.0008940361627192725,0.22368648516708406,-0.0033316650969591414,0.1991802154577867,0.021230809010039143,0.31563824750688296,0.004945635865643687,0.25148928997299014,-0.0017358892372314823,0.21930227551788115,-0.0027021276019642956,0.19848136351683243,0.008380643722282522,0.6307020438299807,-0.007183187069236483,0.37786500677620694,-0.00662077904698513,0.27407459973676285,-0.010857946439332088,0.22049380291893422,0.00722941498036041,0.4643686247656692,-0.0022072023692470983,0.339245908116232,-0.003230572092312709,0.24877182349349902,-0.006941660785585974,0.2160846591015765,0.01397631968416793,0.36505832896302526,0.004453572774720407,0.28416804140799357,0.0016631933207933462,0.23258895124232215,-0.0031508360456953,0.19930028440917147,0.022001810053869,0.3184318735723625,0.005479566822696834,0.2583988902053066,-0.0019466205430609053,0.22852816137972037,-0.004383293632963698,0.20032489185836277
2013-06,-0.045331835689731245,0.5864768716875091,-0.06371733063354314,0.2834310091877743,-0.07395024603828153,0.23485492409978426,-0.07442494485914139,0.18954121700747248,-0.04885640217532165,0.5220051520725786,-0.0725357665371189,0.2999236543292938,-0.07864931956571458,0.22989455396166658,-0.07483981631052586,0.19709001820658734,-0.05326682206204242,0.40141301047314126,-0.07007451933014609,0.2726371193377651,-0.07194285027909005,0.22906793900656447,-0.07050498912992202,0.19927765482266346,-0.0538071477214084,0.3301965301915977,-0.057826825845210254,0.24142710570467307,-0.06074949787169846,0.20864325906063874,-0.060364345497019974,0.19252347301546785,-0.05244543525551013,0.5788300617869728,-0.06640607322326755,0.2963573852858421,-0.07705633400789758,0.23745168156759838,-0.07781267638274922,0.1941462648536251,-0.05923061170238511,0.4981713001031032,-0.07698006889701789,0.3027814980801134,-0.08082262497199495,0.233667295180352,-0.07704671189672663,0.1990274857634649,-0.06500796601743464,0.4028820673573622,-0.07965029578874988,0.2781035354504661,-0.07944901448255823,0.23761118384433702,-0.0771903472593209,0.20193848130609243,-0.06124916962449987,0.3096316512422794,-0.0658687352376608,0.2474880414415509,-0.06729818060662239,0.20757946148737852,-0.06596062701142584,0.19299881708176791,-0.03612511797867963,0.5671031269190356,-0.040859257753211975,0.29851932510558843,-0.048411874502841894,0.24326695168038925,-0.04862078582128122,0.2064713247969529,-0.029603939838365578,0.4429363032623396,-0.04379228419192608,0.31288656272340787,-0.04823131953124488,0.23479499022110611,-0.04825781227557606,0.20701110649980697,-0.03861390915327789,0.32777376520186874,-0.044072282552920575,0.2640434934790393,-0.047680515568596295,0.23821132341273446,-0.04901514321645819,0.2007806526370143,-0.030891467818032075,0.28246510924683377,-0.03896904245062603,0.23654050101509572,-0.04344050243573604,0.20673712279493509,-0.04355356854585464,0.1988027750858547,-0.031708349944992366,0.6001323846753537,-0.03873016040424529,0.3188603971245604,-0.04789150157745491,0.258871645205477,-0.049837154993834745,0.2166738912918421,-0.03198069919829472,0.4700552409004626,-0.04519737046537693,0.32527245804649646,-0.04969246402187699,0.24953836571831492,-0.04995240376719159,0.2181460840112614,-0.03636346975579953,0.34190023941267644,-0.046196490206429505,0.2725220082660535,-0.04908741786853845,0.24114086597783307,-0.04959463234044501,0.20934098592463063,-0.03444036291758875,0.2992645265136597,-0.0417588390366618,0.2443215000730987,-0.04563016208034472,0.213624952294548,-0.04509498449819302,0.2065061771480916
2013-07,-0.013843125624051714,0.5928544390287587,-0.04154432211312822,0.3228594870088518,-0.06631420395820806,0.2469423344493531,-0.07203072078777042,0.19582643304453112,-0.016462446928909545,0.41611430606669997,-0.055963852536119386,0.29007287447025215,-0.07363190867755039,0.21788667502242232,-0.07258844932803835,0.1902662917751281,-0.046143534648599084,0.36963786958585926,-0.06615614334768642,0.2782767951716777,-0.0687783920162798,0.21515103560165222,-0.07269217763230726,0.19208641916207325,-0.0514289706266507,0.3240349031998517,-0.05763257410049861,0.25043431553145656,-0.0626575199005345,0.2009575962180653,-0.0651938496926515,0.17881466619408504,-0.02273408923090536,0.6043729259484487,-0.04445550094300348,0.3234508861576173,-0.06545402507824809,0.24512849535262257,-0.06956267628077446,0.19796744253191453,-0.03092354658337594,0.4060800263325804,-0.06369950603155643,0.2986778218859869,-0.07803582540116089,0.2237702122194989,-0.07581961026848345,0.19366682248679945,-0.05976819596217741,0.3773546810052679,-0.07768273726423224,0.2879324778480508,-0.07573169764405818,0.22001581143663154,-0.07584307495963757,0.1930989512305692,-0.06550108949100776,0.3142871122759047,-0.06541726625403994,0.2589717672378247,-0.06769355397977225,0.20109323499788678,-0.06808019559413396,0.17939513602499058,-0.018028335289883554,0.587462694372545,-0.02901451586203397,0.3335196226072937,-0.04100106574283374,0.2492093107321307,-0.04117459770799451,0.2103720372603517,-0.019302864394856005,0.4346452215781116,-0.039915781250321795,0.31650143099858113,-0.046205465323689784,0.23266988662550736,-0.044249750370462505,0.2004023591829463,-0.02850826689806597,0.3263882409085508,-0.03951736608501287,0.2649413310860019,-0.037978091640467934,0.21750476798220253,-0.03897338222765369,0.1843313440373483,-0.03874478124708506,0.27269481095819614,-0.04578108473262268,0.22627311252964408,-0.04482653828508416,0.1860859858601992,-0.04298617860534386,0.17767495035575007,-0.025947079771216568,0.6059594073978976,-0.030774219977983477,0.3348431388487602,-0.04102834359027061,0.25883067634356954,-0.039941200509604806,0.21956342139789753,-0.026319154432803776,0.4449203081266867,-0.03982464160473903,0.3189581078142495,-0.04339549806603168,0.23746742117741837,-0.04233122920727066,0.20547998650888855,-0.03325979660770229,0.32229939632950805,-0.0420514498730391,0.2571603356748247,-0.04038067979275623,0.2200396435599249,-0.040727780175538235,0.1888355778598047,-0.0431555813528712,0.2483909327432123,-0.04594107951472167,0.23051828181695488,-0.04614228737075467,0.18758509369644003,-0.043851941700369775,0.17807450808962155
2013-08,-0.036678081543799326,0.49153499042808824,-0.022872296229092502,0.32532664132217004,-0.028312514736312265,0.24633229646123428,-0.02378067593970014,0.20507725057253673,-0.03553297041660099,0.4386308526402901,-0.03628699225053304,0.27838150984712423,-0.018707774551323275,0.22415178024914667,-0.01480364165645808,0.2044611641323164,-0.04566164544767682,0.4292138397668289,-0.027528087367312316,0.2689705594907351,-0.015559084301730357,0.24217907911873754,-0.011782052209606375,0.2079789614836659,-0.032210816191497654,0.4191046317769511,-0.022966522959451837,0.2807149231142241,-0.013286345040061535,0.23409913259864706,-0.009848888567830302,0.20174527151209454,-0.03408578414643044,0.5129362990650392,-0.02496137297574538,0.32311320433183144,-0.025571677175932624,0.2625496410219371,-0.022463722558960345,0.21645378470450102,-0.03333062206514164,0.42940097431705526,-0.034124852718526034,0.28667039173135,-0.02073617888152438,0.22280510402717274,-0.01608485227363916,0.20909645082348233,-0.04654927344914054,0.4144288768100371,-0.024931415272163773,0.29327505275224064,-0.01280785249096285,0.2518452699241949,-0.009885005976118477,0.21065850727578855,-0.031242419017359514,0.41945029692000463,-0.01745000992227673,0.29094068358043373,-0.0094520677815902,0.24508629428431006,-0.006398471973604045,0.20996374509426388,-0.0226171995420994,0.543608031943753,-0.02575521106720719,0.3276429450363769,-0.030983305990639417,0.24641954091741997,-0.02729420885401353,0.2160929248002017,-0.020271296944500028,0.4488688848170216,-0.02940964821897425,0.2927361780228605,-0.024392668343941548,0.23043553915764697,-0.020868835424872754,0.1977951578952446,-0.032848213991028496,0.36929598836697874,-0.026263611769350104,0.2530088907005513,-0.02200711166659489,0.23453681722832076,-0.01951840999471881,0.2043496193120588,-0.025345139702212333,0.29728499977052725,-0.02128050664321903,0.22793417695660226,-0.02071377530913147,0.21879093561720525,-0.020056899013561162,0.20019867554827836,-0.028373781295362013,0.5307456901774461,-0.02509692307045008,0.3241656821191846,-0.028542353747690048,0.24688133120515532,-0.024954459472290195,0.21724325326885044,-0.023225046850191947,0.45331320933919095,-0.02900046630467959,0.30714304906372053,-0.024332923999921985,0.23661496156416795,-0.02150239479556077,0.20624992760758762,-0.03491733664328747,0.38517770642288285,-0.026903210058530316,0.2634522115276066,-0.022212724372553568,0.23157790421063293,-0.020163659062663736,0.21060173417033914,-0.024942306015886078,0.3018600438452958,-0.017038862292062067,0.23616125794167814,-0.017524344878465024,0.2140148539127009,-0.017418944427585726,0.20490715395293851
2013-09,0.06475992073007057,0.5601773220923831,0.07237650894706114,0.31566544780283345,0.07869829500650272,0.26155942902641605,0.08685859704282264,0.21905086155256398,0.081173079201449,0.41384262032025343,0.08494848855311352,0.32175831855134407,0.0814234443507293,0.25402049715609526,0.08401332839235925,0.20169097050195445,0.08481647337552581,0.4573783467154495,0.08528870535797575,0.30345171366109297,0.08954600733776716,0.2503634090161442,0.09338738076986516,0.20722541230847685,0.0869751655280483,0.37401778656565676,0.08971113532355184,0.2241539655069149,0.09477403858669982,0.21796944636834537,0.09518199307914031,0.19104270987138033,0.07494812718427174,0.5828165599715087,0.07849225265380617,0.33168535822798667,0.08354859836856111,0.26650109548752043,0.088313366404773,0.22189510520061295,0.08615931818497848,0.47784350064731235,0.08703587849747971,0.3366130868774777,0.0853963577521751,0.25244222513266446,0.0875563828213863,0.20590273991580507,0.08221685170599034,0.4749924152699547,0.08517793081523538,0.3436392107316412,0.09103877642522278,0.25855133806923947,0.09289263997826956,0.21849601036191346,0.08912903590801098,0.3905472175072705,0.09005625418035626,0.24806033733839766,0.09538434235274669,0.2196550912537471,0.0956632886235318,0.19317351539288372,0.04206099932538632,0.5812191903491488,0.051664747800647996,0.31777539078690387,0.05359079633312626,0.26407348437621203,0.06303269067365362,0.22198754516178465,0.05488875910182985,0.40522842308251117,0.06003223288178092,0.303060786527202,0.06336820037784566,0.24245972216711778,0.06510825053835596,0.20434247902119912,0.055005826180924644,0.4279056887286876,0.06287049777991861,0.28317055488061227,0.06626353241007558,0.24420601228754502,0.06988126494737557,0.21175953350580545,0.06425930896011005,0.32451274402742736,0.06748237782591328,0.24235032808521256,0.070881416891407,0.22341579706845763,0.07052739192966426,0.19358535288814535,0.048765626332610605,0.5975131478283366,0.0517409913200599,0.3409087780748648,0.05268884460272599,0.2755239545220659,0.05984257089367899,0.23397479456307368,0.0538598931455107,0.4314789335345461,0.057409080808218285,0.3119188889789482,0.060525958093337905,0.2461706768857495,0.06319419820507341,0.20376702456850454,0.05563613227480084,0.42173129726198844,0.0618455371435594,0.2896313845522235,0.0659545433985934,0.25019594982394056,0.06825233903689837,0.2104051801782402,0.0659214068564811,0.3322670287703926,0.06656433788488908,0.24990149672351386,0.07168124773094552,0.22255877035015068,0.07022124632661698,0.1991244676610576
2013-10,0.07398586295914483,0.6229583402701535,0.07226084076225753,0.3005890023037252,0.08018418694797348,0.25926738519557324,0.09169087813477352,0.21260399963336557,0.07742077368360732,0.4206900723965902,0.0769591748585406,0.2821499368848823,0.08504707206821437,0.21910110136712824,0.09469005245113575,0.18750313351801295,0.08273920718154816,0.39553248261897755,0.08991868889076085,0.27708444726754533,0.09218853810195285,0.24896681651151242,0.09452161473268117,0.2154222091861752,0.08795765634326275,0.32510104305313847,0.09228313702428459,0.24395201713336206,0.09156887614520508,0.23354035212961394,0.09268224659874569,0.20438131144295438,0.07841964451161151,0.6357201284260972,0.07596248532420714,0.30873025206973503,0.08301902671570759,0.252583753609644,0.09394654362483555,0.21013819689468913,0.07410647372153552,0.41763838136221454,0.07658899312861454,0.2876323881973385,0.088436954212473,0.22376033261016928,0.09652332094313917,0.1983555817676923,0.07279124417966201,0.43032728318584124,0.08724561247682999,0.2812451659555952,0.09352633580396696,0.24785975064562887,0.09484437261198268,0.20940057880171387,0.08635381361033079,0.34998590951947445,0.09187627607914055,0.24800972822768683,0.09517797264195124,0.24376308106893885,0.09504688644998043,0.21746952748206733,0.08037437573180807,0.5862239373082813,0.07376728808868621,0.35653367029334393,0.07099887551404696,0.27465396459431407,0.07655960926831729,0.22880470524108115,0.08064352402605135,0.41984967911172166,0.07665507122901917,0.321327949086043,0.07704078547536926,0.2467111062028918,0.08293825700823265,0.21534836698148796,0.08044007878376382,0.38431102819453716,0.0851278153456673,0.28553082239878713,0.08860255802161981,0.2566969826639671,0.08882549977400092,0.22884502311476562,0.08531733973857906,0.33072007227925326,0.0901574668082864,0.2640927970959776,0.0865806985345849,0.24535606706478924,0.08740624071476859,0.2071552420050704,0.07994846450527165,0.5897400888301763,0.07133181002101834,0.34973503072753187,0.06915720009851145,0.26544466673636513,0.0749605915456271,0.23083890375379834,0.0809172490800351,0.4249579228500808,0.0758494362357708,0.30611159580088954,0.07960121935576452,0.2467310650145617,0.08338559312142767,0.21656830057275497,0.07780018122247756,0.38752859786586613,0.08300129555714311,0.28968669944276726,0.0881050305913161,0.26270079208692854,0.08835294533537848,0.22724678666620246,0.08821393939570614,0.3491850646491988,0.09144893028567525,0.2603879390620939,0.09127623746697665,0.24894279572923278,0.09170766364366277,0.21242042627436686
2013-11,0.028807628930756043,0.648963947096851,0.021777563545914203,0.3570103300833394,0.015338378226060498,0.27251863744801785,0.012540079477327857,0.21497556169606408,0.04507206788641774,0.395833102253368,0.02952333776814797,0.31506817732132786,0.018450642594277453,0.2370414395613336,0.016668265108971608,0.19662397649979702,0.04443108108438777,0.2980118678787706,0.031086639020579832,0.26926757969938997,0.02368006621559859,0.2229890428229849,0.021525074164156843,0.17927185720523175,0.0444306880649403,0.3315509617980825,0.028884950147855932,0.2502614305815415,0.023424748250947796,0.19890814236258503,0.02089941177530891,0.1748439223345692,0.0351079064543167,0.6502319422922309,0.02470607159258011,0.34800516406290605,0.017983207103816904,0.27037725002536506,0.01397707898417869,0.21945914220657137,0.03997907873762206,0.3885578969991504,0.02373646982482442,0.3067113284283407,0.01522747591948459,0.24485587263090947,0.012745327760626122,0.191653736613693,0.03826706237279073,0.3365768346927276,0.02576032874270304,0.2644654196532933,0.021353202951515778,0.2255020985127249,0.02116039732573857,0.18573718687829682,0.044275479448884415,0.35200548323730996,0.0297807379142681,0.25869371957155973,0.026311375127182766,0.20381542065236508,0.022813483423815107,0.17631367410421642,0.046703451468697185,0.6211846468688444,0.040494814959699435,0.3659495778261673,0.03349403802595132,0.2739516594219851,0.030077767991105064,0.2295175290471072,0.05226546444624475,0.4007039218881248,0.0354881080446562,0.3077289465388605,0.027762690923428014,0.23908825072055118,0.02883256547955455,0.21012388349924815,0.041709150317034614,0.34089554901512653,0.031238937904121786,0.27555158491349224,0.029739348419118572,0.23453510500977112,0.030571335451986436,0.19974486132914446,0.03462823207166646,0.2969971755887474,0.02975451121464037,0.25615402396181797,0.029369405832361105,0.20527636293583576,0.02997863843299202,0.19336698461230367,0.04654412610443091,0.6580068532657355,0.038920795608315684,0.3726493402188905,0.032226563407494344,0.2841861856703666,0.030314043180303937,0.23923094866952221,0.0521020847997792,0.4207632210288303,0.03744809635690101,0.30974148148130476,0.030848741113956038,0.250564776761098,0.031992577551041006,0.21540094550776914,0.03629198745971331,0.3384365748616832,0.027549850319327898,0.2824374248183625,0.027853105274773828,0.24252892057002787,0.029449164876962905,0.19913967708400704,0.03252842945789955,0.2849637726449721,0.028250089906322422,0.2561263070783323,0.029953570487292778,0.21270414984010885,0.030279142778208295,0.1976653147953868
2013-12,0.08419039657637882,0.6306355539896183,0.07003247034049247,0.32765259426038273,0.05891856042883094,0.2417701134888692,0.05529724123321726,0.18735393678705126,0.08468330982722558,0.38522102672950825,0.06296237761716071,0.29291084373011833,0.04927722599901657,0.22435419056410516,0.053390492730651384,0.1821454689042952,0.06746389652634426,0.3163741937581505,0.05388543864416363,0.2441967844959773,0.05122645968983333,0.1982761452867166,0.04934377633774878,0.1787766365575029,0.049908980891589974,0.259869675363273,0.05045764345068952,0.23016764425961997,0.04680141602310195,0.18920018098099223,0.04328232609526221,0.17597970028737803,0.08664051810139888,0.6521791396573482,0.06758067847124449,0.3326357363871557,0.05622327006419032,0.24640444376786858,0.052789205201603934,0.1983274317157654,0.08302565120388032,0.3814618770484376,0.0631488489986674,0.3010336744127665,0.04854991640140332,0.22587562756216778,0.052080700502895365,0.18278601719390533,0.07101329133999489,0.3421059976740985,0.055130775225706356,0.25827366261104656,0.05168081613789199,0.21668328375357426,0.04871310410764262,0.18260331801796625,0.04986378312391984,0.2554560140791261,0.049971095626197344,0.24662116570533799,0.048253046057156405,0.19881811359409585,0.04345840013565005,0.18599588773719067,0.0798483599489505,0.6362548843578462,0.07285001815725128,0.35283177618799033,0.06697058643086098,0.26115314578904847,0.06237469128194734,0.21054935688956616,0.08268907533756123,0.42682613976562395,0.07084093671734516,0.30538428511071947,0.06119568482321254,0.23233989672987715,0.06120523649530352,0.19322612815372248,0.07616995143087438,0.3463640296934447,0.0655929379129367,0.26234690262044763,0.06448433485704141,0.20208994447490847,0.06369787841483253,0.17815303174015962,0.06068353669636405,0.29997533443437335,0.06109708360147353,0.231045471601166,0.06119505022548416,0.19020748482949335,0.059118317538132646,0.1806157421412049,0.07987954358170704,0.6251970552774371,0.07409427714273925,0.35265583228735,0.06739810468392403,0.2632629895220362,0.06307874794675214,0.21641783466126102,0.0832228524681261,0.44236671987876097,0.07141681269115649,0.3039187200909664,0.06215693267747984,0.23756631686592874,0.06113856876443333,0.20302879293577106,0.07857774954412551,0.3667318084304836,0.06608581405435084,0.2667746838085163,0.06390875510835305,0.21505025378003526,0.06298088672485301,0.1846152113493198,0.05899522803183737,0.3144694456825914,0.06018086604908871,0.2368214910693655,0.060481674946953716,0.1963549311332245,0.05821085797724492,0.18235288566613872
2014-01,-0.05786670448285112,0.6142937994847423,-0.03669064734431678,0.32786530468916364,-0.03504265921045477,0.24846293271798592,-0.0393187704422724,0.20214469478296887,-0.014191309577938209,0.44336886612954857,-0.01242225427354893,0.29947327303197047,-0.018247882562207756,0.21287233431412733,-0.03154196494831114,0.1850482587217847,-0.009742119522098146,0.3643379106239791,-0.00664289640591078,0.2476401567222889,-0.017890120152985727,0.19805076312193443,-0.02583362968557678,0.16430674808156095,-0.010479297920925657,0.3125502592128374,-0.0140737974475466,0.24351533734021458,-0.022692318346315635,0.17920655014352982,-0.028620729918037158,0.16447944577673634,-0.06327743956876597,0.5990685156420178,-0.039803739210390564,0.32745786011415545,-0.03902290465530399,0.24902905880057985,-0.041732732948552495,0.1940581648968312,-0.0074697672506173676,0.4492482520880438,-0.009149410336481908,0.2922756568873088,-0.01718403331372049,0.20557703084910217,-0.028654692060441113,0.18831032953303267,-0.003992045286579229,0.37784655716355475,-0.0034217509989097556,0.25595002735243244,-0.019060707515064782,0.2007821851277607,-0.026074623984424852,0.16492925016123197,-0.007101027662054246,0.3074177718150441,-0.01339757651679295,0.23601664213432266,-0.023679129553739128,0.1810527265121064,-0.029882715980852827,0.16827198475148675,-0.04943525253291875,0.5979636784871958,-0.031382142133301184,0.3450688444451304,-0.026263850112764647,0.261244919838532,-0.02800667944168244,0.20477295627252576,-0.02417579450373831,0.44438862390700384,-0.017644531285790944,0.3105304397028745,-0.020652570547794118,0.22868987379007982,-0.026316595507667725,0.19461385138566062,-0.015047722694278747,0.3736220112762223,-0.01296782810262992,0.24420496417044385,-0.019359239651895472,0.20407614547661035,-0.022831404468013846,0.17596441660910245,-0.008754349489442507,0.3291185894566556,-0.014303344562679137,0.23580841884759357,-0.0175114494032545,0.1949752305978386,-0.020215906761612733,0.17618679558713368,-0.052997750055389356,0.5988728269509721,-0.033635629331801,0.35703754802442544,-0.029841989283558322,0.2684860224427549,-0.03012720823739611,0.20721879719294886,-0.0226767302804708,0.46618139815915005,-0.016288783680313307,0.31570725854636394,-0.019265536577942426,0.22659970411962446,-0.02515200828423964,0.19212308329079644,-0.016229174083831094,0.3569514302551811,-0.013098421159320542,0.24598440306769234,-0.020370719280374122,0.20309056491049238,-0.023556054225003252,0.17443162904137827,-0.011014304462258,0.30203190014019665,-0.015152201791873914,0.23780818999246053,-0.01961277290127841,0.1924251967249185,-0.02134463729891846,0.17991407676647259
2014-02,0.05090799150151292,0.5753146577499983,0.04409169673617131,0.3526892173674033,0.039482609171473615,0.2616907252295806,0.040522375378199485,0.20347336985769998,0.06959825670010872,0.5070698766475125,0.05830036157037662,0.3327404909480213,0.05179207299584082,0.24720961590031437,0.04568393131311971,0.1883114873648542,0.06713736341856691,0.35146808523270556,0.06065435858833299,0.24783177335597004,0.05194431311368629,0.1964432661727975,0.04760630024561452,0.1687639552143504,0.06781262406832149,0.3170973433308635,0.055320401452357795,0.22470551793986618,0.04875087495529996,0.19527375235924865,0.04552079594376506,0.17212691858978105,0.04684075330294303,0.5851137903707535,0.03981523616489994,0.3812023116819746,0.03572043449818199,0.27324210864528475,0.03911164828117534,0.21500718149114417,0.06713056524829183,0.5456013370186229,0.054742906236178696,0.3493280198955865,0.04860338889563061,0.2507591507518805,0.04230117419606171,0.19865957946424354,0.06791725592725638,0.3362583019067684,0.05976124304847011,0.27438219144767806,0.0501627448013876,0.20356392873274587,0.04573272760757007,0.17673869157098576,0.0663362227159991,0.31160447365286814,0.05487715833911526,0.24991844495518456,0.04768875170410086,0.20133142749996463,0.045238286622184605,0.1729750610955885,0.01647723477456326,0.5974661480863346,0.016838581378949224,0.35661949133622484,0.022937406891106054,0.2568771261744248,0.023590572440946853,0.2104550828709623,0.044912343195320566,0.49474307943972107,0.044380362169765625,0.33281605346007304,0.03983421386516768,0.2379081700007729,0.03415502228086442,0.19496726461790398,0.07031447468405108,0.35474492263279533,0.0616182461491069,0.2457742790293891,0.049843643187713046,0.20810971191362143,0.04365576284416998,0.1769668363277639,0.06874224251600586,0.33320641655597427,0.05584725662651798,0.23771815274772917,0.045315176750907925,0.2015990405256752,0.04144396865632349,0.1654651178620713,0.018815259208699,0.6056350381613258,0.01805785653031856,0.3657142128627675,0.022565006028212816,0.2630722453655269,0.023620750327600783,0.21918944390527403,0.046647876339861,0.5215397466685127,0.04590393979875004,0.3396970432314135,0.04060253363430453,0.24563963293616864,0.034536982561914224,0.19987675467465582,0.06390649831447498,0.386084610810979,0.057265901570975664,0.2584114945316032,0.04629704554145309,0.21165082061617727,0.04170697800432301,0.18213919850462473,0.06615857449602307,0.34626753905048846,0.050841178684196395,0.24249053724082206,0.04205617099999813,0.20792509858440797,0.03955671530663102,0.1741212654336049
2014-03,0.0850341259926171,0.5443475221343319,0.07734541063928686,0.3346981236746429,0.05328348854721028,0.2404945797349918,0.047720292204328815,0.1984986932582075,0.05258833062247502,0.4491011773254262,0.032597798805650995,0.30333311648143946,0.024435726927207982,0.22648000662024792,0.030390674061531255,0.17329146125866862,0.019507252809192754,0.36491659538112714,0.014880487955986451,0.24394169634549137,0.014733316919776706,0.20910941950577203,0.026220539335489703,0.1732554605988651,0.005223012482582238,0.3244234601149383,0.009660005526389013,0.21754369882321062,0.014930781483947888,0.19476597892488184,0.026712061672473093,0.1592513402649316,0.08098514768123531,0.5095794322157758,0.06730546428329064,0.33076527880138895,0.050778929926103895,0.24082769340766066,0.04733472045117999,0.20570853879886353,0.051255636297532575,0.4245383834203471,0.028711428210650144,0.2975534221238894,0.022887552270773378,0.23290010172970366,0.02921160022840523,0.1742239271107159,0.015347286944564564,0.3376122059955695,0.009768858070175631,0.2740892432078554,0.015817491466937034,0.21245355251020315,0.027568951354080894,0.17113361354872356,0.002244740945292871,0.3160758701442234,0.003729516799917679,0.22172204435778536,0.013966248453615096,0.20424983781705963,0.02496500383280853,0.15850613498176175,0.048746231204090495,0.6012396231901691,0.05370237521254333,0.3360824166028151,0.04488322452089334,0.2522632640346751,0.048744377168383646,0.20484630984593794,0.04746388233481539,0.4450849575004497,0.040980639610717524,0.3047895859461652,0.04093232239303844,0.2320666166644746,0.04586707113337002,0.18916638440807743,0.036109388407380066,0.337806536478554,0.03652297400228879,0.26175004819698794,0.037356586897507156,0.21246502810215745,0.04525308690408085,0.17074843323988312,0.03673474112645108,0.29287102792675757,0.034605581374394005,0.23067424410040632,0.038790832980597295,0.1984617738720619,0.04539652659912948,0.16851109195471198,0.05608406048845829,0.5883668142272387,0.05386785233471782,0.3376499634830066,0.047976711802471664,0.2597983301857889,0.04924634926659064,0.2111065215846578,0.05027448354604223,0.4464935235879976,0.044737568769118406,0.30765910757251486,0.04657436115437856,0.23562622493377078,0.0486792251546959,0.1936025226129915,0.03497167492099345,0.3311688042890575,0.03557570766778847,0.26251998958628664,0.03686958844098658,0.21924127367420204,0.043653304362920246,0.17700968718114093,0.03756606270957358,0.27987895937678203,0.03496144665443439,0.23410531198604578,0.040215600260562,0.20194283121629492,0.045562257398725554,0.17199146054786363
2014-04,0.04688792204973389,0.5768143141229043,0.0523144101876859,0.3265618422892137,0.04893748681782598,0.251987534674326,0.045940015704669275,0.19236080842325645,0.056646635247096525,0.4584497792293547,0.05506680378552919,0.30346862440054834,0.048533520615886616,0.23363409882221997,0.042837747927901404,0.19707610091619032,0.051542616220966814,0.43281132897162755,0.048728586435723066,0.29513528794217847,0.04131227315206389,0.24636503718030298,0.04152632872437666,0.19837948886410162,0.05585034433878661,0.32840688755684777,0.046461910331217486,0.258959478004439,0.04347370565801218,0.21142595634720746,0.04505160562898845,0.1822273532462067,0.05405701047307274,0.5876300639286378,0.06169268167578354,0.3248558223907907,0.05842193456137698,0.2541433227754037,0.051658294354202126,0.19709652210943396,0.05286318689268039,0.425913205491555,0.05200129072334357,0.3049038639285079,0.04826009763196654,0.23305853393844767,0.04117980201167706,0.19226243584387911,0.05545257309406208,0.39259404745587195,0.05244163913308442,0.29387762382220745,0.045971061923904225,0.24952673818388346,0.04662986467127125,0.1974144079683407,0.057673168131294805,0.3334642124898618,0.048631094689051906,0.26402738586291763,0.04680058601716016,0.2178842540062939,0.047887661232325206,0.18253123032375712,0.08000996818366092,0.6023158839254679,0.0964225023322743,0.33833189245463446,0.09434540325817965,0.2614894425500632,0.0873004676454826,0.21857419930622823,0.08747350970943471,0.4281973461682075,0.08915810589999688,0.3071001788883541,0.08205689740975743,0.2451929026354372,0.07174970714283489,0.21251877506093755,0.08316820649051539,0.3661017720441584,0.07702146238850564,0.2831845573179649,0.06821890254915754,0.24193370947386322,0.06716025006113335,0.2073791828721055,0.07371352467787293,0.3342622693141591,0.07028359443023494,0.27420990110004134,0.06583661895870686,0.22969773277891564,0.06695862536148509,0.2026315337893459,0.09098804544291687,0.6370206135458751,0.10540088214232649,0.3472832672629399,0.10110960684563323,0.2679723542071491,0.09265203882629193,0.22329608540214557,0.08667804690869275,0.44413304930508224,0.08602741477387278,0.32439859994308456,0.08057201564395686,0.2535092268599819,0.07112136696892925,0.21112109521767758,0.08521655311460982,0.37537402297908995,0.07868810300015085,0.2835230792378599,0.07036256440536026,0.24511492988993028,0.06904084675562737,0.20873869423888322,0.07637869048487757,0.34905623392444135,0.07114377328095696,0.26619373766619736,0.06767692522006614,0.2280912027405259,0.06867970989496501,0.1954385459833361
2014-05,0.13921894361739934,0.5850290624876568,0.1507014415347015,0.33561871528430554,0.1346408507904289,0.2416736353513672,0.11698641252184573,0.1987568934058221,0.14132606403648196,0.4368247344456198,0.11125677771318862,0.31326257547364705,0.08797013458073774,0.2362425593178282,0.08260175233842731,0.20018487117031858,0.11652583360279772,0.45146189469825515,0.08431181431741083,0.30100085511593194,0.07181914897619687,0.2241865699620125,0.07408743202681217,0.1884981616098308,0.09048241178423155,0.3563253692544602,0.07053081885312579,0.25439354751599247,0.07102673510436927,0.20316405861627979,0.07542625639118261,0.17605466761504382,0.15410443824319428,0.6092497748677148,0.1614535835184894,0.34840873628359803,0.14724035571265956,0.25890366209960824,0.13003851074847678,0.20369228369627174,0.14191176762184038,0.44493021478916583,0.11524270579251279,0.3203342224311635,0.0935312958786595,0.24392467766279471,0.08744923620831248,0.19974628229830385,0.11907386068045818,0.4713758259051437,0.09032712607967355,0.31439980388960076,0.07710821076268337,0.24038454256847333,0.08004385732197998,0.1962118490583464,0.0924573926967139,0.3905670398122719,0.07116739148373087,0.26713260603895606,0.07029563594326242,0.2057658726112565,0.07683892077296793,0.1773262056676756,0.168643394583235,0.6055212294361023,0.18033049338174645,0.354758962911482,0.17036334988204008,0.2619395868204696,0.1604228282846991,0.20729568354436956,0.16716058154190463,0.44357086267268575,0.16087781450953836,0.31924031511971795,0.14581461368687185,0.23640229863631948,0.13345901960741874,0.1965908220678159,0.13406187235690506,0.41831849791466147,0.1305389751111325,0.295802476531259,0.11550569604722535,0.2287054377641601,0.11549903705560627,0.18737380079190105,0.12275909747103973,0.323556105140558,0.1105072449035753,0.24429931983090722,0.10347610663110027,0.19315739792425698,0.10854229432660739,0.1669710915233017,0.182142210613293,0.6019066176998209,0.18183299239596812,0.3719749687271774,0.17292926945484577,0.27386638266738483,0.16463114116969282,0.21794305529204405,0.17562100586151344,0.46079283396298154,0.16643204358576194,0.3211018542170955,0.1492974694106201,0.24175637800691524,0.13699905016199113,0.20131761531252057,0.1387033307219929,0.4377850431749146,0.1327801129473844,0.30565039280620515,0.11754635082927187,0.2338122800143729,0.11721164133845534,0.19024804435713705,0.12748455581618337,0.328543634551003,0.11150651036595562,0.25723298209850504,0.10606650855071721,0.19954082162152514,0.11123791071818384,0.17342514697818653
2014-06,0.1495327036461355,0.6178752374165604,0.14882306385893856,0.3415877669322937,0.14437881563271796,0.2526423580870575,0.13359856240606563,0.2252071872726346,0.16108376024087911,0.4925924392978242,0.16175747446111038,0.30730402386532196,0.15256393877781962,0.23918272993964917,0.136282300035288,0.21418704164641605,0.16579588347745963,0.4702103205996171,0.15696470001278498,0.28600241779318525,0.14501973005327448,0.23770034024460812,0.1281026649337901,0.21901910685858345,0.16548819327244782,0.39371644686565105,0.15251074290921995,0.2821617699745894,0.13668753286371532,0.22803942468344837,0.1215835921549373,0.1929121100896756,0.14605175440405727,0.6353521888475144,0.15094036285883605,0.3465326622963592,0.14290439442414535,0.258615114715647,0.13342224965184166,0.228612176519514,0.16280351532584583,0.4498002220991006,0.1594401686642002,0.30057444719949944,0.1485019939855527,0.23483653408305277,0.13379338211572553,0.21708699326165679,0.16773746660580494,0.48305317375199763,0.1554085848464138,0.2838043503516685,0.14137649971460853,0.25317165009213505,0.12603488621088932,0.21564597063038046,0.1616444368241497,0.4108857412971471,0.1486173516975057,0.28421667268136086,0.13315763899724195,0.23177901024200567,0.11782209469963001,0.20503221983890163,0.20122255241749967,0.6108529364410547,0.1937339276425238,0.33126562932568576,0.18584863676500912,0.24506433476626976,0.17800910808260315,0.212257420498702,0.18057561222964047,0.4525658052940431,0.17550113297544656,0.3142498960391391,0.16971688356252695,0.23839275901293328,0.15980037957311768,0.20968310246205635,0.1799278287275635,0.43887015035310606,0.17192922939209637,0.2807654835652777,0.1612057749689244,0.2294074303564726,0.15311917356033528,0.20548125957631466,0.1736509804605591,0.3728930767301829,0.15730785907475656,0.255869276510751,0.15099142788618092,0.21464950010165135,0.14525652656759017,0.18917403684503475,0.19290726075651932,0.6329736558625225,0.19053441394180093,0.3522848484070863,0.18473040627399975,0.2601536071766466,0.17834646533873602,0.22464928741528473,0.17509779504053177,0.45177559227948383,0.17529908396093383,0.3196953881655147,0.16946760799771293,0.2392549802592162,0.1602322274966497,0.21232269477203258,0.17727320032109972,0.44627355992642714,0.17098657725367525,0.2770286272505173,0.16069397170450342,0.23487039629206885,0.15238648667109803,0.20622996871260224,0.16826764675739891,0.3698282969789091,0.15419798398157314,0.2587873351207324,0.14887517390419647,0.2172740386497567,0.1430806335012613,0.19431267967097293
2014-07,-0.034903108394606,0.645825611603208,0.011675901925792029,0.33494431862477614,0.0031714751033670224,0.2697835394281082,0.004472704315640026,0.2201286204010084,0.008591904341115026,0.4850459943220762,0.022125356143987814,0.3431570399042124,0.026174648304703223,0.25317738164839265,0.02540639195808644,0.1981749287584783,-0.009600587295806607,0.39772632923165013,0.023066737554556568,0.28386687168883784,0.026503100912976082,0.21959801060780154,0.029942219747295263,0.1764179475414519,0.02377310981669345,0.36744655788492486,0.033559985446221685,0.28326044315522003,0.034503321633154296,0.2142813535635243,0.034423215410523456,0.16995258706261718,-0.05173207992229733,0.6451113084408624,-0.00384798939171652,0.3400788862356007,-0.007529723900988061,0.2593364819026829,-0.003495634848456719,0.2219473937364778,-0.00560014280248847,0.5055092528905333,0.016460088213611883,0.3436904564916128,0.020457841070168212,0.25225363543849977,0.021593692867043348,0.2009267211208764,-0.014125380735653436,0.35528467129331126,0.020461775294068608,0.2827817662178914,0.026903945611832784,0.22586688238587083,0.03062167024760411,0.1832678725409421,0.009370245249866377,0.37039671012410946,0.028189234698342544,0.2763721007253709,0.030076938395556065,0.21067800348301163,0.03027245354702813,0.16570336914648762,-0.03792520622127346,0.6242481294279133,0.0034919998139392385,0.33300012389103706,-0.0018866139595247664,0.2617723388849119,-0.0022308628743366323,0.2189112410517831,0.003810148934621194,0.5154330793058375,0.022830320028987622,0.3163502292334413,0.022074209149802973,0.24265325708245,0.022898571787145692,0.20167679217940626,0.009282890810375762,0.4210840442425339,0.030449366959257474,0.26421737224789976,0.03139527107044475,0.2213087644175023,0.03371401595750104,0.17812724047597217,0.030018592318818853,0.38424221055346147,0.04036280797930371,0.2425414498285684,0.04060333162769063,0.20816962220463248,0.039036855009315696,0.17253927305365258,-0.048632949443435554,0.6561782101829181,-0.0041477448039134585,0.35088191528876855,-0.00738435286602375,0.2682920898386982,-0.004194425437266546,0.2205061421205406,0.001518310298713737,0.526177301606831,0.017851027369749563,0.3239954142399698,0.019439803990018927,0.24688341501343725,0.019503366922268606,0.2058916690301789,0.007660410785685045,0.42752457676452693,0.028748830216885488,0.27237896599476474,0.02904136179838139,0.2220760299893404,0.03209794761707607,0.18270531850797977,0.03333484625589379,0.37773804201031447,0.043140765980643224,0.2548577677104341,0.04157031956921093,0.20908267763552718,0.040478121244370564,0.17266285672555237
2014-08,0.011725003395399343,0.6170166970889129,0.03650171651145914,0.3526528533541097,0.03903847974311656,0.26335991114786894,0.034562517000068946,0.22534189926083223,0.030812127434880092,0.45376493299145537,0.04495546238433214,0.34471662211573545,0.05027571152088543,0.26469122344910645,0.04902868241920875,0.22422709747399264,0.04781864371524884,0.3854345161884052,0.052667431535929086,0.3339569041215931,0.055715406987195217,0.25797678259100476,0.05407707896374324,0.2218483654318414,0.06266409415861703,0.41225440117153955,0.06787775238231965,0.30415747807460747,0.0646914539992613,0.2425572571117633,0.06285447542242127,0.20021761855346398,0.0016173224446891523,0.5922516073409669,0.028133572319347128,0.34689662624179757,0.032092565591609175,0.26800024511890225,0.027508499928804147,0.23803834867721738,0.039277721246738034,0.48350225804977853,0.04960947599543649,0.35300494797705523,0.054455745683080134,0.2700492420379733,0.05216139608794772,0.23092945306375112,0.048512938078247095,0.3998201805225791,0.05396356027301977,0.33277991710400345,0.05519767871166744,0.25822723385015933,0.0527674908094675,0.22117946579757783,0.04924688783621363,0.42486775016596234,0.06352483497298878,0.30072403905314965,0.0608429550919263,0.24102920700854585,0.06016094675216185,0.20226661608173516,0.0014373490459876062,0.6129294450213976,0.028373470885502704,0.34829339662523595,0.028518998554613886,0.2774906089332656,0.028498738432716265,0.23269397942267223,0.025824710628216195,0.46620629047338147,0.04812488496369833,0.3273465727213506,0.05329911737495842,0.2618366947334646,0.055641406366970125,0.22381789258547366,0.04641401023005025,0.42141693051126106,0.0649023558920151,0.293359854820623,0.0690677530450158,0.24533363359587695,0.06789999279520433,0.2012524879855798,0.06882624528538508,0.3846043812843499,0.08346019559689377,0.27189401488065057,0.07882147728215204,0.23353221760312978,0.07547233346202212,0.19143279414645467,-0.00268599024447917,0.6085969067502504,0.023986774986832826,0.3603881921426473,0.025975139671397415,0.2793368384992434,0.024651552832635853,0.24702726717933346,0.025076566572911515,0.47807964583426343,0.04524458400100772,0.3354631681182936,0.049579117663894424,0.26381769596600513,0.05263285722168103,0.22853048357017564,0.04538594987671346,0.4321919593823431,0.06279753000956388,0.2984814691607479,0.06637479163075097,0.25109669455313055,0.06582158839198922,0.20790305394342073,0.06625612030138339,0.40850392307920325,0.08124469917407817,0.2830649519145961,0.07793902368740126,0.2368119024146978,0.07265167243720842,0.19699420441514162
2014-09,0.05350635332460021,0.5842021090025964,0.05231458592763821,0.3225924473809642,0.06176928934519013,0.23235270232001815,0.05516020395813369,0.21063241128950752,0.07758154598765322,0.44194979447158256,0.07470128505426367,0.3399897144192684,0.0819859514827129,0.2692284818131385,0.07850071451889223,0.22379961702269646,0.0957619885763607,0.3805754087674944,0.07691212192245463,0.31748933321612305,0.08419945799431862,0.2438495675090413,0.08149752401770452,0.20841553530640733,0.09899479352167119,0.36995164704601324,0.09325760712718419,0.31229894692638016,0.09366293851719769,0.23734867353383202,0.08396841571141074,0.20514082116551935,0.05715885495944546,0.5994352494344567,0.04850181444984302,0.31915812210306294,0.056651867526625516,0.227008679140443,0.04790059506221193,0.21939275907627231,0.06633132717470719,0.4163415273759141,0.0661860176459736,0.33960952257082033,0.07378154008302151,0.26852545027482616,0.07238350158439771,0.22216883143223562,0.0947791629868298,0.39833900257096555,0.07433878169596135,0.3110009935721151,0.08100688188983736,0.23688204814414446,0.07676329239358479,0.20423361659384992,0.09332992348420878,0.4079738564300971,0.08505598639890113,0.3205607564546925,0.08578760644501603,0.24639087437655877,0.07667344252892057,0.2099303623236898,0.08829471982551243,0.613795728194618,0.08166267186090514,0.34126902328058656,0.0850453824947454,0.26147918348369525,0.07750293355108141,0.2318713706391093,0.09598456755930812,0.45567806891322693,0.09116957539788222,0.35379995341040194,0.09440556709556143,0.27153199803666606,0.09211698320869761,0.22944548747997642,0.10194846681894694,0.40327262406518805,0.09481381264038995,0.3057260446447824,0.10115387715636745,0.24026423749209586,0.09845768286269793,0.20420651043325677,0.09621755147664188,0.33121917253722066,0.10547441217530598,0.27860930391245997,0.10548585619704762,0.22271334012162775,0.09931481921537992,0.2023372239177529,0.07905625697666874,0.6258325915666115,0.0737754812512751,0.3472645050845375,0.08151880987401956,0.26338147682098784,0.07416993659638153,0.23396717134755446,0.08520427157488322,0.4764376856885913,0.08624176195424813,0.34858834584744247,0.08826210330342307,0.2763671810107826,0.08721420760766735,0.2368535755788458,0.09634154140352265,0.4218734047309337,0.09188989357339761,0.30764130848197213,0.09727961466799755,0.2401450919871369,0.09509397114902832,0.2092965742287574,0.09791678337265677,0.3371088103113531,0.10349706476191145,0.2868586327346747,0.10347735817310892,0.22671007364597867,0.09720717788975997,0.20047077510685435
2014-10,0.017936940490380332,0.5920478476203819,0.03569265307683883,0.33009548141020817,0.028397645149605476,0.23528092335998996,0.033736678344512654,0.21815065974752829,0.04024024045489334,0.44236124972116647,0.04300752080687924,0.3260963403614234,0.04002439603049703,0.24572623005027533,0.030518235790139344,0.22264578654788963,0.040535656615705476,0.4233091985714496,0.04588843247337856,0.30848336963428,0.03450921466300347,0.2559615895251914,0.0255113092892785,0.2255758304901658,0.054646187894908105,0.3451237572825041,0.04344563928792738,0.265514371257621,0.03159863076958923,0.24455500004516223,0.021301079845523246,0.2109119306169862,0.023757695454018804,0.5880974488988405,0.04204304838447896,0.3385579268165203,0.030811933318242665,0.23191075328322108,0.03728036769508768,0.22192440430595767,0.036200753551585536,0.3957099435734903,0.043348646813908126,0.32995781836792376,0.03736471706783774,0.25102322823155654,0.028892489771691322,0.226796095693639,0.045510619990094904,0.42953259776659936,0.04960728793183691,0.30588659617465486,0.03586468582672863,0.25797759851136237,0.026789468749109046,0.2252092725253731,0.05167785732517448,0.348287093742361,0.041095179572764526,0.27842290324281305,0.030887723743471502,0.24842303490204568,0.020532635530775018,0.21471931917626194,0.03481223547201651,0.5868266887006369,0.0247527425329999,0.3135676486885829,0.025874407567071885,0.2376160791794873,0.026008194257101203,0.2105722008597184,0.032734553463805445,0.41850696080079186,0.028860662750714552,0.31851725159236455,0.029502968940015358,0.2407606513911511,0.02339717481636085,0.21228522344281425,0.040251194699777004,0.40687498015044604,0.03889781306121863,0.29074959740365236,0.030878303537854798,0.23356152872022745,0.024307110754287518,0.20978577772972215,0.05284208120695598,0.3560185889972145,0.03740600329272404,0.2564438051141519,0.02752774535086062,0.22089924345550463,0.022346042820273075,0.2012908896367287,0.03390089160832924,0.603740860707138,0.02530990681922071,0.32344900247532427,0.027248741384096033,0.24224417462774248,0.028694668582602806,0.2191460074909349,0.029610739774149998,0.43210005863899603,0.03095766512715345,0.3229437068010399,0.032533157822037855,0.24839570623234658,0.025973346238277222,0.21577731968252595,0.04040106020676859,0.4191878810972788,0.03987317795744755,0.30384648397226766,0.03144939853043544,0.24188668956743345,0.02504077040266948,0.21192909060944373,0.048015574422720884,0.3638164290605338,0.036871253515642195,0.267379500560887,0.027155335180034244,0.22616170167143163,0.021512153233305,0.20223884886172389
2014-11,0.046278716574914336,0.541841920854633,0.033912474412361525,0.30991560699782494,0.03656766731577655,0.22326419445094736,0.029965540553333943,0.19592669936280538,0.042119662844348295,0.4241351944999209,0.0463136219710204,0.28729063085596696,0.0411547732181278,0.23134489109780892,0.03233843941737641,0.18849054234274826,0.04252032346678656,0.35205271028420887,0.03920051284065255,0.2717646253558156,0.03763228437284269,0.22544764601020495,0.03302822946502153,0.1825998056385404,0.047589199383341885,0.33889431050154734,0.0433293706980513,0.22177165838272206,0.03834188823370227,0.20237293385097976,0.03092245431783639,0.16915576047916853,0.040438928136073506,0.5911732930447033,0.026952569582796595,0.33021362482528593,0.029031189585948337,0.22633194087714215,0.02425915851132759,0.2105202065035424,0.049355916605998654,0.4365699414857743,0.049020347240622514,0.31676982148555966,0.04268867349204938,0.2343671174022834,0.033842007341878456,0.1899821104627008,0.046779251205537484,0.3303506581849155,0.04101099788064859,0.2830520300074907,0.03747192458212985,0.22564306302863119,0.03190006308009647,0.18000385647796407,0.04732008326979917,0.39278194030320207,0.041708478062933554,0.24135716451077313,0.03638061309247048,0.21087376182772602,0.027409804292224827,0.175233706691564,0.06225703303025809,0.5782113148275309,0.05691081359840137,0.3306256133072588,0.047009348276214294,0.24363161916139753,0.04161919472535375,0.21085150721964604,0.05584477932279971,0.4290483694704889,0.05377089891443376,0.31515195087535985,0.045943796272072776,0.2250408707969009,0.040876310185506845,0.1908511830662329,0.06271119750996593,0.3606831316443096,0.056909296707842096,0.26934295267074265,0.04907099637720204,0.21289745500870624,0.04099887796366994,0.18275200221662646,0.06855576287353247,0.3313206435996279,0.05692877325847334,0.2187761258976708,0.046702267233866425,0.18945482176609096,0.0400215845469591,0.17152235470174393,0.05771760519951697,0.5883060912403317,0.048949222560206236,0.3433806840344595,0.04089951139597567,0.25280702000552235,0.03704258907870055,0.21435800937436505,0.05972053828427962,0.4242437503061506,0.05441939664897974,0.32328729467588474,0.045967312476033306,0.23818517688750396,0.039909696349921045,0.19556127798727538,0.06754958793406628,0.3567366111589393,0.060139013304347344,0.28975725090465665,0.050312482772024776,0.22011020341439752,0.04163461322455621,0.18534010338787005,0.06877639245589337,0.33402663667222066,0.05691453410117479,0.23120078496993096,0.0462513746806941,0.19426087656154067,0.03953304122121588,0.17572166523554794
2014-12,0.0034345061772186845,0.580200734932035,-0.0061437470721975775,0.3240833332398795,-0.007291443918662221,0.2350402950471187,-0.006616803498667539,0.1888065259727848,-0.0019747545322960163,0.3848656954030609,-0.008218368973869773,0.3049591844622901,-0.007862817173011714,0.21218626732941942,-0.007752345863114932,0.19761146404471688,-0.0043157116313996555,0.3422995210432934,-0.001727602493192917,0.2679476469497231,-0.003251939039866031,0.2333113867791336,-0.0034959019618394293,0.20065378321375618,0.003494998793991468,0.28070547629277187,0.00047435700789226373,0.22927311979301657,-0.00285731213851907,0.2015934128278416,-0.004188845769040352,0.19017686222614827,0.0028595452988636073,0.540506278981197,-0.00444590253038904,0.31892335705073827,-0.006840100766106177,0.21967661243296277,-0.006929341753469695,0.18659702219550467,-0.007301941958605376,0.41939026362211207,-0.010499087675053231,0.30680069302069746,-0.010978680798455223,0.22188324991255598,-0.01117998831434002,0.19643200069426098,-0.0078040442088487625,0.3615495500623472,-0.005469613668032812,0.2710555289330756,-0.008604431265564672,0.23344927757169331,-0.008386314349515651,0.1974303197933016,0.0026046576603724145,0.31191808634937246,-0.001383511833814864,0.24944924629997103,-0.004823004132380176,0.21224942955763518,-0.0062777635493812605,0.19547516015930877,-0.012687084523665524,0.5437650084736533,-0.012713062876957264,0.3552570061741962,-0.00847522181740858,0.2506374084916342,-0.005767283644809816,0.21135960594363262,-0.006425199150513487,0.4205672454102481,-0.006739669397104908,0.31941362758147074,-0.003877621307151367,0.22160036281941287,-0.007921223041239798,0.2019933070134519,0.006095191241264425,0.3567947108224281,0.002164772818086984,0.26698522906535765,-0.0025994451219785095,0.22826219750807428,-0.006400985167270659,0.1961879266561654,0.002062222765610807,0.32827469122133185,-0.0017364109536952706,0.2388762854799817,-0.004643922337837141,0.20862999526546744,-0.00522144873073938,0.1857395457876762,-0.01236010631774843,0.5481317264121057,-0.009372138623354015,0.35450316388297193,-0.007306734413160935,0.24669770312585487,-0.005012094346083695,0.20155000100335696,-0.008273946837062708,0.42570801809136166,-0.009243652706917568,0.33129062005231613,-0.008362488883155522,0.23102656224614215,-0.011510277534761961,0.2050621659546118,0.0038538137272375477,0.3657611545710311,0.0016424879931646067,0.27045485796467883,-0.0035524068429361095,0.23560893615270528,-0.00645638301617563,0.19596722704217168,0.002904974399090517,0.3393000279604541,-0.003456585251387212,0.24526455755353166,-0.005844084885005082,0.21011309921964805,-0.005963691277019104,0.18898407988795035
2015-01,0.04591220007014033,0.5871410002114279,0.04227528275460212,0.3162295038377384,0.04586523762009997,0.24118159707654943,0.04244134137822924,0.2023563205152149,0.037106805916308154,0.4171609053358429,0.0437796665048733,0.3024167588797183,0.04809383384224338,0.23630063588131672,0.04883895140707288,0.1951888115801788,0.044924045730398064,0.33744097615525726,0.048751011869152296,0.2882789944917144,0.04928315640128095,0.2293515945729651,0.04343683706060083,0.1946298179168388,0.051196810968705715,0.3106893380799244,0.04932502716884472,0.239962083283355,0.04774541082445315,0.19917610624580168,0.04112975457486367,0.18585042249350658,0.040001737039940616,0.5907292980242953,0.043273797523753245,0.3351849084180667,0.046400311549072974,0.24257134109395095,0.0413072877566301,0.19884631664865166,0.03705876835140747,0.3885130009145733,0.04291006126628875,0.29284225735371106,0.04576974558196696,0.23555545126903296,0.0463155378232532,0.19883104717154332,0.043332247332467974,0.3117548706699532,0.04798253672222413,0.28713865222173457,0.0547965981324907,0.2326238513825839,0.047826666845019794,0.1999825684919378,0.049648541585525126,0.32579984212325386,0.04946531230740369,0.24065017262433247,0.04983863720276228,0.20160948327167644,0.04228831378280088,0.1887920438103807,0.05013605596421374,0.5366743271718335,0.05469488338313505,0.3367685379721999,0.05865541504649128,0.25138917204624533,0.05461862004129865,0.2084639089027892,0.05001692297630321,0.4229398450546398,0.0584419414205058,0.3081348451338318,0.06351401691426631,0.22498125917946776,0.06105122316567319,0.18550789960410516,0.06472826511978291,0.3065426538659899,0.0652097747860791,0.2661724235518802,0.06682371519684217,0.2156692632005246,0.060547614908936655,0.1791924588678312,0.06437839512538843,0.293358590936031,0.06782090006753957,0.24091680806090818,0.06459999464492511,0.19503221604224236,0.059805637202626084,0.17530035484568346,0.048929573690469894,0.5425354511017063,0.049732046847705116,0.3393565383240465,0.055090034377315786,0.2517291182539595,0.05189203831998185,0.2125947997117088,0.05113120076348037,0.42394855922069746,0.060139536570383435,0.31510188727757915,0.06428953122370695,0.2253854246163062,0.06256167895583903,0.19085087500704756,0.0664054556317153,0.3144500776411949,0.07137848799966147,0.26454042862403004,0.07023194144651838,0.21758414074069665,0.06373527303006575,0.18450389606435313,0.06538728424584185,0.29624372548346,0.0706449895823585,0.2360586159890295,0.06716649902749859,0.19654396462885848,0.06213011457905522,0.18199559967847
2015-02,0.017993341981178662,0.5951817411973943,0.0002930190784717349,0.3444526723328669,0.013516616152347411,0.2466063092111871,0.014400250917677073,0.21181054733561994,-0.006248544983901562,0.40708597631631555,-0.009731744487225698,0.2950510672920198,0.0034237087968124057,0.22396407181601086,0.004800912562398197,0.19396090548782832,-0.005490021439597294,0.35801125894081937,-0.0023964439677465754,0.2597059099903104,0.001877133636671982,0.22574452918099364,0.0035373392912046776,0.187499228221422,-0.004531823357995816,0.3265684430568966,-0.007530080864863796,0.2549977997049201,-0.0003262244765031939,0.20632853452822947,0.004402398659085447,0.18163472075536025,0.013084033541220735,0.5989106619602206,-0.00216673510443716,0.3635904087413371,0.0094578549643977,0.24274432913196703,0.008701893254110396,0.21575073656670685,-0.00908549055927879,0.3975832778990197,-0.01132543538761176,0.30235005898244216,0.0038437192093376815,0.22607468987025697,0.004156116096483766,0.19779776288068793,-0.006956533091963036,0.3466579423080537,-0.0026200616866839054,0.27301444864302027,0.0015479822333097281,0.24099478512893774,0.0026102406734251427,0.19403941702568742,-0.014316894998839863,0.3289500241078056,-0.008483694753585444,0.25755894400228974,0.002399144741462236,0.21291720877219655,0.006347629142743682,0.1826076332772178,0.0018617614506008509,0.6207975355457385,-0.005154101361032748,0.3818945950455896,-0.0003006504383363429,0.295478481784604,0.001412278995631495,0.24964407929351903,-0.003772166564398802,0.4747734645382716,-0.002680993981324742,0.3715774728753273,0.0033053602862271863,0.29683218546370194,0.0017600858418827677,0.2453673572197381,0.007133782801010305,0.3877229991133617,0.008612039992079032,0.28310726813900694,0.006271203855555685,0.2571774747638684,0.003159363663629695,0.22015587389639593,-0.0005724517117679528,0.37579685980979605,3.711644935697309e-05,0.27560603125230887,-0.001908232671573856,0.2297130235048264,-0.00330520775903938,0.21069227414188127,0.002790458831655812,0.6073082369797095,-0.003633859012826141,0.38602759853339214,0.0018255743356512357,0.29502559336763234,0.002855680502662126,0.24737328520003696,0.0011641100314322798,0.5065410024332615,-0.00023589343863330528,0.3817180998093804,0.004234380692624159,0.29951462046310384,0.0020894812085952845,0.24773930696703275,0.0049137691888487805,0.3901248172974303,0.007294443464905046,0.29932416666327766,0.0037871454595034505,0.26466964775747726,0.002125145313077782,0.22231302064834912,-0.003139889138206049,0.36135994581523617,-0.00300107007267909,0.2863832245888725,-0.003398080402997193,0.23456096459786374,-0.0037417126458025194,0.21181658213453855
2015-03,0.009098937839207573,0.5944079242745695,0.013344093515049284,0.3166301933090287,0.005718723133560551,0.2345519945152624,0.0027117800247873883,0.19103528824272314,0.030750462951438417,0.441894222462834,0.03171063745062232,0.2868307686725834,0.02320063318137461,0.21835817504751623,0.019098733484836226,0.17616364506884277,0.023702098251198334,0.37318257693912893,0.02672647958223725,0.2609766251296429,0.022743603413132803,0.23107846381170544,0.01858907716384329,0.1944862688638408,0.03422245228687658,0.29741823305169895,0.037735832063204515,0.2291747044753595,0.033124093716933964,0.20569131107924768,0.03037277695513163,0.19044374424388066,0.0015270531727761424,0.6101656860933449,0.008086749420168068,0.33372899522643185,0.0021103086446508817,0.2383592233186811,-0.0012961504425280945,0.19404349930972362,0.03215912482774869,0.42458047451646663,0.02928412646023001,0.29296667927692,0.01968898445976656,0.22383328239556283,0.01571374076153938,0.18789269109661144,0.026351620004478205,0.37702848091970276,0.028022959380630465,0.2597328068696362,0.023055213725494864,0.2363837792467332,0.016327233872664448,0.19028560499066913,0.03436450983630616,0.3144265903607859,0.03727622454829936,0.23957362099193213,0.03116708891172151,0.2106380856319274,0.026430878505890456,0.19269384276235219,-0.02603111390307407,0.5840166031609306,-0.02620622569049113,0.31634402771164843,-0.031836957788690064,0.24105001299014983,-0.02988421129199474,0.19818078969668462,-0.012400494596230757,0.42705771945448745,-0.01757529153952342,0.298432356693638,-0.022243365967328208,0.23396423230847513,-0.019189896707774858,0.18816374248650697,-0.014070522872022945,0.35479522384165074,-0.013625047040645369,0.254446125235089,-0.014793371693580417,0.22987351767637262,-0.013293797359180796,0.18349546334110536,-0.002676301818870272,0.29681916390275254,-0.0012995379740769765,0.2315072715775593,-0.004312909145083297,0.20201258967612795,-0.005810255188605721,0.18733137364105815,-0.03153962773845936,0.5999531015891866,-0.031075206920140104,0.3352493787676434,-0.039284328863870156,0.25111283907083554,-0.038403317270558505,0.2068067344725944,-0.016714686500383862,0.43660697610563887,-0.019010319661052405,0.3011406330663997,-0.02412876352533844,0.24332136943155175,-0.021504512113186953,0.19379402119766143,-0.012012369605740805,0.3414155562587161,-0.012347432605241487,0.26005877444451353,-0.01455060043936316,0.2330378849422235,-0.012621699847101103,0.1900069825396423,-0.0023190414649384844,0.30845042688898994,-0.0008401080075079003,0.23084512338062843,-0.004770048245912376,0.20090670055508358,-0.005625034473150267,0.18750567273938085
2015-04,-0.05191758336427155,0.6187647170620552,-0.03438394572429484,0.331729095905852,-0.019651132371137508,0.22202347494346214,-0.017058199503489687,0.21071850180677945,-0.052041695266305754,0.4935679523685712,-0.02284809798082688,0.3113459785004866,-0.015592434967527855,0.208363684921882,-0.01358594732497936,0.193257199090621,-0.015187777636737013,0.3714423848267706,-0.010538665526159993,0.2505270241931475,-0.01140260973213898,0.2188304656001585,-0.01156749699927537,0.188075535962757,-0.01922515178709687,0.31392291436067793,-0.01662873347945163,0.22566475388507568,-0.014875662141739509,0.19798390816428657,-0.015909205830524468,0.18658757748872845,-0.04628020560612633,0.6571725893300489,-0.02848652665572119,0.3321910709063467,-0.017916947548613095,0.22713019337552437,-0.014563680067269432,0.2162363606474433,-0.04659495902916708,0.4682986185979118,-0.019699774763172462,0.30367237514437123,-0.010478070351693023,0.20224870492841712,-0.00944639631267368,0.1927355892013272,-0.015148699514189762,0.3829849123998955,-0.009313352128462462,0.26038126087236735,-0.009215609453734766,0.22143825583002136,-0.00660127557309864,0.18700831422848885,-0.015591287783028008,0.31346252911160294,-0.013728795443869268,0.2321899321692084,-0.01259219554526629,0.18714162859120212,-0.012494036747128422,0.1877811244071119,0.0031847616989142844,0.5910943160490338,0.017583051264723246,0.3369526685481083,0.027513897687769795,0.23390023515270292,0.029602369818099144,0.21146000154676226,0.013192613925697861,0.4514249176880879,0.023716246803599197,0.29687707598662955,0.028216432742246344,0.22668902989287756,0.02911332921792174,0.2003513041208303,0.016529404157731166,0.3589375642496388,0.025489008883416386,0.23343141731802072,0.027387510541586862,0.2268639524512494,0.024512420923366633,0.18997812675828782,0.008257245026810934,0.2958875589215837,0.017622631223253835,0.21914109025199718,0.014358884949942304,0.19757635814733523,0.015788270991901335,0.18387651413534647,0.003099776565728799,0.6157197542293682,0.018878061104620876,0.3311542695034757,0.03003647145585572,0.23511205810137953,0.031579032819524656,0.2103681690565719,0.012909889066050973,0.45569728901732276,0.026295444294045088,0.29769229268896835,0.030249121613884666,0.2255788929960723,0.030793692948364593,0.20384731490417918,0.02106304110218364,0.3786846668686278,0.027380233452122992,0.24508328170857302,0.02834939267483936,0.22899534911879318,0.026338014337218926,0.1897065685568176,0.009530042455685128,0.2980442777349145,0.020239945352924518,0.21878929959872445,0.017395778858948836,0.20521076377330613,0.017578323038013436,0.19105183686382798
2015-05,0.03173964746551682,0.6069806287381747,0.030397849904821066,0.3364598767496053,0.02680576577670627,0.23885032261876277,0.020712325661778348,0.198796394504999,0.04917345867779829,0.4924392464170473,0.04355055472783614,0.32815462468497414,0.034458477841735564,0.24221915577109443,0.0284326816961781,0.19443533621821502,0.05354142784115099,0.39759286461604065,0.035577593692157496,0.2829599385943369,0.03128227835550249,0.22391432813383155,0.02393742690427029,0.18524638429164308,0.033341044947662914,0.3185214202772948,0.03390376587880615,0.2596193089863614,0.029839408048941883,0.2100459387108204,0.025413052673784117,0.1810472868682882,0.036229435376184504,0.5980778547492283,0.03105428814030365,0.3382523270673642,0.028128222798698834,0.26162443551751485,0.019776039807640994,0.19964163595670703,0.04452575786107986,0.49559863510597707,0.04019761820099602,0.33024570275708287,0.0317097109397309,0.2461520881574367,0.025555279948985474,0.20119389071661797,0.05330683675392813,0.42167091530431466,0.032747318742795,0.2935404611293032,0.029534881579696987,0.22860882673443322,0.024574554165474178,0.19898108389373892,0.03525219610704086,0.32413682834883334,0.03262553282033193,0.24508751256990108,0.02692909623996887,0.21844606023986007,0.023134316883658402,0.1810277295999096,0.007741915567011887,0.5926162194077381,0.013234232437157217,0.33843943292518364,0.015404241262013719,0.24616802514077407,0.013870434568874,0.197692568502102,0.019377973924149666,0.45346037870338635,0.022348593907428518,0.31513891337608246,0.021404839214845088,0.229691192115894,0.020080902744974687,0.19286431231440537,0.03524610315636531,0.3581582964471871,0.029542159416958584,0.2636482585462446,0.02666529453835492,0.2178852692197301,0.023883663701863924,0.18296591087257674,0.02305210995034975,0.2768335351313106,0.023868338347956857,0.23040681067581859,0.021799769644773457,0.18725257600682954,0.017282948783848655,0.17710568914844227,0.010153362232583282,0.5996353178183312,0.014807435094530318,0.3458581348397725,0.016726099596638323,0.2531270268850836,0.011704667782843991,0.2093392716879885,0.018212183316029702,0.45609324213342456,0.021817961655875684,0.333844289814349,0.0199679513703381,0.23794497290815753,0.01801163497237618,0.1999335965258885,0.030596516659630413,0.361945412951439,0.02609676918383993,0.2654970551887494,0.02284642840039257,0.22115565718659697,0.02078599358243316,0.18702622233743282,0.025082840226564658,0.28013504751534973,0.024939140268739703,0.23164604622394663,0.02146711064056816,0.20138875831866263,0.01702129423832461,0.181837822001126
2015-06,-0.006236752148633885,0.6628600175084809,-0.019471845045234484,0.33348683566206233,-0.01662075326669744,0.23176611602104352,-0.01748516032979357,0.18695916240393068,-0.022592635470263054,0.4545285266607057,-0.020467048237807643,0.30516977815055585,-0.016730415943290538,0.2264521307948924,-0.01543245714531788,0.1830060191141307,-0.014025719379064076,0.309641727304654,-0.015258455246131564,0.23982757677156746,-0.012073606204981175,0.19976681180368655,-0.015130540797744264,0.17687021305921552,-0.021699710044261293,0.36339381147377614,-0.022905011016563868,0.2274545658332102,-0.019843518117624973,0.18954186113884647,-0.02149499067663105,0.17440447482374205,-0.010854126041163257,0.6644796097089953,-0.02142917673063783,0.33581169088112184,-0.016284454423522346,0.23288090533538874,-0.01732447171246128,0.20243025489280092,-0.034097405046395385,0.5151535234518585,-0.023389358609231234,0.306127665795768,-0.01893915760382688,0.23915420280396577,-0.017289964930377693,0.19021071718415603,-0.017411395561227175,0.2917467342429987,-0.017634765220958235,0.25678342963643747,-0.012794547185619332,0.21023763235392673,-0.015036358294891597,0.18906768327372128,-0.027892283447584855,0.39004248002754327,-0.025984728083801947,0.2444366591504239,-0.021874769702994856,0.19898374141365682,-0.02248167402501686,0.18557812700960882,0.02218356173717179,0.597401370099802,0.009495294287693674,0.3361285602594518,0.00039334163957977604,0.240354515826541,-0.0017942983453055656,0.19358639274168704,0.009016025336354691,0.41769624039576814,0.006291764310810363,0.3068345115359433,0.0015735498437054818,0.22765276942213802,-0.0029756809201264296,0.18675677257159323,0.006226484562918506,0.3622734243032681,0.0026781399823116343,0.25992368098209195,-0.004289884996214644,0.21111425510081522,-0.007564488463847259,0.18864155885229228,0.0066174518852809465,0.32355430712276007,0.0006281209889907769,0.21805698189885597,-0.004611265566959278,0.18972945492626694,-0.009717652387233995,0.1776963772598808,0.014683072519884082,0.6320905556401448,0.005870852821290903,0.34203346502916515,-0.0017943334417914853,0.2370356525190548,-0.005129325078697041,0.2047181500788881,0.006884264242155316,0.43901521931759097,0.0031648671754944744,0.30021743947305835,0.0006490636820245459,0.2302416839059418,-0.004282889435537088,0.19333733002921016,-0.0006092416836581978,0.3624013301961363,-0.0004796384353593447,0.2602854347411282,-0.006181842357648289,0.21592302650420214,-0.009424531457326633,0.19168538760798573,0.0023171169691148076,0.32159538230700757,-0.0037702546831024793,0.2272734820661334,-0.00753512550665288,0.19292885968873708,-0.011920949292556063,0.1758502375160131
2015-07,0.14204665201164324,0.6050337560844337,0.1296388476141948,0.33717016493479457,0.11987885972302094,0.22573076956235805,0.12341735734232172,0.19315907111660757,0.14657224084243692,0.4394715076959224,0.13851662184829502,0.30765257398381246,0.13021411071693104,0.2247331008934894,0.12750939557887475,0.18615219178329545,0.15959298716609485,0.3806609128855116,0.14584619767971918,0.26575711373359034,0.1365645807123993,0.2175599651800923,0.1303774577975975,0.17603814332507445,0.1527043075555979,0.3479850961492734,0.13527698693803047,0.2505554888980197,0.13005299217665278,0.20837572249413633,0.12403198405189576,0.18439503617373398,0.13633029177668524,0.6303018991935458,0.12707732021410864,0.3394691326817874,0.11964186356816073,0.23808675400551793,0.11982731022687147,0.20569796471908852,0.15618081519890872,0.4481834632832599,0.13949335169326194,0.31465277505782974,0.13013777047968816,0.23203744584549524,0.1295195012684818,0.19364747228701093,0.15112424585484704,0.39983368582829215,0.13714391541131388,0.2876015898515206,0.13118280434726423,0.22528651319545326,0.12633487284614042,0.1868759791600968,0.14985830794118984,0.3304967340381867,0.13404365100310536,0.2438763347695812,0.1306244004744629,0.21374355168634251,0.12592364477010526,0.18669105602289868,0.18930039474595947,0.6045415213712804,0.17296303904506768,0.3600590190635511,0.17727399728064497,0.25167974327623865,0.1756508132537837,0.21091350874182965,0.1632536273535519,0.4457116866824964,0.16692369773133042,0.3339936492245266,0.17327624082251805,0.23918732834211587,0.1724578058280214,0.19984694302509953,0.17506524323295716,0.3694389982012061,0.1706963678408737,0.2599988666576913,0.17000399744540717,0.2129424545396197,0.17011367027873697,0.1908164246127323,0.16983216863927014,0.3307520443626787,0.1677816694592241,0.2368121102007822,0.1672815301536468,0.20122496138136753,0.16196146875070358,0.19181483767387375,0.18477810142817738,0.6180533889995132,0.170805512987306,0.3595069229520824,0.1753375234884307,0.2554421277562397,0.17282619923868242,0.223999687451498,0.15249995304267625,0.4510280419068915,0.16002229103677618,0.33163112153026775,0.16964628409455798,0.24401953001428295,0.16975940063449238,0.204999642002517,0.1679054693254106,0.37550496566096364,0.16730002806026026,0.2705760452433511,0.16675750060196914,0.22595793124550595,0.16685519076827143,0.20030839846460002,0.16479382294431535,0.348739489205377,0.16496785849312967,0.24205896797695428,0.16397310712760038,0.21011390787637618,0.1625863173113221,0.19629514438889836
2015-08,-0.07643582240724882,0.5930289640489699,-0.08292585934513687,0.31591569181147905,-0.0817928627403751,0.23565541179946436,-0.07676886324418782,0.20093751906373353,-0.0923215607570925,0.48629450606973423,-0.091691142641948,0.31124152541390326,-0.08517904817864141,0.23100547430644766,-0.08340549421573983,0.1889205064066128,-0.08588723705672192,0.3592298312784017,-0.08743845606138369,0.2946447012672714,-0.08387559682014711,0.2260604219183121,-0.08609183478607799,0.19528608691142713,-0.0885262047648951,0.4008611963010476,-0.08628070322157434,0.24056032740610592,-0.08162964222088792,0.20982259876203968,-0.08093517181192046,0.18641540921147937,-0.07900683842526803,0.5957981920212637,-0.08639367876279529,0.325659465379062,-0.08560738165723183,0.2434229377951408,-0.0778914249195455,0.20256744492031856,-0.08825503044142245,0.5009727225896814,-0.08834542475079847,0.3155282355932933,-0.08243490282256577,0.23450530772700814,-0.08058084249008317,0.19379604097537395,-0.09155384640535377,0.3388125383795047,-0.08624772544273625,0.29583751424162985,-0.08444993488042728,0.22238606259796898,-0.08562086405733028,0.19563404608673418,-0.08456858229374917,0.4012386181557035,-0.08268374431129173,0.2660104211203689,-0.07897848580958912,0.22231967930299973,-0.07985001665852268,0.19993448988280876,-0.09844288414197143,0.554222394807979,-0.10545154958176989,0.34314168340955686,-0.10326461871392019,0.25503536511262737,-0.09656632550184158,0.21034141749494922,-0.11147924559097333,0.4518667993296006,-0.10892885965726341,0.3232296784643467,-0.10385738689364044,0.24218250308355674,-0.09825068939151249,0.20782704822506498,-0.10703482840825415,0.372852775506736,-0.1029263954776545,0.27515209404460195,-0.0960716127043686,0.23432518778775355,-0.09413249866815665,0.20612876946234215,-0.10599346955937633,0.3737358776865915,-0.10078969368072523,0.2463928718342498,-0.09506717013848066,0.21766444149784686,-0.09279155577814417,0.19489505206651248,-0.0920770728425359,0.5730297322251701,-0.09829173432560943,0.33732466385113635,-0.09819441367618814,0.25905828139745124,-0.09230629085698507,0.2158436071392074,-0.10849836867205444,0.4647276843978368,-0.10708176940399566,0.3294933905450589,-0.10147466025657818,0.2540703966419312,-0.09617968109912539,0.21654536083486164,-0.10899200929590167,0.39218979439022517,-0.10273892876434049,0.2788638125033429,-0.09549058755682406,0.23234008596442735,-0.09333746222086192,0.209469485345131,-0.10649653226466264,0.3847611086865666,-0.10092635221578251,0.2596617703941894,-0.09458646267843765,0.2158458564194102,-0.0930270353526962,0.20580366508114362
2015-09,0.018094908403057587,0.5782056543050598,0.011741518697003576,0.33856003373216464,0.012705572336490155,0.251927029749985,0.012181670509264417,0.18901107607201612,0.01360076405135264,0.5122643587552816,0.011327974077657798,0.33055866093674974,0.01212471202036385,0.2312504294873725,0.016536271107953505,0.19020626134462815,0.010954399411337,0.3653735833914253,0.014571556885847006,0.26652938226758593,0.016197952508515388,0.23761862766869657,0.0157015185550529,0.18838251896678876,0.0167072219464301,0.36811029483263313,0.019163032303843454,0.2681480071423086,0.016575783685192406,0.21861092403173316,0.016497488036708093,0.19075878001446972,0.01483989505844732,0.5856818508880983,0.011187315934390606,0.3536907511337421,0.011961816600483087,0.25297073883719073,0.013731819174530077,0.19676844599243554,0.012118004330869982,0.5160959273950494,0.01084530058130161,0.3315921171700519,0.011065119638028365,0.2314925714173241,0.01609146333949802,0.1921962286481707,0.00895201771043638,0.4392192052115702,0.01398070127963055,0.2858319104389683,0.015539980139718426,0.2409448116709374,0.015588929090571278,0.19472510274655241,0.012627137925087647,0.3698283579359879,0.01778524032432487,0.27700357698208067,0.016900329827002035,0.21964645439953304,0.01655783589248842,0.19158476494883475,0.02215284697949401,0.5601674219929149,0.01428396402144235,0.3420335277998613,0.011734871660649016,0.24215055845498895,0.011246734334627686,0.20746184233346437,0.025782889288339092,0.49883481986113576,0.016460329514051804,0.3254129846688676,0.015779503831370886,0.23502681820779694,0.017024980311274748,0.2062814540952509,0.020435418018478126,0.3975992561027366,0.018226061535396014,0.26756865828589954,0.019825255557071174,0.2275510836849129,0.019084659372434858,0.19450262641071592,0.024792774905458594,0.37199921612276254,0.02127281855618877,0.2539606714344378,0.020402025601233147,0.21108975220429127,0.01852912061730444,0.18583224992649996,0.017918130762867527,0.5763972632473918,0.01288281480917135,0.3456138860520959,0.010927652428254794,0.2491256629696107,0.010808717156038159,0.21453381679219852,0.020747772394368286,0.5032884962590871,0.015678802171700475,0.3290338943241714,0.014837821875432075,0.23931717510888093,0.016484825667015576,0.21477169784273945,0.015902815542113105,0.4099549710184258,0.01659443294825033,0.27378076013253827,0.019157091284209744,0.2316249936148101,0.018174252309105257,0.20146363521482796,0.025863800666251994,0.368094580451492,0.022487781981110882,0.2554926112758472,0.021357320552939627,0.21565001715186108,0.019905715643238984,0.18937926762698415
2015-10,0.046097224615666545,0.5290283042177634,0.03912783083915682,0.3091587231427315,0.03744691243546867,0.24905746593843797,0.0333168515148589,0.17959256011378766,0.0579896250902192,0.5159561108442106,0.04207315456309242,0.33700395942631056,0.04148707391347677,0.2365056308587045,0.036516705035057724,0.17920356742843463,0.05320151756147035,0.41458102500388383,0.04489471375722409,0.2976587253292071,0.03868365765553198,0.232065964685496,0.03797350720711886,0.17764980213156634,0.045325143281074384,0.40309222661910615,0.043210583975659626,0.2602046545140704,0.04120658716031189,0.19982203500407886,0.03810352835609504,0.17205663385743467,0.04093729123174378,0.5519386291621172,0.03770948347842238,0.31015316545985616,0.03654579704372131,0.25011880736866665,0.031445673106781695,0.18342494323307162,0.051100186160464314,0.5144926650612176,0.038824552887726335,0.333952064930776,0.03966579524599176,0.24117104456472835,0.03519152788189198,0.18636883509354862,0.05352069793476528,0.4375835706471952,0.04275860836891103,0.29908365586080826,0.04120500574125849,0.23166078159594733,0.03989560134195753,0.17744126937592722,0.03946300854013651,0.3694621880421319,0.04139050581272275,0.2581833367896372,0.03954107669939828,0.20054080595782578,0.03777444593052581,0.17627344534933653,0.0723805448936804,0.5485361069984216,0.07410066048608886,0.3343582549247829,0.07571088630274904,0.25084117806923434,0.07314514964986522,0.19362852840941888,0.0802877427028461,0.4749052385666055,0.07032678145271892,0.3257115644288694,0.06986814567553058,0.2319163795771685,0.06967060705189224,0.18812287349261253,0.08104524039783995,0.40126422509918613,0.07580465839030677,0.26810693684147857,0.07361458441321389,0.2203959573747072,0.07426501506990135,0.17335082952396258,0.07602763043792382,0.3470812609172565,0.07322833346916445,0.2337690130306723,0.07165517161297885,0.2011922183300296,0.07104333435142171,0.17828052789527626,0.07496710536901724,0.5592298849378778,0.07502078868520809,0.3359312208980132,0.0767614062686622,0.251356852313416,0.07324472213585684,0.1962673597056046,0.0822886151401964,0.49001983120140924,0.07453716402081577,0.32250380308506543,0.07280866405265188,0.2322813128510025,0.0717421366817142,0.18615534308272225,0.08338403006006284,0.41456514246854015,0.07632933548622772,0.2749905681957451,0.07441257918317108,0.22144162717815447,0.07349659869238458,0.17721135501594204,0.07418637253418994,0.3572780133263619,0.07209875715663873,0.2436210048576208,0.07134758776994532,0.20387804738271867,0.070462549367872,0.18059136497159956
2015-11,0.06386039926076467,0.6042207585527732,0.049452848382013796,0.3451795624302561,0.049297084553834004,0.25809534894409575,0.04956483442568458,0.2018241531616929,0.058721619681153164,0.45585930944724873,0.05737214582515481,0.3168367289533074,0.054421184183364835,0.24229716868323403,0.04908812186426158,0.1875575270965284,0.06594525934521778,0.4228667772594027,0.05982337115560297,0.2811348655565658,0.05643446905562338,0.23039423651470003,0.05101965092883955,0.17803966859865988,0.07249997571118634,0.33307298825739273,0.06386128524033097,0.2729728414688867,0.05807220753405689,0.2170923599932224,0.05182463209225023,0.18534325829310583,0.06200718121021286,0.5995702165747228,0.04990280405309285,0.3478166045116717,0.0479991155591092,0.255087712442721,0.048983002399439965,0.20200494564937155,0.06015635912993452,0.4604731157825858,0.0574927320238336,0.32493408987464667,0.055473189172067644,0.24520031165964828,0.04977256128664562,0.18348859982815133,0.06905207381172064,0.44566348034198167,0.06186315040112316,0.29766417948561086,0.05689744755887221,0.24011308423395106,0.05185865372302598,0.18210163953188874,0.07359394056540207,0.3436589029204209,0.06440981571184709,0.2683053078856408,0.05847004530563229,0.22095041422807088,0.051859513980121875,0.1861921231319843,0.0980956130524264,0.609295645044063,0.0973849028616214,0.3527244332795921,0.08633973235412634,0.2630909194111698,0.08755248366504292,0.20831995081933025,0.10419175228063153,0.4477502109335768,0.0968899147513769,0.3213963007732482,0.08675192104518682,0.24216082904933153,0.08426849588230818,0.1939637024615431,0.10173397441491441,0.3806701233320604,0.09028046358711962,0.2754384111634012,0.07881408232572112,0.2195391421423079,0.07574563613968828,0.17828958969122416,0.09483275367531024,0.3267041892925562,0.07864971580415483,0.2478262134046781,0.07230926689429809,0.18705832583093424,0.06914103375049435,0.17386561383850302,0.10506895319301075,0.6077663788383031,0.09849085568893344,0.35724446387676606,0.08895073257717231,0.2699821897650512,0.08861691878584975,0.20877177651337842,0.1061037404592842,0.4493331450805532,0.0952287637717996,0.32408616529094336,0.08645649304246811,0.2451323950357824,0.08425368658687586,0.1912713892939102,0.10495169051476537,0.38824112158869917,0.09208071101590026,0.2812203494282757,0.08165760090091256,0.22012690037148486,0.07904638612019273,0.17813827088183096,0.09383368442956827,0.33244607797013054,0.07802268634325984,0.2483086374839943,0.07222319273849315,0.19358817661718075,0.06942529404008743,0.17352548017934988
2015-12,0.01921245828802213,0.5339760048751185,0.01732755472727809,0.3217857087678906,0.016994947723464306,0.2381185140946498,0.017533997817464043,0.2016220284044134,0.01423732052793415,0.37397613344211345,0.017475185291045726,0.3203758339184808,0.018169360975264535,0.2377282017503146,0.0192475565246507,0.18583954356938195,0.017926792714449757,0.3938786691616527,0.015841015562708706,0.3014490681333354,0.013905165489195284,0.2328761277103366,0.01525132732681476,0.19531113151824422,0.013230444868333989,0.30332958887807715,0.015359927653772629,0.25919976354825636,0.013716671935488483,0.22228599246217723,0.01172622434979864,0.17799177192054672,0.02085735900770429,0.5766783569294764,0.019784230245074634,0.33698049064721297,0.01667747554069697,0.2494255620225403,0.018478741422613583,0.21345432888855734,0.015286243195585358,0.40172264999224516,0.016851511805214527,0.32707092804430105,0.01824294128118366,0.24388123526366262,0.019428952436077594,0.18531396420542345,0.0180078048504447,0.41108481226709837,0.016825813264781452,0.2976513475832939,0.015249224935377932,0.23276058977741682,0.015940148756761117,0.19212103963663296,0.014469904168141435,0.32910941268983374,0.014822052025668657,0.25830305806642634,0.014979234655117647,0.22573620449780593,0.013352045894798013,0.18529436432552457,0.09764212283861491,0.5670391941040032,0.0844410876098985,0.3393718512151153,0.07934310927068237,0.25850735544771375,0.07343672666479419,0.2121194360523167,0.058662339907914925,0.3972042643258038,0.05705301201197155,0.3234340608863211,0.056748960961711635,0.23738947415421985,0.05647709311971779,0.19631277602434868,0.04982185743788656,0.376879853813733,0.0495211423961281,0.2833881634174079,0.04937821603244523,0.2189036918520978,0.04758111921393928,0.19184182848262205,0.04963993670706254,0.3117985428176513,0.04354546305770569,0.24495424063298063,0.042085898514404786,0.20770243819217915,0.040838151988410114,0.17824788686798665,0.08093709596395154,0.5702952121753095,0.08162858401919068,0.33746680230059156,0.07911265331395717,0.2591889792848795,0.07462882506395703,0.2198497977328686,0.06946367452735257,0.41309579266270524,0.06132873519850383,0.3335506385419041,0.061001741352629764,0.24883267790881086,0.06024921611858105,0.20491642459529208,0.056594199007622775,0.3837433289461356,0.051174180428991745,0.2789126007818591,0.04983295166483369,0.22300916339882224,0.04777492000781773,0.1943691306166361,0.05072742616552704,0.3410521361255757,0.043432228031255654,0.25403935433392666,0.044082942882810734,0.21663391848414953,0.042174461210287575,0.1804422468019089
2016-01,-0.09865402074616782,0.5919768208052278,-0.10707597243457939,0.34723066195162844,-0.10429799969304422,0.22678293112299397,-0.10383681046667113,0.19538797866860452,-0.09388772209784702,0.41677489630985987,-0.10488708995089781,0.33026253448112075,-0.1044187205559338,0.23343887692933285,-0.10669924817700761,0.1919299776235569,-0.09391965926594348,0.404112798729218,-0.09998556302016419,0.3062734786563015,-0.10495831559855676,0.22878080032723047,-0.10834172107827336,0.1914690458184177,-0.09554432419275798,0.32863298059472446,-0.10391541472910959,0.26510353035810236,-0.10659905594164414,0.19914304189639792,-0.1090258790721083,0.17132158826402227,-0.09913739763469383,0.5961587614383277,-0.10541026702792934,0.3485363382811149,-0.10313239796633647,0.22993940606047464,-0.10384212699274782,0.19858969527877687,-0.09277363494689825,0.42843764300046405,-0.10433024132488346,0.32714123750981006,-0.10465321083446691,0.2347440338095621,-0.10766722947686896,0.1892879271313705,-0.09757067658184838,0.40706382924469997,-0.10353665816013548,0.31222226134838094,-0.10708382129557127,0.23204894279594063,-0.1090587416493939,0.1902288687157753,-0.09598841514077867,0.34097520101295925,-0.10569945510501456,0.26409159562022777,-0.10812629517720385,0.19986145133346667,-0.1107966166317023,0.17517753489138088,-0.0635439841524577,0.6069144601519199,-0.07181179236331402,0.33019861393263333,-0.07743054536936103,0.25990193425527414,-0.08272691818456014,0.2146994396500695,-0.06963813272389995,0.43677369449162984,-0.08251210910847309,0.32761474651010514,-0.08782688392965833,0.2506419718238859,-0.09197381771695515,0.19453078242082714,-0.08789405919406851,0.4169152632236618,-0.0953278952963484,0.2977320989584995,-0.09882273962413579,0.23437511182971474,-0.09887566176509102,0.1875936430170258,-0.09434192522526998,0.3713424252776145,-0.09784925005880597,0.26485248229025654,-0.09883083767874871,0.20137322111990572,-0.09920042197319928,0.1722290967950395,-0.061000871310821415,0.6212767895911028,-0.06688687186758001,0.3483355723230487,-0.07515189016980005,0.261195093223476,-0.07893608704049533,0.22086539923884824,-0.0641417264539551,0.4298627002577293,-0.07917470554408586,0.3282708270831496,-0.08661113501044782,0.25076370404810583,-0.09053090054171974,0.19960860197178965,-0.08530390060104297,0.41328333825958874,-0.0932079954124936,0.30407061685176673,-0.09702953714057337,0.2294216694040898,-0.09812785781029966,0.1859680589412981,-0.09502199452148616,0.3790220990222066,-0.09707417747106772,0.2711551050226771,-0.09872951331177145,0.1990254938516564,-0.0987693818608004,0.17120435638869777
2016-02,-0.17239608517195026,0.5862436928318245,-0.16125555878314052,0.3116847556181808,-0.16199418607527266,0.2508581655355461,-0.16185256240737247,0.195619370382755,-0.17862545452165834,0.474955849059589,-0.1777367494856643,0.32981708968905515,-0.17836299353738547,0.24836120499169645,-0.17316940146429605,0.1972383701938181,-0.1931086189573551,0.34471903063096887,-0.18341121210397926,0.2879747687479908,-0.18203909361890913,0.22388953546235557,-0.17778683291329947,0.1861172046666028,-0.1903780392997966,0.3108367346622806,-0.17999270727175945,0.24433109915927265,-0.17785811955366368,0.20365436462631883,-0.17543821781324345,0.1761417364879359,-0.16488440085294812,0.6168529150923142,-0.1595592460290396,0.3187452349126884,-0.16192614392594457,0.2633386209814159,-0.16214906841598534,0.20974998120714616,-0.17113117526790647,0.5030545055482838,-0.17114973648250079,0.33540226050744426,-0.17403565550428424,0.25088137793845106,-0.16970430877321802,0.19416807489339719,-0.1960917304259743,0.3551423551201215,-0.18254831071348224,0.30152533069721754,-0.18160382018675922,0.23357893361626414,-0.1769966339683037,0.1911692487289392,-0.18960877068287998,0.3253330446157121,-0.1806245418165468,0.24422291044291336,-0.17832771022638885,0.20186132387230965,-0.17552184158523718,0.177073919296167,-0.21619701877606137,0.5907916565313189,-0.1986431585455032,0.32995394424806307,-0.19604249887658143,0.2491537887295498,-0.19235986870398203,0.2109104994312499,-0.2118892148548222,0.4557255009515081,-0.2050912241315164,0.3138352031236095,-0.2003685688353924,0.24395655136938807,-0.19598697901219625,0.1975164963466003,-0.22144934765407534,0.3731265796157508,-0.2065285794375289,0.2680960713080231,-0.20039078081700054,0.2281526552043213,-0.19343930314343577,0.1875975391850509,-0.21675568812471246,0.38298371592929187,-0.20378852066088013,0.25259081938417677,-0.1967457089537393,0.2135106113064093,-0.1928733174733083,0.18423716634405557,-0.20800973688859734,0.578700327628361,-0.198706614144185,0.32908955061582035,-0.19623542144647974,0.25259305719350117,-0.1923659370787123,0.2143112974723546,-0.20975759540258604,0.47685367326147976,-0.20396061685565714,0.3232349343929861,-0.19904479909646752,0.24413736917138712,-0.19446182274592824,0.19804818974594401,-0.22349474977727724,0.3787033671078538,-0.20579699090128348,0.27435117873050474,-0.20002973878247654,0.22485567036421905,-0.1934721250322779,0.18648605741428662,-0.2091989199142121,0.3616325587130583,-0.1984903180092436,0.25718332432324875,-0.19155648424548405,0.2153389380894078,-0.18897091191945592,0.1838318741881726
2016-03,0.14179463588306143,0.6242775699619267,0.14248015238611084,0.37512464381526356,0.14812816002658002,0.2835478309018701,0.14997161214886318,0.23832191700972022,0.158015093596903,0.5334756411809597,0.1628621277613739,0.36197064802311474,0.16157912208861866,0.2889628836696059,0.159796980315822,0.24362027666532726,0.18010744905916212,0.38290758356903243,0.175876362207882,0.32728057180599,0.171218020791208,0.2596914790685857,0.1684815002340955,0.2310310381393211,0.16971219460346226,0.3621421411518163,0.16515067276791076,0.28801067710262107,0.16173489670425442,0.24520306371021,0.16279392459844003,0.22878008211124273,0.14230285704524837,0.6430852951147497,0.14404008628356685,0.3820714815374454,0.1498142076965444,0.2851474498376491,0.15069834029727497,0.2447849330762944,0.15944844594275306,0.5142027413826218,0.15995778699609614,0.3651908723085636,0.156535692552383,0.2856294097135711,0.15432104534041718,0.24454125250336628,0.1849249348244693,0.3738698590824706,0.17769284658894952,0.3319830249673698,0.16894811890727368,0.26809891395205093,0.1652774811572214,0.23816821093891782,0.1785516553795184,0.3638919625122021,0.1723494957300139,0.295520901894859,0.16606551619363324,0.24447381650931677,0.16609161354586277,0.23422576501827225,0.09233828039913358,0.6318440972086751,0.11884693945129954,0.3615514189221378,0.12365530038073277,0.2778546666060898,0.12480659152221296,0.24284899175745694,0.14813912107002128,0.4602816463309732,0.16044786056876703,0.33861119131474143,0.15392934503672018,0.2728318838526945,0.14560347820409336,0.22931583028334096,0.15308023832433013,0.39165201457596555,0.16104185647650393,0.3082396566679956,0.1533504444908721,0.2659518214235411,0.14579632952845442,0.22939901713372043,0.15503542209056792,0.37267312503196526,0.1539033715372444,0.2831007688516967,0.14691887352635113,0.2570930370040983,0.14457211405390993,0.22508844610302178,0.09364176926037238,0.6456728567133967,0.12326392859751198,0.3522059020835029,0.12487262147344937,0.2798060121469387,0.1263213693564161,0.24206194367816586,0.1493121940397016,0.4811017963043758,0.16154515416581663,0.33666610518631335,0.15418744437080004,0.2726967345241119,0.1457205633228319,0.23328073302692448,0.15378120598550754,0.37715638407978697,0.1620666272343924,0.30831568133095405,0.15308755505030297,0.2656397535282582,0.1454310130987934,0.22954022062579824,0.16103724931401503,0.35534889198751085,0.15717890505963128,0.2939694177671579,0.14731437666695857,0.25693703208032126,0.1450829971859129,0.22727046262706485
2016-04,0.02083945653124706,0.627288591969658,0.031363082926153626,0.36635535525203144,0.042188351114912495,0.2755755573448413,0.047592881169140004,0.22294529795137902,0.03500192309721259,0.47629275002968363,0.04930837112148885,0.3379775373571575,0.05690524557817913,0.2581828108982571,0.05401012181577053,0.21001303712890917,0.04955518825107094,0.3617273593692033,0.05990156857425649,0.2855661373634182,0.06023063561944717,0.24320944588675417,0.055492788053885585,0.19567534776653978,0.06127407758854927,0.32603483651408405,0.064331129727139,0.25702351142686763,0.06260165637190418,0.22703691505256984,0.06106027556991181,0.19847636974717828,0.019328429305578907,0.6642233072203948,0.032543045450083165,0.371386003856363,0.04296664661559055,0.2829147424676082,0.04797124941186746,0.22870128499895703,0.03425718759180214,0.48545548862963145,0.05017816711854234,0.3316788574532068,0.058008373475126884,0.2601512215610866,0.05549537672814629,0.21014845988948122,0.05721681632053408,0.3818094252036083,0.06560633993647136,0.28055343266876476,0.06376789314443393,0.24197050871183062,0.058200343429423575,0.19698270987225555,0.0664387911028994,0.35034305311836644,0.0670636009774888,0.2713244742052102,0.06414054328192055,0.2311556047551776,0.06163347973148147,0.20440789558757427,0.05522000649241156,0.6457472424513154,0.06451344312766366,0.38086734255139043,0.07289396786055971,0.290964785701326,0.07513579195123572,0.2427130941574608,0.0675979269650973,0.44401720632299535,0.0725249560359765,0.3379032029929442,0.07643771766465277,0.2650076853625305,0.07260018854752258,0.22032927322632742,0.07635258480998904,0.38749014174538976,0.07656946286557953,0.2936558684467764,0.07642894480878328,0.24816908582494887,0.07056842515257732,0.19922200116324812,0.07847533085776308,0.35076798549593224,0.08164007527878647,0.27017803859982004,0.07508981019629442,0.2211688502287517,0.07177153364242767,0.19317111623849598,0.059197480833864856,0.6433005544020564,0.07001455175683816,0.379824167455648,0.07689480749538324,0.2909208640712939,0.07716539250494334,0.23994670976348664,0.0679857778619272,0.4613169753438088,0.07432933425119449,0.3387212722739411,0.07767689280503998,0.272161530480972,0.07311848361163778,0.22151381568961565,0.0767159722565342,0.42532222490162164,0.07791567258702259,0.30247517343949315,0.07682814472867786,0.25486022196322,0.07049947906753105,0.20223133603364904,0.08353078998989505,0.3644968754096355,0.08254102219432032,0.28485259264220847,0.07711956683558324,0.22718824590521491,0.07324644220704431,0.1956884357925443
2016-05,0.013370260546825807,0.6506503343999392,-0.0002437002841964331,0.3491536920131142,-0.00881347813546736,0.26037558890326784,-0.012006930959005348,0.20368639643734454,0.011410628342204528,0.4829620819838642,-0.006374050310506985,0.36430720731928,-0.0157154997798406,0.26565329611534466,-0.017247309485482143,0.20221688246695285,-0.025026360206156166,0.4385562490581259,-0.02776870917639106,0.3114238113137777,-0.028256491305874515,0.25445016889756833,-0.025892069554657764,0.19723521588212145,-0.028468564785516758,0.29000042671659176,-0.026075587782702605,0.24277877659924937,-0.02513216120137304,0.2048748837111552,-0.022805290677947256,0.18231190484907367,0.01384624274715987,0.6372026288977766,-0.0003071900333684646,0.3455854250425391,-0.00731451843902632,0.26265700965278616,-0.010177391751282246,0.20098879808793535,0.005418942610683401,0.48283624865346153,-0.00539987782306625,0.36559179047219925,-0.013951455385799163,0.26716065619814483,-0.01462978088889803,0.20456919830149267,-0.026504242385600178,0.3858028294258617,-0.027702416007772405,0.29645292421234704,-0.02812311605833236,0.24600297608042382,-0.025685715959605095,0.19121160516680594,-0.018070617586747013,0.28519141256210956,-0.01903476431533957,0.24501855892139165,-0.020438729656709446,0.20268233015801546,-0.02017594729242613,0.17871630417689316,0.008016553815682111,0.6140234406582555,0.00360438608967258,0.318884560934628,-0.0042295614963734985,0.24573660183352541,-0.006346088114659648,0.19874904787923758,0.011551016351258554,0.36655429543586543,-0.0009069223889535355,0.3182800790253161,-0.003757712536961612,0.24992622781054014,-0.008376632330171873,0.1970351930071985,-0.007883838763126032,0.36923070001005637,-0.0107570536052206,0.279324900003508,-0.013260356427330453,0.23731710175833884,-0.014686030284437124,0.18942110686987637,-0.006370316257783425,0.30390006282660387,-0.014330353951182132,0.2567766118334464,-0.017451621147846465,0.20550513795820885,-0.01923678694667084,0.1847101388857531,0.004141275726833763,0.620571911781955,-0.000130090555719709,0.32206418274557413,-0.007227077738175815,0.2594530101495234,-0.008587346647786384,0.20250411692831288,0.01106118782102343,0.35616686034515793,0.0024731842004585176,0.31232154680785473,-0.004802357177874087,0.2569850393208886,-0.009043379629232809,0.19573859988969544,-0.007190846884254193,0.3729298942761523,-0.007972355627480138,0.28190396168571985,-0.011706357334628574,0.24322741875357434,-0.012337062357703776,0.1930452155265501,-0.005416601348488993,0.3052735734339126,-0.013658367833635335,0.2510323363843757,-0.01603005941804283,0.20929643986009003,-0.01778633198131137,0.1806652212371918
2016-06,0.09197687337029956,0.636750264754874,0.07253962882037794,0.33587560646844905,0.06322422496813865,0.24323871574162997,0.059313063426889835,0.19175590519488,0.10818484108690998,0.5018915129586241,0.077428934800079,0.322551119772413,0.06478297228072319,0.23390142565481958,0.06143653353090092,0.20595450067631307,0.08821287400044905,0.516891263174814,0.06139927234976487,0.31161814692559703,0.05491704390953932,0.23858869701058782,0.05334615470872469,0.20412238365233537,0.0840100403064033,0.33638224270123723,0.055376846020192216,0.22571115746561393,0.05296968207668875,0.20639541976784692,0.05447553294633145,0.19344123966496804,0.09204333437007715,0.6459434961510556,0.07401670590356524,0.3409500838783608,0.0673477687998734,0.24800454292591018,0.061030348711530395,0.1901369659387305,0.10642331997669091,0.5097131176076499,0.07704596689529244,0.3319609044304185,0.06457102067676143,0.24155162568173433,0.060310794507474494,0.2092870580623004,0.09091602877704216,0.4908368194012577,0.06476706260974852,0.314504149191172,0.05709274422166751,0.24367020662216787,0.05541054525517074,0.204235342585371,0.08029993536959035,0.32371146890201696,0.054791242110969945,0.214984997908994,0.05456430526876331,0.21069923988943756,0.05495288052792505,0.19039325951575092,0.15440578943221384,0.5969273725385038,0.13203057736228038,0.3084083592741419,0.13348291162115875,0.24401391580617277,0.12427517723695974,0.1972680537352754,0.1558976301507379,0.4192787981474313,0.15172899261854406,0.3246205593901309,0.13975650232762152,0.2555053956861495,0.12506376701293306,0.21991301066982313,0.16522116922817986,0.40959993140189216,0.13853667902053707,0.28364945121393176,0.12454186230306277,0.2370693261717967,0.1101157384642968,0.20349653522674827,0.16869807823639393,0.33136402643647356,0.13554651333765724,0.24614990391945896,0.1159375998745643,0.216710262224259,0.10125632243239131,0.19697677934054386,0.15870715822179896,0.6096583891777468,0.13620766316783756,0.3121842840073473,0.13728387048700927,0.2476141221386447,0.1257216669937488,0.20403934111951888,0.160478598807254,0.40784059822995294,0.15303143500703753,0.32968604987533456,0.14371244732610183,0.25383845360406065,0.12655378966017342,0.2198297714522136,0.16496113763340478,0.3869318886707121,0.13732407838918292,0.28182849172838814,0.1232408693443648,0.23556951046147734,0.10901103141907423,0.20196764528098055,0.1721588602636797,0.337869667745446,0.13819817401091897,0.25508809697280926,0.11913347372369854,0.2198935562625569,0.10398502595701421,0.19787424445397792
2016-07,0.06754937777370879,0.6317518977741613,0.05876261542115538,0.34648954064914017,0.046616091214994555,0.2532655028866165,0.04545514012587652,0.21104792380754378,0.06104514209725792,0.5325318660509759,0.04604932262656817,0.314367428005194,0.04214639724443851,0.23645171243843544,0.04144857776552866,0.20428320216846632,0.03345162086711865,0.46244650956938405,0.030366529294776335,0.2824842635221311,0.03201833886831893,0.22714808099946004,0.03514149199744309,0.19685046349920632,0.04329321736429898,0.3789705765112422,0.040030367364335184,0.235971379283817,0.03746402412786853,0.21429296368346148,0.038983096269990004,0.19459473154917156,0.06553665591310037,0.6318779917803204,0.05620068394293432,0.3302662735986909,0.04778201146283377,0.251290853696847,0.04667760711075695,0.20937842582258484,0.06380148724369199,0.5439172178514569,0.04715797666007084,0.3124682829727788,0.04225505783230374,0.24013760920123392,0.04139093926766447,0.20379768882111898,0.03682346572457844,0.4608645334669491,0.030052591889646162,0.2797645613723379,0.031916692690135876,0.2258428730138924,0.03396886023636626,0.19896062176659754,0.04092867740429461,0.3668999657170783,0.03868765605292786,0.23683929415204164,0.03603962120409743,0.21815410794720083,0.038679143870776075,0.19352297681933772,0.05960632011388939,0.6136343920003821,0.06981329957039613,0.3556787921526715,0.06446053316186082,0.2603550256671615,0.05692594366332988,0.21162652768462448,0.07123878118137111,0.49519573941895845,0.06902035093497938,0.3353366884449863,0.05831609875917012,0.24896585726038248,0.053848231405068045,0.22116407606532737,0.05579980738933095,0.40526199695238774,0.0514200535301363,0.2772766296294873,0.048766170247481117,0.23433346052643145,0.04852025256743591,0.20334385405335076,0.047477493875379646,0.3493763541299385,0.04443669388716606,0.23658663813637454,0.04358181510469204,0.21165196725376034,0.043988414928392595,0.18870538807556686,0.06068508345325395,0.6341265118642652,0.07115094281075048,0.3661108683985457,0.06631535622810907,0.2733597820794864,0.05884596423922122,0.22249457055886293,0.0696628083531605,0.5044228688212653,0.07123893200716223,0.34578088691738623,0.05981511678127616,0.2608178449686169,0.05443096813933106,0.22914392228787045,0.053732899377369615,0.4072420627408177,0.049890869846791926,0.28036011811207007,0.04880264261289524,0.23172298374440692,0.04862692458245446,0.20368732096149128,0.04455575475312455,0.3410563822930105,0.04333964260785673,0.23584112835294563,0.04364145639052695,0.21347669957822957,0.045158981661844684,0.19168495156980841
2016-08,-0.00020270284349581174,0.5910634601092124,0.010286234987496421,0.3409983067517591,0.010390637313082115,0.23504937536925397,0.011574973994537517,0.19659615344809012,-0.0005117388540167056,0.5312010723663948,-0.0033076055350035596,0.32189289953592526,-0.0003073890921461053,0.23735018699863286,0.0024206983990285487,0.20119857645667344,-0.032432374715836064,0.4934691158225948,-0.012640247422967597,0.31285345335357073,-0.008898817912649556,0.24367610676596363,-0.004799049845581491,0.21255092549870427,-0.017642413632866734,0.45392032652778735,-0.004524847114738732,0.28768091032826415,-0.0011415132634436487,0.22608795516205246,0.001909538869961628,0.1951722231695952,-0.0020539399252353274,0.5794254908135392,0.009150421935040601,0.3395410799050303,0.005786974140660055,0.24242843686948812,0.009786789458345064,0.19743889540251303,-0.0014280881805888994,0.5696093708173833,-0.004474413451357891,0.32231663236399755,-0.0010126004352223206,0.24363041255515894,0.002502963370660192,0.20522314988815976,-0.03403212165021785,0.5029093597769488,-0.0165637380901823,0.31167024220464884,-0.012402420669297006,0.23960765360180414,-0.007504376848403403,0.20954200203460896,-0.02623440196207021,0.4327581990989381,-0.009000550914111536,0.2785145459598554,-0.003702966933192709,0.22792981239709012,-0.002478265344244502,0.19538096924185544,-0.024898284788342197,0.5482368630941062,-0.01569669258721443,0.3221263361546425,-0.017297659296535872,0.23254802099247013,-0.011561963818169986,0.19769774284426617,-0.013912261755421498,0.4866055558031558,-0.018451466029881597,0.30421543104339444,-0.014754007584860139,0.23429986417273257,-0.009204757371918566,0.20251681084366835,-0.022750881555986244,0.37697482220888867,-0.015393864730511554,0.26088699314937147,-0.009703198773814868,0.22934871356659636,-0.007050381720900494,0.19905103445426603,-0.010705798544998485,0.35632409627815,-0.005055660982159755,0.24584434286494167,-0.0015830163317406745,0.22745834408372861,0.0002829955322591254,0.19287418833854436,-0.023459332481165485,0.5533283488707013,-0.015652000510816708,0.32160069737480323,-0.020176894188284965,0.2349681994592694,-0.013692543280520386,0.20235061402939555,-0.01641388225588399,0.48574203203019484,-0.022553439865665336,0.3182289942070802,-0.01801206451144278,0.24315609990471085,-0.01173020351324118,0.21158806326267765,-0.025410539962530412,0.38419817937436007,-0.018380578811378927,0.27020860994372653,-0.012605323083859109,0.2334731879483959,-0.007708757873370147,0.20348336428654498,-0.006856081017027532,0.34488729580458066,-0.0028294678417653298,0.24084966806840905,-0.0005537229898581203,0.22352410186795668,0.0011211197227091263,0.19465611296874077
2016-09,0.001045873312450275,0.6220919735014024,0.003658309283339329,0.3717816678723463,0.0021013757452775193,0.26565642958406394,0.011340123547788008,0.2145083730216782,0.009880327296871985,0.5398869184177464,0.008698665392702965,0.35424276907144703,0.014743504653834784,0.26551642261041103,0.020583367653168635,0.22602461448732258,0.01439751153022677,0.5005249894358024,0.02444989667159486,0.36150985062911684,0.02731721567650265,0.27656766329933236,0.030075499564711113,0.23640911185245098,0.021075463624093363,0.45631956616865677,0.02957344931267929,0.369648109302822,0.030450720513321924,0.2696478846269994,0.029768916867021444,0.22614658183009956,0.0025645322498946887,0.6413187778705354,0.003774880993359323,0.3719792809667474,0.0013115026683212692,0.2638622062341295,0.009115951242212109,0.22300014396736917,0.011158524816437356,0.5467628949433307,0.009739214164359723,0.3540388602620458,0.015199339604670055,0.26686654012196515,0.018887997149813814,0.22720631630616656,0.016707928630584977,0.48483539866174213,0.02451602481335033,0.35825577442163925,0.026950296730589907,0.27620999981368577,0.029724168609775736,0.23677114531631765,0.021901401252457025,0.45234007517431796,0.028550209443398332,0.34343495443193284,0.028976966607168204,0.2616671198881194,0.028306780336413043,0.21961535751215738,0.020801045127218445,0.5661022645122191,0.013488559474866676,0.3537247410390423,0.01700289779668266,0.24573370476775214,0.021327153771294283,0.21922230636297108,0.011083676629344764,0.4594132962991654,0.014243523436522755,0.3247300313494197,0.02518197930370461,0.2573318327850086,0.028695518621222285,0.2282253115835414,0.02697929556604603,0.4325323919047418,0.031173169234502727,0.3279951252989718,0.03589390361608,0.2670421770387981,0.035572690311359005,0.23603100302735783,0.0362553422347097,0.39382793264865756,0.03965217831385012,0.3134022463070947,0.03911220313605049,0.2579106823641273,0.03913177412304508,0.22501765403273954,0.01084681659269768,0.5747103459766083,0.008214831177578591,0.35581219447314466,0.014149023221604816,0.2518685068384493,0.02037337056859427,0.22971368196281716,0.008422805445702557,0.48805529970377354,0.011824965842252596,0.32767638877820293,0.020919583081551393,0.2636379272325508,0.02602294275332064,0.23717790036949354,0.020904180995432432,0.4429459239909044,0.027087123903160294,0.32959808708652716,0.03294088636654523,0.26664923129188445,0.03393925981226072,0.23669958489720289,0.035570748437977674,0.3920194933996131,0.03760909584850862,0.31578410627154757,0.03901070618523928,0.25629590682476255,0.03836566393014638,0.22481927595862883
2016-10,0.06852932741062324,0.6074287324007278,0.061265265241012064,0.3540106498072718,0.05632395230356082,0.25205148934797766,0.059194701189354736,0.20231521579707595,0.08064505915835446,0.42509720092367215,0.06882798032243136,0.3261113599891794,0.0711650958482324,0.24888730051065516,0.07614506357677557,0.20423178353867816,0.06543306309670166,0.38189628377581186,0.0636440197092256,0.32707391838637173,0.07321919177032574,0.2490164992816985,0.08169217430748138,0.20245752347125573,0.06613855795973281,0.322318872207611,0.07433147454333555,0.30433696987094117,0.08118813410511468,0.23242451944523596,0.08425392499526664,0.19060506364230645,0.07856141387034539,0.5954018733075285,0.06743385033045941,0.35894201765037637,0.06136800410797102,0.2535032679001725,0.06662816333125454,0.20487532375019807,0.08315106043731128,0.41657359182715237,0.06939327051128431,0.32859855178124203,0.07082632416400951,0.2514755078522266,0.07789254483169972,0.20394380653417737,0.06798983461347367,0.3948034134634505,0.0655305394299551,0.3310867245104636,0.07464386718473504,0.25043557006185235,0.08440787122408111,0.20349371056251214,0.06609333756488002,0.34046878810858433,0.07363708591306527,0.30144099903923915,0.08058892777537331,0.23846639779383205,0.08425047016809782,0.1924766323888364,0.15045336035607315,0.6012952416486534,0.1308297318481004,0.3474770862944195,0.13288388263645273,0.2454461157947958,0.13398579040428582,0.2100496924285679,0.1338039553006424,0.42823813483971096,0.12851163054680365,0.31273516652240524,0.13639255589355612,0.2510855582983569,0.13596150700837378,0.2086842860912861,0.14307033762683555,0.41582497421965414,0.13894461402773997,0.30353631603896525,0.14372642509296044,0.24803578283962197,0.1397431303569658,0.20583412470813828,0.1442550956731433,0.3239403570718207,0.14404783373960967,0.25431216988753996,0.14151915802082507,0.21718384886513403,0.1353983433431061,0.19671582889584785,0.14666224564677952,0.5932805284339341,0.13066545989257813,0.34121414708894804,0.13434782785600025,0.25098220253859527,0.13632522578998155,0.21174240249939874,0.13482734625073511,0.44881904784641546,0.13142873465147087,0.31704925454002875,0.13935883895946422,0.25399380475646816,0.13668796433440086,0.2155403551542039,0.14425983418802713,0.3903165342027328,0.14175010046074665,0.29504230227529504,0.14440828563171873,0.2463282359909082,0.14188270840562836,0.2061990175035986,0.14525298749260895,0.33504246911126734,0.14391366190645705,0.25279931556092405,0.14229852076143287,0.22378103566106083,0.13706367713107692,0.19790595705257447
2016-11,-0.11908463272570605,0.6017067197293262,-0.12367205588183992,0.34233921796517364,-0.10175073797844839,0.25793771558371514,-0.10053093303729216,0.19782577868407258,-0.14774354260837264,0.386410015063537,-0.12973907594710138,0.3216247871566408,-0.11290334355957497,0.2494152864342759,-0.10554938885900315,0.19555779332063097,-0.1458004378305663,0.3843350370836778,-0.1331192898917529,0.3108528472427876,-0.11065953074124477,0.25350472001700497,-0.10151177572416048,0.19539944088613406,-0.15425691571475655,0.3636072638924698,-0.1292576403657119,0.31997994497527565,-0.10723440315556937,0.2415640556722725,-0.09828087638845974,0.18516576005528243,-0.12045265462192849,0.5838973970607932,-0.12275499152498413,0.3497762683906026,-0.10180069782631651,0.25678803074305556,-0.09970942300672345,0.20179821055621822,-0.1492487088302162,0.4096313057418274,-0.13112350912918957,0.332958046728991,-0.11394503542931365,0.2484891775833917,-0.106238024737784,0.20328399169760542,-0.14212649892335316,0.4020621631850435,-0.12832331904625605,0.3198052536984406,-0.10755219707951488,0.2538600292863369,-0.10031206151735206,0.19707578449542726,-0.14867131855013532,0.32616950160483577,-0.12628606729989664,0.31478310278406973,-0.10622185190778125,0.23783681950458735,-0.09782581788477977,0.19475468558897205,-0.12828989285872686,0.5794258493369322,-0.1283496274262561,0.33442583413313914,-0.12099104474667648,0.25872011912248083,-0.11748762050474063,0.21063885407368765,-0.13424611131370667,0.43142557237741763,-0.12925391311913026,0.3094659937396749,-0.1220094809370991,0.24544971881080663,-0.11800303723668795,0.2187853694848757,-0.13439223186016191,0.40702454924989817,-0.1311170532961763,0.3046689445156627,-0.12158625129138488,0.25796875977625067,-0.11505915826066834,0.21794588124782183,-0.13002263917229023,0.36024941367103835,-0.12485549140483686,0.27024337745167426,-0.1159061589465039,0.22591089105766304,-0.10926069195538153,0.20442222880770666,-0.12792539357424818,0.5827208872410158,-0.12674061627064628,0.33913326037357333,-0.11793201358751443,0.25703799499309365,-0.1156685125558516,0.20919892033622062,-0.1379658549069645,0.4359020140515319,-0.13204025519684118,0.3121310018077102,-0.1238101086500244,0.24636698646699756,-0.11886734440384024,0.21561578001610768,-0.13786205734427182,0.40604800466342184,-0.12916825560337444,0.30796498969542463,-0.11985200329666226,0.2582692951134729,-0.11384205542377637,0.21653894159594805,-0.12905881107373418,0.3508444317872699,-0.12427327065145516,0.27125265060199993,-0.11603354026841976,0.22877005051448984,-0.10939644849384605,0.20777134609384282
2016-12,-0.023766449348832316,0.640854132721357,-0.03206114635295792,0.37524461007944476,-0.02868685750123743,0.2753118720895621,-0.029235454068219445,0.21047340842454926,-0.03956012860731752,0.4601891464907464,-0.033613063409837794,0.3555461771264137,-0.032946543353998166,0.2723300899073344,-0.03229534264554147,0.23038472701698529,-0.03854205286630585,0.37007898374763415,-0.032867419491027276,0.3292272303739902,-0.03171584293306988,0.2812492648575842,-0.029053600003240726,0.22388677290335884,-0.04194068505012382,0.3945093282592786,-0.03288069024610328,0.3314283738090461,-0.02733885125945519,0.29348976767233115,-0.02593709132256428,0.23203786882241834,-0.022551420288456907,0.6459213882914447,-0.033290984534090406,0.362566239112039,-0.029925840643139627,0.2717673821293411,-0.030811717568750906,0.20786884036130107,-0.03773885451430977,0.4839347186557962,-0.0322474045472867,0.3593079403216615,-0.03184096918318089,0.2680183888300955,-0.0321674166845716,0.22762664932631016,-0.034703376717192834,0.367186578278434,-0.029195190726042757,0.32640065503485377,-0.02805398395848307,0.2707678286804031,-0.025381245282786576,0.22168491586260058,-0.03713551008408865,0.3848749718701967,-0.028927781566185116,0.328236093950734,-0.024405611616913125,0.27859408657459994,-0.02275613286925846,0.23155218292047341,-0.029169104256576307,0.5568610248697781,-0.023775538168967405,0.3468754467588323,-0.01632013465954528,0.24663293113033166,-0.016877034274588903,0.2097744230650258,-0.033975248478342684,0.45548737089739066,-0.0241538288772591,0.32023513562258327,-0.019251190430890536,0.23917467612964732,-0.016246628327738405,0.2142163942742496,-0.026428447109462457,0.3616917819139541,-0.01992317709083834,0.28092599535070883,-0.0159641148082394,0.2408365681873283,-0.015821723846750662,0.21224549336808762,-0.030796055308970307,0.36329984956531763,-0.02116346112389581,0.27656342160661407,-0.018113973394100695,0.24856707611312095,-0.017164857487629488,0.2233089459581417,-0.028911289732893253,0.6058373082110425,-0.023924262276401917,0.3486933393994245,-0.016526526021971195,0.2392021741977124,-0.015502839249871427,0.20710061778512517,-0.031135567426725734,0.4643358072304454,-0.02247695561513643,0.3175246960768522,-0.017855985321472534,0.24090510332869464,-0.01469968069502902,0.21733702657481058,-0.024896384191882257,0.3878011360678672,-0.019344413154539344,0.28655400172884654,-0.01558139523527781,0.24350984610795606,-0.015266238226587937,0.21173120735211207,-0.026848204962145513,0.33633272135327397,-0.02064996157447066,0.27323838537401357,-0.01801368125395952,0.2464956275866857,-0.016725324533031074,0.2221893672750395
2017-01,0.08156870610388292,0.6382433073933028,0.09367286058185985,0.3460037926100048,0.10168266421225036,0.25455904071052987,0.09530882968959477,0.21151804279776576,0.08481852778530859,0.5082910651254194,0.1095926768705745,0.3566942966143822,0.11538255032454825,0.27412724778528874,0.10846742500725441,0.21091661713476534,0.10918719337756032,0.3946429540962568,0.1266326381938567,0.3121814479304931,0.12355275858565812,0.2602745908751808,0.11113325427182223,0.2085368188161733,0.11423375579731344,0.374600631793762,0.12272308047388175,0.27224527076811356,0.11895521633160831,0.2449250522992361,0.1091793420409711,0.20061772111824966,0.07675063062656762,0.6117902508441535,0.09070544636340008,0.35185753993988,0.09839458612037827,0.2561797536331958,0.09390112757911302,0.21530037344338732,0.08787740868921522,0.5173960218986486,0.10963636114355134,0.3626901222933013,0.115513492031025,0.2705421388977134,0.10660677634960955,0.2127544804834727,0.10866945321114417,0.3878840792975278,0.1256717470811151,0.32063431295715605,0.12514467083315783,0.26861376219077215,0.11338939755579157,0.21422048197703392,0.12181289589513059,0.3685876608847573,0.12465081087458951,0.285107661677677,0.11913353012314197,0.2496283103856071,0.10869447029403385,0.20238950115777088,0.08020828341290165,0.5902300123085888,0.08283516667585519,0.3402117524532892,0.09229171450675322,0.24892822391745215,0.08879616966428944,0.18486857114255018,0.08433175492786009,0.4764616394566773,0.09481257163251534,0.3445301573098822,0.09916266147678975,0.24177473207529576,0.09661625923995933,0.1980737283591844,0.10345463484195497,0.3594715674819351,0.10672741702118518,0.2879733424986543,0.10434655635294804,0.24190999014678388,0.09821353721549839,0.19467013496176977,0.10216422734893481,0.30977305835840074,0.10353838242775827,0.24610751302221337,0.10302890594810801,0.21105498044267412,0.09866765231061873,0.18819880172967673,0.07893525478526606,0.5905177046711925,0.08413261953109477,0.3351550508537735,0.09500961984538639,0.245752230473836,0.08991553361155698,0.18617709497331442,0.08513163924378109,0.45027880057284014,0.09601430008615437,0.3488487666928346,0.09982809027600582,0.24722775813631465,0.0963779142257564,0.2053116663687194,0.09815167013217488,0.3942238966533972,0.10615669214268365,0.281324759178488,0.10344554284217473,0.24407555940421577,0.0978079679634511,0.19276031115351555,0.09992809181263004,0.31170040520540904,0.1037653571755308,0.24880365409615843,0.10299303183260508,0.20736971693628853,0.09843490655169596,0.18951737932456056
2017-02,0.013673360311168222,0.6261611973741095,0.03785173935093492,0.34600990982313745,0.05226129848796046,0.23831727693763596,0.048781871864297645,0.19090287722185406,0.018426545136305622,0.4456886364561683,0.03759649229255482,0.35925823984700167,0.03794192760596096,0.2731681551202746,0.03510855233828909,0.20773757795368972,0.03328883345325864,0.32485080726330073,0.04150633417538825,0.2882368338379102,0.037027605678011416,0.24469390240907019,0.030421679114225077,0.1910365248221214,0.034688341798336624,0.31685684463166686,0.04077524518159009,0.2539429510979685,0.03635499653491759,0.23466187219985035,0.03456155530706041,0.1810598715069344,0.018428997356887883,0.6250189298822302,0.0399848935616408,0.3439757976797495,0.05187379648014117,0.2365960121801639,0.047947400269289675,0.18884402457048116,0.01995749933694699,0.47922550194821234,0.0403499533623414,0.364619417340042,0.03990395315774514,0.2744962696277884,0.036204827687999,0.21142161050354913,0.03182629578627384,0.3254737821967524,0.04165617157166888,0.3066659036598627,0.03643842203304556,0.2560178218193583,0.030532776563081936,0.19765484219008506,0.03773975389117401,0.37183424570983514,0.03955033123021772,0.2551870869929428,0.03454305220267068,0.23103313941364,0.0321148559081884,0.18296727267896323,0.02302780858402456,0.6145376207391231,0.03375619741423251,0.34290883160308716,0.04098581451643291,0.249988485971932,0.0388136827450707,0.18534120834942283,0.029901048429929092,0.41857630062161294,0.04038341188151348,0.3298376763168812,0.040401408372205905,0.24035385679795712,0.03790665214769744,0.18722900946036933,0.04767580676578828,0.3521865914666681,0.04874003158073244,0.2837033088533041,0.04606756729090008,0.2400017736144156,0.04169474116391887,0.1884063804901349,0.04261103968022865,0.36008480809614823,0.04005747194242471,0.2550931831302148,0.03798133572771989,0.21860193274882583,0.03496853474334518,0.1820306654827853,0.027394872400112645,0.616196931170298,0.03712444985110773,0.3342663271322779,0.04191482041177551,0.2455754195164558,0.03893233071534574,0.18991116481227585,0.03284113025887543,0.4189168290026012,0.04214075155646326,0.33643079573477086,0.04041930735259232,0.23962078850670573,0.037634269684655185,0.1949261395703501,0.048930131719981194,0.35773495321082716,0.05010553324469565,0.28277852354338534,0.044652053684863344,0.23346686650201925,0.03994351022857163,0.19137179833569642,0.04434271875458472,0.3615802057452237,0.042669333068655516,0.26224146193446674,0.039142798670017326,0.21859453639805107,0.03571043917417402,0.18323149740020045
2017-03,0.014540411206537835,0.6532331107930769,0.03343220570908077,0.3377807242927332,0.037064874149500486,0.24071136980793886,0.039822212521093615,0.20422427605374932,0.024925940109759376,0.5107519848665403,0.030502524257992034,0.34114571414817385,0.03503863480524271,0.24763142781135544,0.03441552492901781,0.20408565742915266,0.031729093393344544,0.35832531467202033,0.03599490393976841,0.28885679090536664,0.03305748408376165,0.23788058696491082,0.035814007549447156,0.19604518523579423,0.03228827462915075,0.3011752526205046,0.027876066309698373,0.22892262225212545,0.027324738611694238,0.2097118865180193,0.03491782593524866,0.19387083358819712,0.014504750564062193,0.6150970197013417,0.03270104109558601,0.34492468390625874,0.034618725022558555,0.23994709078764287,0.03925860889192906,0.20540130849048216,0.016976168214754662,0.5071109390045616,0.03083020633381968,0.344782585264117,0.03751068861208862,0.25253322985828974,0.03640832605087672,0.20532207923830068,0.028649152379671073,0.3622433422946749,0.03753347957663655,0.28499778817591775,0.03563522497063642,0.24143008187302933,0.03794854265025969,0.19943933468116104,0.036048567276017934,0.2768318775205927,0.031343943255367004,0.24537420697216386,0.029557454690673488,0.2078586244244516,0.036621904133735145,0.186534980442801,0.027269973269137538,0.6122151574940506,0.029598362200599117,0.34225455345115385,0.03283021668117847,0.23724050559911936,0.031414024444564176,0.19159643182465502,0.034509093487454415,0.44819038899601255,0.03922313430761368,0.31659054801590275,0.03862622978306067,0.22705156796425763,0.03163932897344788,0.18332462728693272,0.04316581374045175,0.3516918140170118,0.044841420229732164,0.2597557656504552,0.03723777132436948,0.2208882867364672,0.03417109248483373,0.1840257100327645,0.044072669395381764,0.3273466846858645,0.03765827662493823,0.22224966511502722,0.03621260102180042,0.18733551860646103,0.03376364225563103,0.1668031241001158,0.024307651363160643,0.610838486686024,0.028371106463899586,0.3545559348076361,0.03302411055098363,0.2392244104709059,0.030398270582345843,0.19818954033688135,0.03285337099243258,0.45439728317974293,0.0380631195119772,0.3206330620285269,0.038666873796577544,0.2277906993153113,0.032913187082002394,0.18556581909308806,0.0433505812235106,0.37205593271153303,0.043377451383798,0.2639960798998961,0.03739949003424906,0.22182015416545478,0.03490811905393478,0.18453689331681877,0.04365737688878976,0.33208367875028166,0.038731672526464755,0.21954180665846995,0.03639260128354829,0.18632968750910353,0.03413524505788005,0.16461058276774052
2017-04,0.07138723065736445,0.6455914835336694,0.0641264851056776,0.3358215803473604,0.0668618470880705,0.2608941481835981,0.0676709052750091,0.22170598169543865,0.058077843792492,0.5408881974219195,0.05083979003990199,0.34755840939126903,0.05630974297629744,0.2514158077373585,0.059237675308903406,0.22220972626173255,0.04972539380922285,0.44104165836109116,0.045739876331342404,0.29333956301230774,0.04998807730071397,0.25224967582697966,0.05372213250972448,0.2321689496976997,0.04354197859145638,0.3773723640024874,0.03909081772086402,0.28633291057172383,0.04356495292267187,0.24430017414812957,0.047325722296628035,0.24137164321149546,0.07478982576570214,0.6551694711762336,0.0634845123057721,0.34360313808160353,0.06547110736194302,0.2681159645301533,0.06675771829544808,0.2329973677598802,0.06058278131800594,0.5694767638861526,0.05315149219761739,0.35129576228711634,0.059203025048873176,0.25855605885808597,0.0585341083971375,0.22658294972891924,0.04987276167521421,0.43464557259044473,0.043028196025785614,0.29813186687539117,0.048403936088075375,0.25262256824081286,0.05111596897007836,0.23313953447775354,0.03804187543909516,0.33489384263434085,0.03452940294533294,0.28954109932306693,0.04106447522320384,0.24564946323937892,0.04430901682903614,0.23893636581599537,0.08367588290462258,0.6052337577420056,0.0699877424755763,0.33607820723337845,0.07064218154202935,0.23682402000240502,0.07289732814785446,0.20271398870448712,0.06467950822660379,0.4856532340212012,0.06701326716170279,0.3212811945223743,0.07375557020880993,0.22839796352282749,0.07330199338211901,0.18799595094710675,0.06928025055604764,0.3821205502772954,0.07235650514972132,0.2525005747477783,0.07554537546281667,0.22197278273946042,0.0736275079519532,0.18393656393700117,0.0722056370623034,0.3027713654497922,0.07225869208375278,0.23289714714501009,0.07260234714334185,0.1925051884600128,0.06969641785237464,0.17880227436880552,0.08461245182324797,0.6098503652627061,0.06656193808974656,0.3314324757265835,0.06971987570861486,0.2454251985486977,0.0724412136498744,0.20414706171930957,0.0635083763849839,0.47790815354719274,0.06500713044925376,0.321824915530623,0.07450716044379739,0.23196659172567308,0.07365067836362332,0.18810093021094995,0.06933944735062976,0.39665075742780165,0.07018256558903777,0.26422779010997116,0.07344583499180884,0.2201877991317771,0.07027117989534866,0.19100610587136196,0.07465915704308566,0.3041276787331716,0.07240417135243277,0.23167953375567435,0.0729630795144923,0.19990083661644584,0.06950813986390021,0.1778379555090785
2017-05,-0.024233299713457255,0.629504295745259,-0.03884460502605301,0.3401382939994305,-0.038975580767138626,0.2466879942056198,-0.037858566384677536,0.20199213970943056,-0.04168967654863827,0.6001438513336884,-0.04464646034517942,0.3278435042006826,-0.042711815881792355,0.2396697048771323,-0.04202037527908223,0.1962445832728033,-0.030914159281270937,0.4108908469583675,-0.03985183556109112,0.2747982248860519,-0.036746343171720514,0.256958024238682,-0.041969514868663405,0.197590246474028,-0.021250292702732335,0.3397748691302747,-0.03911058488199628,0.22628135165065705,-0.04136124856763684,0.21359822533789172,-0.04494124561372702,0.19398811882827824,-0.028011992880352846,0.6439270759509594,-0.041292530151963894,0.35399568556542355,-0.04111799038216033,0.24731711463458103,-0.037968402974398296,0.20199889816496083,-0.040267194073413844,0.5999441773471538,-0.04338295342890474,0.31275691266985306,-0.04327868879908312,0.2370449948177139,-0.04231391183925281,0.19478351941610136,-0.0253448800349762,0.43801013467668204,-0.03384547541659896,0.2855716836292129,-0.033994855278394034,0.25708955311349335,-0.03976065717603514,0.20076953450412613,-0.03011518977618692,0.3334528345326765,-0.044941789295997556,0.23995354547949216,-0.044886818943191194,0.21723310390618422,-0.047828094774177037,0.1944180616582698,-0.03795653022093681,0.5795541212199716,-0.04591183058921362,0.3231292634322569,-0.04336623102915256,0.24338253210641406,-0.04140693160013938,0.19821370195571714,-0.04080071139872192,0.5154443724731472,-0.04121847710773869,0.31951573739750794,-0.038750918962529204,0.2405166080477054,-0.03989234431610809,0.19463470533234828,-0.0325902629177131,0.38081477718371,-0.041094742018491566,0.2536442614238702,-0.04063763583891925,0.22695152269954838,-0.043712584316634016,0.18674540544196733,-0.02675510768269549,0.3162295247389731,-0.03819441065387882,0.22559134974933043,-0.040951392373148834,0.19485500268198996,-0.04393451174635293,0.17688066816180434,-0.036093766753198836,0.605576754856878,-0.046755527338341665,0.32965068826957156,-0.04168539377293302,0.24887548144773353,-0.04000823261788398,0.20551334617867584,-0.04778299484243951,0.512008524460594,-0.045248220771779805,0.32529588911695007,-0.04288744844297913,0.2448836148037843,-0.042696935096550946,0.1951489709189817,-0.03568344622084711,0.40462169409708043,-0.04026263146850485,0.26423415748539714,-0.040960724900617175,0.22896568128915074,-0.04469446474630171,0.18311718993450515,-0.029244777558121403,0.3233193180737738,-0.04119085995761916,0.22686428245957957,-0.043916882342259315,0.19730375072237008,-0.046246013825576436,0.1781530144916916
2017-06,0.06448881585383985,0.5995306161778042,0.040813535252679625,0.3381058539511286,0.02601275944518891,0.2544804575210835,0.026911176280973604,0.21615194250024963,0.04989504705281562,0.5068221927191424,0.02483582684560231,0.33845316317095286,0.018662681674029173,0.24860271622146046,0.017774550583118793,0.21627628064159876,0.033256530829829455,0.5063551604737503,0.024886414626595597,0.3240885242583309,0.019405622139690423,0.25354317242662283,0.019559732926923167,0.2168492133990453,0.028568454675007612,0.36823199710377663,0.01641298450496757,0.2760134477825265,0.012496913832551576,0.22440934266234838,0.011936194951685682,0.20809087574911042,0.049903956010465815,0.590306524936674,0.03240614342609654,0.34187426369257873,0.021699498423677615,0.2508624252880002,0.02430027710336568,0.21724923674045463,0.04286681547415949,0.5329073252969527,0.020832609705991642,0.34531992764185127,0.017136783438005333,0.25822899697461393,0.016001184274682778,0.22494949174933768,0.03271110626324745,0.5024142844586981,0.02101415689339046,0.3398810023925046,0.017516246750538516,0.2490261132737392,0.01720117390313383,0.22237434270131107,0.028763389769399315,0.3784506303610047,0.016489705089545913,0.2730641375286942,0.012785892449175891,0.23310414195853285,0.01274869585289632,0.21487313164108282,0.06007893096674484,0.5705154570789448,0.04061042474604051,0.340392830077903,0.030388751974934326,0.25492062041468544,0.028377430838889304,0.21003443790634044,0.04055429764181763,0.47664475489081815,0.023966852470982694,0.33413681786221255,0.020363520786963643,0.2449929826411112,0.017135504941700217,0.20743411952184784,0.021850550844908494,0.3968633802854068,0.018020169996346744,0.27164104927501276,0.015796467909801902,0.23556518398672216,0.01304401440673544,0.20242400003852057,0.03326829226718271,0.3237613164554325,0.022619839916261014,0.23135239473950914,0.017251227194628408,0.2081849756219682,0.0153296284503482,0.18509833394734965,0.04948250420683045,0.5695046809609913,0.033546379918691416,0.3498981731083535,0.027240660996108133,0.2566756809547871,0.027711599424315943,0.21297639069088703,0.03394498547266907,0.48710131612491636,0.019529613354508975,0.3336793786187478,0.01753409493104077,0.23922478472066064,0.014964022274829125,0.20336294630482604,0.02203597491084716,0.39324735926614124,0.016744097773559487,0.27802806840383854,0.014886074572014095,0.23852970595123868,0.01198996895748131,0.2072291170599112,0.03144742990066549,0.33299767183367057,0.021080142138851975,0.2382683189986733,0.016828415754312372,0.2125840088614719,0.014547797024387101,0.18797637852553656
2017-07,0.04666627972126712,0.5831962517448857,0.07256828911278593,0.3192748421047885,0.07707841637677361,0.24105288436804445,0.07349265604400011,0.19987259819220546,0.06780682079554504,0.4949166630985297,0.09045847982745193,0.3288300811622267,0.08749031560276854,0.22713945868324537,0.0839315804076832,0.19251780871555013,0.08650896474256463,0.4843014153492301,0.09054045367878716,0.29855233929337416,0.08856175249613132,0.23708205531501703,0.08677853061871574,0.19708505800384973,0.0815637941649865,0.436071605257213,0.09027140232962112,0.28492226028285184,0.08828133156643372,0.21648807038143728,0.08738174039494971,0.18494331954164334,0.04788525951488763,0.578415506878566,0.07341605911350922,0.3371943423625057,0.07746164355724831,0.23951114463738055,0.07327252215371306,0.19937434922914887,0.06697466824008733,0.5083085821736375,0.0918391369814864,0.3266952389902503,0.08637318608990555,0.22419496434155134,0.08410313022667998,0.191152248150589,0.08629349152700432,0.47916916859255543,0.09090670553729233,0.2930273859417833,0.08908212587928745,0.23899253915976623,0.08774465353676106,0.19881401750690136,0.07740776518185749,0.42662212682420947,0.08742524851591826,0.28518161295929556,0.08885288372007386,0.21571421954580766,0.08779128446927517,0.18681709053564605,0.04859763012934795,0.5586692989923906,0.05443786330043211,0.3152996114584977,0.05736968819778952,0.2397800902076801,0.05881144445242939,0.19905876306984924,0.05007338990009365,0.43798215048371614,0.06152006292526723,0.2958263182190593,0.06343162985909845,0.21395215719295352,0.06440463416490906,0.18157756255769242,0.060763849182646566,0.4186610721867583,0.06280455796671396,0.2723093833298271,0.0628891791931942,0.21304655505245262,0.06263195586945576,0.17819861549248128,0.06640995763131974,0.35413886949599993,0.06484995820463114,0.23291029594365942,0.06507391681052085,0.1865274353984591,0.06501327764225875,0.16427274001382347,0.05174404793493473,0.5503426920267768,0.054038485337889644,0.32806542392502364,0.05661856987887637,0.24265242283888458,0.05875601418955078,0.20573933514809922,0.05012186765754669,0.454282897239207,0.06020490526182301,0.30891041017603027,0.0630440984670348,0.2216643602330196,0.06440367074005716,0.18894404930508946,0.06473496785068796,0.41812361959976513,0.06592489897219904,0.2732842279555907,0.06577653209641694,0.21969102685751335,0.0661535864646121,0.18028645034486343,0.06031006679438159,0.33991499226006544,0.061558903964944386,0.23461015921206319,0.06388696730752813,0.18636326337853137,0.0638176759370771,0.16928175898821002
2017-08,0.040751251645157915,0.5848127723275562,0.044770826917907576,0.33818031332727383,0.02986397555456478,0.23548307638121196,0.020262423301574687,0.18346191104459042,0.06298641020025729,0.48179650034933974,0.05673491284615059,0.3548819243509237,0.042734060876639376,0.2304239763555741,0.034019617970538506,0.19623137108022076,0.07025728959043544,0.48916269959734865,0.050489067292383644,0.3200039076686969,0.04278565203278237,0.23438984289113968,0.038193728170760416,0.19852426380356197,0.0620828748229917,0.443471906862974,0.053934956247308936,0.30615873778254143,0.04451703638412047,0.21559556170606714,0.03728166719362399,0.1925951684098049,0.046779745323199146,0.5379216373571465,0.045360724299418384,0.32784314511519375,0.0300448084649567,0.24183705247073134,0.019436833998415875,0.18885382646581436,0.07134447508332029,0.4834968780052452,0.05511828969312258,0.3538612019113676,0.04159266346123249,0.23046507182542936,0.032516110597061935,0.20002747600406276,0.0763461547691004,0.5069840702021389,0.053574051399712996,0.3236967792304628,0.042966913198300545,0.23164642950926356,0.037891378793933804,0.20416195166658385,0.05871933659928731,0.4385874176466572,0.052520421577805655,0.30975421319921814,0.043875824932989534,0.2290993395877181,0.03565858738444675,0.19322650382722265,0.010914753742082166,0.5422945170606268,0.02235465847602842,0.3202378402597129,0.011134905554367988,0.23827210101773302,0.0048424022983188444,0.19736688785536438,0.03561125995539761,0.4204391765367021,0.03220403858326236,0.32993689193967896,0.019555506184680875,0.23305076681351655,0.013651769047959046,0.19644900524947978,0.034578744946839046,0.4214163381018987,0.031699259668623476,0.2871648546527917,0.022861080271739036,0.21948201853288374,0.019842292597046104,0.18813953862029195,0.034812949874629275,0.34700477287628634,0.03696604672327892,0.25762532850429565,0.028627164970589456,0.20098348011977396,0.019586991714208572,0.18084308379959527,0.009817396480538608,0.5495308166918558,0.020740435560408686,0.3238962672394151,0.011002879729233394,0.23908418713359647,0.003103790723823401,0.19902302899636828,0.037935644974215865,0.42874430491413246,0.031338769946515646,0.3221000349480253,0.019497068675763004,0.23268344557654833,0.013053471162363432,0.19410347929869987,0.03650950773551737,0.4376595955686231,0.03215777125898246,0.2979600134122343,0.022964131326160243,0.22796906146446705,0.019516064206965687,0.18819347064395558,0.03844607007540395,0.3315546889626282,0.03928594514613499,0.24920590236214527,0.02974871720544255,0.20439809637362355,0.021551053823954443,0.17923738194703756
2017-09,0.01985545846597532,0.5851619864582729,0.027358305880802215,0.268971219640985,0.013805125468400872,0.22952339317033463,0.014787815043208365,0.1865596343840435,0.05208728921305441,0.39049736784392997,0.0403212851373927,0.3032016308911302,0.03197647094433438,0.23303195540870272,0.023076966999653392,0.19338395604803166,0.04148155115283558,0.360496106130329,0.03813533684523937,0.2777713494901277,0.02042969056158644,0.22633317160047678,0.014266303099487735,0.1959255045814094,0.045727134872879584,0.3936721818415445,0.03288789823241772,0.27268315749739164,0.016687799542141467,0.211320952511799,0.009390980407561696,0.1907297866507025,0.019012899458975524,0.5611786062202582,0.02566939955261093,0.2801212041478348,0.011641151600530097,0.22667535030253674,0.013638423511991257,0.18640304291521592,0.05290738243052613,0.3723128752097855,0.037433076787487585,0.30868912189966136,0.03058071835452933,0.24216818579467714,0.022778976377620868,0.19931895104355757,0.039028601417191555,0.3829663613583465,0.03672786061329412,0.2720948030445096,0.02066493873465294,0.22799401765778737,0.014728702205094393,0.18874817200828428,0.040836344710297526,0.3769619362675931,0.02856942334309821,0.27373144336869537,0.013489029129265152,0.21420383466811732,0.006006064912126783,0.18910094778268174,0.003569106974488142,0.5664171765319266,0.0108306807406861,0.30273691564598754,0.011410330088992894,0.2316599723059879,0.014138650616253731,0.19653133955626148,0.01712587751663943,0.41392738501551235,0.017402175486524816,0.30775276319793193,0.01788082284384734,0.23819570503643814,0.017111271170741852,0.20748525413641628,0.014017383567140522,0.3967734274534037,0.017654051360233396,0.2744066526253224,0.01648823766246188,0.22217399887466519,0.014191587456225199,0.18991394434140746,0.013326443453394026,0.3437156168903254,0.013667417669596433,0.261369654402255,0.009927831501977595,0.2058873064717566,0.008692459905349647,0.1861497236048077,0.007944210670655021,0.5751455253812583,0.014033221605503072,0.3268175242239288,0.012412548878073163,0.24668990307216915,0.013463142664051306,0.20745824674684404,0.017768123419108106,0.43855330282268684,0.01920016932198596,0.3184186469351119,0.019644201929627517,0.24287390807583925,0.018797954294879005,0.20624579669994825,0.015183064954530933,0.4059078656093056,0.01783641367529659,0.2848609822720769,0.016507590206169733,0.23592876268101617,0.013770695136805903,0.19653765938971313,0.010722548129204854,0.3389871309185263,0.012035228334345423,0.2667243464292605,0.009957196778436721,0.21246114988424566,0.00839430080431727,0.1915775120332415
2017-10,0.17704494152691225,0.5895379184599572,0.14798519780580827,0.28012447392383305,0.14502639538056414,0.21130629443172966,0.140768579125003,0.18447915367830403,0.1801113623476873,0.36119969376819616,0.1586278197408782,0.2759093298935063,0.15759728321183852,0.231538100524039,0.15030102515709515,0.1813064268757717,0.1721462023643769,0.3153870341453252,0.16256001939512393,0.2598644391968036,0.1545525623577429,0.21420331550455995,0.1572096733067635,0.176796203917295,0.17388557561645052,0.3502386646447632,0.16049852057281072,0.2722374498764923,0.16645128877280566,0.20718190640582662,0.16247813652319523,0.17055180751675225,0.18738611967362004,0.6074871702759068,0.1529488075652755,0.29251319011094634,0.14710194832595064,0.21764498357243955,0.14212904504821894,0.18460039792227634,0.17873677501590232,0.38805990674753765,0.15805433290445542,0.2773678187174008,0.15793677812962975,0.22821008184736585,0.1513896041253704,0.18460474316091002,0.17308969031452923,0.3465378685289625,0.16776939232789218,0.28090111138450014,0.15941310832180772,0.2175037715083262,0.15893620616084544,0.17990237169125967,0.1721133838339643,0.3731800283085801,0.15875689973216467,0.26669809806534284,0.16484015814451353,0.2073745405092926,0.1601436792924175,0.17274306621413046,0.14729831956811526,0.5852647104609324,0.14677993645237677,0.29990899050040176,0.1440403464168093,0.24369221808669456,0.13676240694471947,0.19815442009258644,0.15762846456118076,0.40198305809512747,0.1534172248620655,0.2990921726177385,0.14321709898430912,0.23313558389795525,0.13532947828509395,0.19390620767291683,0.162174789278261,0.3344118323597791,0.155894963281081,0.261110063373438,0.1466111052892442,0.22601242641998243,0.14467890532617295,0.18171796312174496,0.15237307765591548,0.35746229124763024,0.1489888858384587,0.24781204046419875,0.14809417163366528,0.2042633502986806,0.14222447440262376,0.1753424033526408,0.14947440441293114,0.5952613112996303,0.14743837639036303,0.30552935188602304,0.14343674495140615,0.24506187545616942,0.13584303621968377,0.1952567599689467,0.16019172277017935,0.40642884369045584,0.15251373695948095,0.2970500431574408,0.14377680133874818,0.23419017984651705,0.13420986598505466,0.19477984223981104,0.1642570552213733,0.348172815610331,0.1556321899434963,0.2685872853926009,0.14469964639862695,0.22381635457944316,0.14372978993772825,0.18313708089690023,0.15869772464694132,0.3540263667615081,0.14874715763609228,0.24231043641239225,0.1484380982587335,0.20244807893657815,0.14237888675138613,0.17384240822589092
2017-11,0.030595823200821718,0.539893892233617,0.030016701202040058,0.28384040021522394,0.03200786818283772,0.2552430176643511,0.03299507533069049,0.19385659013602752,0.025828600927379375,0.42192808164401385,0.03535386743550308,0.29142047380284436,0.02921217368434618,0.24315630085362847,0.03105135008193974,0.1940379215629902,0.03074168133134733,0.37304189223621165,0.03363894605929446,0.299382489755627,0.032393826125784946,0.25689798709179523,0.028287916605721834,0.19850081156030688,0.019933120281920562,0.38256867578338455,0.02463972646409867,0.28618924100901877,0.020113475453323818,0.23090252326223726,0.01565117213528269,0.18746115728711946,0.029323304331448564,0.5072995744558377,0.029910363640376254,0.27536716328864563,0.029941966627277234,0.24802727238469863,0.029709054097290664,0.1938772663094599,0.03794082297027956,0.4151808994853764,0.03987338334982208,0.29115768469752146,0.03227478481635327,0.23952364466545534,0.03262602252594952,0.19667478233507363,0.032431799753310224,0.37972106740283645,0.034700469213776904,0.3017072035905844,0.03401998687751206,0.25443504938501504,0.028789789489689067,0.19518056818903096,0.02189314711469376,0.3814192376721919,0.02936220078493621,0.28625274327069716,0.0233959790615226,0.23788025095866847,0.01917317872214487,0.19933099955254008,0.06409064917914498,0.5717177414648886,0.06258900450363335,0.31366542322723767,0.05922067872329774,0.2441505965592453,0.054197421372424184,0.19488865339659475,0.05336816315953945,0.4502183797469347,0.04985048120245033,0.30071598962168067,0.04363126182756157,0.23127162218730443,0.04127274689869465,0.1921433938334058,0.044897355029868594,0.38098550926895014,0.044241945436956295,0.2693188813495542,0.0432785629369352,0.22316331042093185,0.03908981987620834,0.18474809447601187,0.04544039243741268,0.3665756715513216,0.04450537278159047,0.25865687133713317,0.04076550992078812,0.21667026067298353,0.03642424508128893,0.18752193541169881,0.06657566135258482,0.5572519241017369,0.0640434479166091,0.3014335162438292,0.05926649130625481,0.25318588829031763,0.054467456044031255,0.208237733247827,0.057864250962169725,0.43760169429997386,0.04849037288104193,0.29914382753783453,0.041765364470412465,0.23547596628731657,0.040479973698633466,0.19362848758926157,0.04893973771874965,0.39620735555509845,0.04666590563684454,0.2735813693613649,0.0432309373730969,0.22908601715283095,0.03848128187555062,0.18814191269112107,0.04611157680857593,0.38039917234988363,0.044929863010198315,0.2584605562668122,0.0393316984038033,0.21801321043133537,0.036407692096865056,0.1872025501331511
2017-12,0.02083533487144521,0.5330067431309656,0.04618996581605293,0.31792383635621146,0.04744830914608975,0.24553136495657651,0.047949812798510044,0.2038317441921158,0.03949535150323239,0.436408560960187,0.0531798092744636,0.301523432096435,0.05151928608636436,0.22310588344204307,0.054250588288635423,0.19024312566306012,0.042966523580636275,0.3789503601724081,0.0555401415185289,0.24646127679276986,0.06253019126751613,0.22595379529373877,0.06264118671440966,0.18181388193306952,0.03361672123887891,0.3272337188140426,0.05459199115374852,0.26801747694254496,0.05846965070122867,0.2306170882891188,0.059529090312780246,0.20056907023997364,0.02116933783666388,0.5533238264079243,0.04131687525464808,0.3242418964382098,0.04623665488962445,0.2529309896645987,0.047023806254961574,0.20232886011586226,0.037711427630988045,0.4519337098775418,0.04723839308275948,0.31078840097915256,0.049248149945291274,0.2339423446934147,0.05324075791583783,0.19379355668332532,0.044290235582223066,0.37067948628015357,0.051545056377618734,0.258961826644546,0.05776653404584449,0.23097987259432734,0.05960583850971858,0.18724090816819672,0.03197369079109703,0.305429224973889,0.05064223556281145,0.2663940946874843,0.05572833466984811,0.23028212354735397,0.056996864563008565,0.2010962458971846,0.05437714901578775,0.5692556485166496,0.06623379606614743,0.33178536335626485,0.07108838699682386,0.25038332198728214,0.07554537428541584,0.2050236559091919,0.05796846137874818,0.4405259462443966,0.06653011853708213,0.2909299767932259,0.07133685751858412,0.220948838172762,0.07540927225334801,0.1909080773844099,0.059464008676166774,0.3774544823689596,0.0683370250919219,0.26636636726290885,0.07557133630648984,0.22733533680419707,0.07699240114448559,0.18604617895722714,0.06922970583442985,0.351099292674287,0.07336220220835152,0.2698531143002149,0.07670465735549736,0.21639735416867528,0.07480715863447304,0.19859523106622784,0.05486235200953242,0.5948620949739853,0.06588193226814186,0.34129956774803627,0.06987467585971972,0.2577251593061435,0.07646302011219262,0.21906539185979243,0.06092033907550498,0.4310684364169515,0.06754666343255014,0.2979911685881511,0.07213760395596977,0.22399017871936003,0.07619801916680854,0.19731975008335945,0.05830965301806158,0.35825849709997426,0.06704768930250263,0.2784260275748338,0.07282390688527055,0.23144607860259053,0.07428681282566536,0.1908979200082831,0.06990360322395499,0.36345204680128596,0.07589336593232215,0.27041877273475123,0.07617828898695758,0.2227951267099798,0.07599707982183632,0.20226238891943243
2018-01,-0.019496919660864035,0.5855122881613544,-0.01870848151866951,0.3570991571871388,-0.020970878203125688,0.23317728483198674,-0.024054231895198227,0.20259563144080595,-0.001092988973032265,0.42457494810534246,-0.004446474903227874,0.2932936327635387,-0.010012724966827258,0.22748850355620878,-0.01820484959933961,0.1959825234479764,-0.003546565253574636,0.3583118048342765,-0.0012499754368188471,0.23112275984167654,-0.007885445630161919,0.2376948741821014,-0.01443489527089563,0.2002450688949149,0.005920656587122508,0.2939062453233172,-0.0026373328992396134,0.23789572403653592,-0.015015236826851488,0.2205278295406894,-0.02002335445696252,0.19637310689652984,-0.01793905893337062,0.5931899959059658,-0.01626351417596165,0.3454698291912951,-0.02143192171776363,0.24207367541520602,-0.024301759635348565,0.20231125105598724,-0.001928331948112345,0.4028143584698102,-0.006899842716011607,0.29548143482956146,-0.01228257286158637,0.2253240520141231,-0.018456518784501212,0.19102812646014125,0.0028615653186311266,0.31685050791544145,0.002873746612577393,0.22848337695298587,-0.0062273909784278944,0.23453762273233741,-0.013475609347671091,0.20268724477898098,0.006671246327389253,0.27181607392637314,0.0006117319063275589,0.2615945788061099,-0.011953508087106537,0.22708210388172426,-0.017537829237436794,0.1953240130557972,-0.04184565506360875,0.5846219903622523,-0.040202602023591355,0.3377484713548114,-0.0357882238223525,0.2407902686550637,-0.03554181952716444,0.20951375393687593,-0.034928967840187064,0.43972490181071244,-0.03433095018010802,0.304563550419931,-0.031214930060517038,0.23139071571524472,-0.029077088987984657,0.20320526106289727,-0.03188228588367679,0.3912190357457713,-0.02887625191377539,0.25067790096344345,-0.02938659077121405,0.23892413998971077,-0.027601962703596255,0.20417394801841232,-0.030319043694217104,0.3237732345765162,-0.029670071169019253,0.24892189428608474,-0.0315368086083762,0.2092321685583513,-0.030468877826458584,0.18881112849705034,-0.03826360154127033,0.5839445740425846,-0.041512551928960646,0.34185063472799426,-0.037592118617582077,0.24602917266871338,-0.03689537598374519,0.21881731908294,-0.027374043115550202,0.4297804112251119,-0.03023191361560714,0.31414649204517064,-0.027120756283752375,0.2417680603379588,-0.028129613262937194,0.20639777408361593,-0.03289295046327731,0.3634039624765016,-0.029935602732478812,0.2569543789925941,-0.03097004271490897,0.23705642016528156,-0.031033879950131602,0.20779199412019228,-0.0269738784667068,0.3168841885070259,-0.02803746139874305,0.2604629655576734,-0.03220250389568079,0.2115485566380147,-0.03039848192924138,0.1935793704220581
2018-02,-0.04034330378279456,0.6046352836350012,-0.03612529766070873,0.33806655374924033,-0.029420946730972886,0.24861999482064576,-0.02836849326177703,0.20215148068035718,-0.032187210091507296,0.4190451072418572,-0.023828848308790937,0.28980602550667145,-0.021086202897841202,0.22471735187639846,-0.024399652746542464,0.1902951203797226,-0.03169394675762413,0.34238592241906096,-0.021897081555885416,0.2451831673054013,-0.02054726818941538,0.20936652972182612,-0.023963341425080442,0.17794471221811414,-0.019630271049133292,0.26357857950074104,-0.01505644278501676,0.23113456405606467,-0.01710028382452689,0.19636817321044364,-0.022223463654486287,0.17617232033342606,-0.04412091221547905,0.6089272225980855,-0.03946534590682832,0.3309092652468498,-0.034331972250812845,0.2415480861729138,-0.032340590075746994,0.20149035189695327,-0.030898366835402216,0.4295330693004221,-0.02461969681258527,0.29213650428773674,-0.02194717685095467,0.22124639892625347,-0.02677098890984139,0.18355661339075827,-0.02636287756381098,0.34038650421370187,-0.0218315040237207,0.24041946332609465,-0.02027152673955784,0.19997058896465927,-0.02475412070732261,0.18010620760803692,-0.023703194425844502,0.3036129770854702,-0.015715284483127506,0.24094289424346552,-0.017296243914301106,0.19856596405115867,-0.022524216085255323,0.17436818216116284,-0.07829845091377308,0.6075078617197831,-0.0632914988184775,0.34990119791417984,-0.05879353353546591,0.24721334729479857,-0.057128137860725,0.2138594119388939,-0.06279269458854035,0.43466947385705923,-0.05374298690431811,0.2945028318246312,-0.04944044818549475,0.21764750807106475,-0.04961093376451895,0.19862873091000888,-0.05972047547906813,0.356526195968358,-0.051314146725422255,0.25603762687374765,-0.04896419346136021,0.2094878341191375,-0.04824825122202425,0.18091742192629368,-0.045067571958552675,0.2996532548751093,-0.04132933985767587,0.2402267292989949,-0.04135835113140183,0.19358702198177707,-0.04326708286939873,0.17854235033577254,-0.07596983619382153,0.619227114584356,-0.054020432343271085,0.3421002190949163,-0.05255146869740489,0.24868447713850766,-0.05158638331981805,0.21119396356426798,-0.06688479522938395,0.41286546413734887,-0.055034423166043595,0.29020055629227326,-0.05170394858884894,0.21812570437208534,-0.05253087837522565,0.19187333621950475,-0.055825780073016966,0.36724843113729355,-0.048006785273471665,0.2606230927461817,-0.047150613781723465,0.21178280242279252,-0.047222255924064246,0.1864168418198763,-0.04505194150980903,0.30319178776083866,-0.04201049601262371,0.24211764589264273,-0.041744205434298055,0.1915192835559157,-0.04396623647793095,0.17783984399134223
2018-03,-0.09199594194406865,0.6157609154986075,-0.08576232319337411,0.3257394470805608,-0.08271326599011516,0.23487534734390308,-0.07937934552683187,0.17819690253112236,-0.08539208339055107,0.41620506635286425,-0.07803004714828769,0.31631542422585096,-0.07259018980060088,0.2284675106617559,-0.08046444791807109,0.19191431126468234,-0.08035544095884517,0.37976580124766846,-0.07214713093231775,0.29059203038084835,-0.07199863579592816,0.22582507817597686,-0.07883756731561721,0.17857103431887328,-0.06559086051509226,0.2866071006628421,-0.06830491030363825,0.19950415516502623,-0.07022333021749741,0.19914296883771015,-0.08024866111926675,0.16796189168069836,-0.08820068957100312,0.6034712589126643,-0.087702967744399,0.3362824591286418,-0.08265266034922257,0.24842625207698701,-0.08128646752966698,0.18562893425119847,-0.08760302744210716,0.4319642771861839,-0.07752022163881186,0.311682672887868,-0.07127003031080363,0.23688545780163306,-0.08125268645651457,0.18616129768702058,-0.07709587645157623,0.3437646973392563,-0.07029664386427804,0.2738061547928059,-0.0702205550919532,0.22700449462890265,-0.07944838151183545,0.18012636618393807,-0.06747599690222887,0.2563174422543262,-0.06982009822869933,0.19446782923827105,-0.06998175011251297,0.1959047328473852,-0.08039069236885105,0.16904931856747538,-0.12222778455651523,0.6343784430573504,-0.11910172354296801,0.3477422501691298,-0.11468027279826727,0.24573463222654288,-0.11060848515335545,0.1986715568145944,-0.1203516689587885,0.4592489307399944,-0.11089155677688305,0.32548111260583074,-0.10610460530288275,0.234906191322128,-0.10728270041366567,0.19644894710569427,-0.11035921424463153,0.37190949722602484,-0.10702505331019979,0.2708230813181914,-0.10378478952802278,0.22315087282236323,-0.10672901805558267,0.18435840711418472,-0.10182006745489654,0.29560177755607236,-0.10280842955834922,0.22727948137100393,-0.10307259697080445,0.1939449683302018,-0.1077261940180689,0.16648049585260996,-0.12021353891792001,0.6425145431070763,-0.12136536888518833,0.3628721005566386,-0.11621433876955985,0.25462880525560405,-0.11301485750816287,0.20058433262075945,-0.12183299256121255,0.4678663315116168,-0.11169995105171665,0.3287516851671967,-0.10672245321904494,0.23984370504292107,-0.10916876863680033,0.19647563579592509,-0.10844700996204319,0.3567940306065707,-0.10650344738954047,0.2719159864975058,-0.10399389767480649,0.22903351118538176,-0.10761791714508324,0.18852385176972128,-0.10061553172036701,0.29857710572427176,-0.10309980006969231,0.23923750259131754,-0.10347180403362136,0.1997882101383964,-0.10866230431478453,0.1701292070133585
2018-04,0.11729452719842333,0.5680600011937127,0.11506059492731253,0.3366934089635948,0.10994906706779657,0.24181013678005625,0.10658164695204912,0.20291352425821713,0.14421309489091388,0.4093743781802678,0.13470329812324167,0.3077790530874859,0.12689763513179708,0.2295738973066937,0.1194533648333221,0.18113524625944583,0.11751672988683957,0.3538616001606242,0.12044539081306971,0.2707227310939163,0.11209116757739666,0.210401969355273,0.10778619908096115,0.17818646514404096,0.12622109179367458,0.2351299764061026,0.12339185720548808,0.1973400295737514,0.11737672414184976,0.17726043273317,0.11243221744216897,0.1550601337994883,0.11648058367561027,0.593892727085019,0.11723255978997339,0.33975575689506343,0.10715737185385266,0.2523987028985373,0.10195779994995188,0.20246306215509613,0.14046354824560903,0.43880415275252727,0.13383947215138667,0.3050113600854396,0.12508605758474178,0.22974447942425055,0.11910983180752234,0.1736555701017814,0.1156602153271529,0.31943542632796834,0.12220637406755762,0.262354879655139,0.11338221204478137,0.22202158005051437,0.10933734802369802,0.17398812318368756,0.13355823260772115,0.24759136011457433,0.12768403120124996,0.1979634980975601,0.11881015782111483,0.18315092017181595,0.11343952268977225,0.15520983258436596,0.0962904482837792,0.6140233760199119,0.10934470063213154,0.3454590927974816,0.1072219861409031,0.24620481273691275,0.10454553091560514,0.21422893900253848,0.1323105816843463,0.41073378848601905,0.12936923535857495,0.3136177988633076,0.12042661006923684,0.23620512880479133,0.11400317542021444,0.1910595368573002,0.1269348409362517,0.3522794735505112,0.12119033236631117,0.269203110747782,0.11406240542270529,0.21582440104298184,0.11063485097209338,0.1836079518212796,0.13535716746778373,0.3289874345232783,0.12515238920042887,0.23171915402311172,0.11987745440198865,0.21106739676247954,0.11516724685089234,0.1753774647184608,0.09620349482721988,0.5944516860245694,0.10784299404220717,0.34304224234276565,0.10618376605248446,0.24597946990509523,0.10542799488290366,0.2079737429226187,0.12601818931639402,0.41427631808424703,0.12280349115492213,0.3167438605697066,0.1165396460674674,0.24515769113019206,0.1123753394698868,0.19369448057540534,0.13052926578476495,0.38110708855331005,0.12357983872195054,0.2625659172737671,0.1161826069784727,0.21850431618261684,0.11287770748378317,0.1870380662305912,0.13425088233933835,0.3166246343245261,0.12483123422408052,0.2299760933111752,0.1189033300101792,0.20819735522944055,0.11647903833891875,0.1728356654825337
2018-05,-0.05884408188427192,0.5783685488746074,-0.07327353320982379,0.30550119881031873,-0.07104547650927046,0.23837839191294688,-0.07050554682211659,0.19721792000110844,-0.08912552214621852,0.46244680878287314,-0.0976344478000262,0.3169216607378109,-0.08828029103536653,0.22708215515207736,-0.08427685355177796,0.2034632513989163,-0.09386347800244273,0.4207145671708792,-0.10493203510889797,0.2685302529381485,-0.09383691913936851,0.2171840349477745,-0.0922423133098907,0.2099543434414335,-0.09320309135735656,0.30691756198801556,-0.09601715598945812,0.2310127578184955,-0.08925430115656208,0.20853886313989878,-0.08957927733081604,0.1987850742333232,-0.061810944981152305,0.5666610755761066,-0.07620874304938566,0.3042168195953704,-0.07363560713580847,0.22622104295648054,-0.07800456087679099,0.1951266239940145,-0.09539250845492205,0.46553503338001667,-0.1003538133726838,0.3149571689566093,-0.08998129169568234,0.2323964848801793,-0.0858343585083531,0.20765843633561096,-0.09766880737937397,0.40135055679892784,-0.10633378285755626,0.2599856966247952,-0.09380660507153166,0.21506385596810662,-0.09228702036138348,0.20217746703882322,-0.09925458365627496,0.26781783669257064,-0.0975309368708155,0.23942135989214036,-0.0897993100998246,0.2044425117749638,-0.09000406287783048,0.19722912349827698,-0.07211518991790848,0.6038394716896724,-0.08731420088760987,0.339429832679086,-0.08761813281618952,0.2511978595041204,-0.08842194013935589,0.207767253324417,-0.09038845016894702,0.44842936438322634,-0.09671952849068877,0.3093619449373648,-0.09380159604670144,0.2265939272144593,-0.09234919707659825,0.19087517637333046,-0.095090186351597,0.3461537654868808,-0.09971603991660646,0.2699630787635905,-0.09664714508929731,0.20945791679742579,-0.09700831540611657,0.18764250245808645,-0.09579294911790771,0.29742827174928177,-0.10026483783702834,0.2288569605384645,-0.10054299795660077,0.19674593668244134,-0.09967841724689876,0.18410134559396601,-0.07641980818742716,0.5879689277875924,-0.08920389674855801,0.33987141999340775,-0.08764677653258386,0.2562673334987983,-0.08995206055454466,0.20786827877746064,-0.09458840396607551,0.44484528031906245,-0.10060296437324753,0.32019672005948185,-0.09627368611696044,0.23312781178167308,-0.09501050865070984,0.1979126048402361,-0.0938526390834894,0.3294020179791675,-0.10093240425489054,0.2602954188208704,-0.09741954893013012,0.20605953778888378,-0.09851344920252159,0.18432144876405446,-0.09865186974099602,0.29006581258548647,-0.10208097956208312,0.21970844915165497,-0.10180237860308745,0.20181021280039102,-0.10138498183801374,0.18519954100819347
2018-06,-0.04873156937487793,0.5389455250355106,-0.0741106660361444,0.3234405935552753,-0.08318673075136537,0.25510019024929415,-0.0876056581947912,0.20668158509080714,-0.0779132478319175,0.4465748196184672,-0.08950156827073302,0.31562396621895794,-0.09354115086449168,0.25625300717681554,-0.09494844885156509,0.2058712440933672,-0.0884114693085935,0.4026187889159497,-0.09353268584665536,0.2632439234014319,-0.09579536843689299,0.24260952336747205,-0.09410782744243736,0.20397892231907716,-0.09914162222663714,0.30534651516916,-0.09749306646999366,0.22806930974153128,-0.10366538341912968,0.21008776295678663,-0.09697033568291559,0.20485782200604172,-0.055738863094510004,0.5442585600879746,-0.07192077175153148,0.33610644803203604,-0.08388756440282447,0.25927953655028263,-0.08520163694117772,0.21035220507365096,-0.07804078803634641,0.46335811528127335,-0.0886005744739406,0.3142923523437785,-0.09375101918777495,0.25100666497173785,-0.09485835986272353,0.21195865241745002,-0.09277837906519006,0.39879385097063935,-0.0950016729633493,0.26824052088047967,-0.09706496294257307,0.24947381204455044,-0.0970332088791173,0.20464205495618593,-0.10189198764404417,0.3055502710346518,-0.10186492402617013,0.22559720032797487,-0.10697285134727752,0.21434291138296002,-0.09877572790209399,0.20665093326470668,-0.06117814330014611,0.5735211570886505,-0.08692429182735516,0.3252498994773057,-0.09690657986324841,0.23958745081484772,-0.09902874124470094,0.19934249679898208,-0.08593519482517496,0.41978907058185894,-0.09941714390302533,0.31360642944243905,-0.10491487194534564,0.24341595348601086,-0.10270325981627071,0.19861258653320574,-0.09496333086739098,0.34098189352945374,-0.10299952430648188,0.2571248817871509,-0.10699750934699741,0.22450687285078685,-0.10434152161761524,0.18228036682472898,-0.10010204420573354,0.3026219262033602,-0.1014283674029154,0.22311464261979685,-0.1047434694525383,0.20017503292904837,-0.10356744789655203,0.18218030740927266,-0.06553470481662879,0.5780231867166636,-0.08729581228155651,0.3376969825606976,-0.09757501334323268,0.2451310519648399,-0.09951555623162393,0.20556264576964378,-0.08893950386251204,0.436864528804014,-0.09904602312241538,0.32139491448489454,-0.10333606705854688,0.2489939919434913,-0.10237076876551084,0.20583099692490403,-0.0982104468775655,0.346250852636225,-0.10447663984648639,0.2524572436816479,-0.10765349902167855,0.2229927046996129,-0.10583500607164792,0.1861041181371621,-0.10252621204813006,0.2812914334698969,-0.1043150221013837,0.22693587354011102,-0.10652024005299318,0.20741705305703412,-0.10500487973358644,0.18306809398904358
2018-07,0.04101555653748629,0.5585367427218244,0.04772775190279155,0.3171675483359087,0.045277781257086556,0.23449458574701512,0.04476701315544298,0.19620243750153563,0.05093847020686577,0.4703968005666552,0.04972809654607582,0.2985508369917177,0.05060761710164433,0.228214226420331,0.048955434736551284,0.19089598867086263,0.05813018891387341,0.4112490107641579,0.053502051355604596,0.2841332697735207,0.05227806339438045,0.23111929813555748,0.05050364234140145,0.18934350633986718,0.057445051629011486,0.3949521257059655,0.06160658131933224,0.234033261760552,0.059936034644397514,0.19621102139321492,0.055814242590462866,0.1889281644234996,0.03735369774014945,0.5729483894506657,0.045737122138556977,0.32436832268348026,0.04311406808481217,0.24698148732552605,0.04134634325880977,0.20740141221430722,0.04664008479054649,0.5037616072561242,0.04859075128588372,0.30936730946722,0.050187020247360443,0.23579198809515722,0.04737895978205458,0.19427690598720582,0.06134807888327392,0.44265525881676326,0.055731698679629335,0.2698865982193338,0.054168722030793454,0.2276583645465097,0.050251098544708446,0.18809902732615846,0.06192362339320673,0.37173429161263205,0.06278561639736865,0.24608394577683584,0.06281936894333094,0.20423281516447894,0.05738270463041485,0.19891629767506813,0.040787729979989945,0.5382974676482908,0.028262302590738787,0.3205153253960462,0.025281677482611235,0.2352069082905514,0.024511362288130688,0.20092245579451937,0.026441776301163226,0.46998059002117437,0.023428263574972425,0.3255824456578876,0.023633863410581074,0.23301390488818202,0.023435490913402673,0.19832934572688438,0.03412631325491794,0.35983166949438294,0.03075939520854814,0.2646543356753325,0.02842584434282316,0.22280335127580198,0.02949512529919449,0.18667129363006307,0.03194212838596269,0.3052197136223621,0.031147877640284857,0.23038174150549015,0.029586826287585508,0.18731742417235625,0.029921801523797795,0.18093849430305348,0.025778157423485142,0.5598651387727919,0.018686493953115012,0.32771665391409843,0.019380148321762956,0.24095874060004713,0.02049302885835433,0.20564893222743663,0.02631528517210551,0.48366868452608147,0.021929120292627547,0.3229402596958056,0.023619852807056266,0.2353204209590226,0.022759051857844947,0.20071476620124262,0.0337589439076139,0.3825948901617614,0.029527760826169123,0.26874092845099906,0.028644901760770326,0.2245149411885228,0.028600138840160282,0.18601011752140695,0.032879582479629,0.30574695937041163,0.02962205142283482,0.23360065254768386,0.029651350198631715,0.18959752139458433,0.02981671977954299,0.18156439220724147
2018-08,0.09118656930226969,0.5850875654568026,0.06693414484496388,0.3408135171870932,0.06115331119819608,0.25246504311124096,0.05913086763604429,0.2052096696760738,0.07508232713607058,0.47746916579542825,0.06112056789819304,0.33864332259409663,0.05813662385709431,0.2593281757212851,0.0551702100470561,0.20243586207011152,0.09277008563733709,0.4784848112215926,0.06984059285905482,0.322387511083168,0.061873676095324306,0.24340759840215986,0.05992325606136846,0.19103146830175327,0.09315686291329547,0.4192917265474129,0.06990525631591998,0.25678862239066746,0.06546308847603374,0.19590706415290027,0.06260137987762181,0.17404816458101008,0.08180208527563869,0.6008982435133151,0.059178175181790846,0.3434140237863912,0.05693622412964574,0.2566606230548198,0.055687804114605416,0.20699157753634664,0.06933560983512559,0.5444416586602931,0.05978764384175932,0.34746328513024705,0.05681358237880458,0.2642954736875047,0.053236174476846164,0.2082941323836383,0.08714662950814549,0.4773425646489385,0.0645923049826832,0.30794311195372404,0.06047663245285804,0.2424468109083777,0.05850705785268029,0.1897172309843712,0.07906039582918638,0.39767012227966075,0.06896615204084654,0.25475981002467396,0.06520050020803701,0.20084057885732115,0.06126478913868051,0.1733409467314119,0.06730821427675246,0.5896533540144968,0.056319427690518134,0.3475846618118992,0.052355899013859016,0.27579614269020347,0.049769449817654444,0.21649229440120932,0.05963630411219757,0.461007720862735,0.05442244154130179,0.32943548112032706,0.04967240321744034,0.25498191938811365,0.043370824531287204,0.20258871219257907,0.06676288709559032,0.3949380307384846,0.05193783852670004,0.2882220004667694,0.043450779086724484,0.2484457909631299,0.04003745508478726,0.19612889174430156,0.06676063110962054,0.31791083581288004,0.05316064412162756,0.24617806109875068,0.04578720868097174,0.21352036930248564,0.04422943344041454,0.18905221959456853,0.06780453943739113,0.5890674674022996,0.052001520985228096,0.34580175842550565,0.04978207783152019,0.27339408604639126,0.04775736935297609,0.2169458472716124,0.05521218609761199,0.501809289520053,0.05217831656483955,0.33729782910052075,0.04843742974088553,0.26323549428859594,0.042595893211704254,0.20782066535066382,0.06557028670622553,0.4249048705182484,0.053183094230147346,0.2894348351187349,0.04527977685093189,0.2507073097482557,0.04159291307977175,0.1994963179473119,0.06145001295289409,0.33448182641762525,0.048621425068846175,0.2618671951579951,0.04433911919976571,0.21611837613858909,0.041900396779544526,0.18885149644514476
2018-09,-0.15275650480498915,0.5757457646621414,-0.148706575702324,0.3168990477250489,-0.16029496848141422,0.25125582093308263,-0.16726017684994973,0.19988575514559764,-0.1402528527305003,0.4471518098377038,-0.1522022882664884,0.3052210979515646,-0.16452443892982258,0.23446455941900524,-0.17665310935878972,0.20282175279890713,-0.1423433164827824,0.4129291294340146,-0.16182957854499413,0.27754405797030757,-0.17810004160790646,0.2188569855981113,-0.1886601548015528,0.18999759143795314,-0.1678876129678565,0.4066476274725481,-0.18269409366238873,0.2592553853778068,-0.19417913499245976,0.18481519152725273,-0.19490391285648775,0.17782283766963677,-0.14376211608408285,0.5814813912814978,-0.1451897759538516,0.3247135169604751,-0.158273420831518,0.24592385097413658,-0.1660942508421914,0.19590867540368828,-0.1367872951329596,0.4802501012936063,-0.14716810408192552,0.321181036484503,-0.16182953462881516,0.24265726437268076,-0.1739536564746156,0.198653855016116,-0.1505874287616316,0.4208182834552489,-0.16568469396551075,0.28561531454064604,-0.18146540154241014,0.22087541543604333,-0.19095093912478717,0.1915002833786531,-0.17095513917883057,0.3705827665433954,-0.18588037327165025,0.25408532953798346,-0.19544564200336412,0.18417242216851828,-0.19522945974214698,0.17961486177679675,-0.13215534846050334,0.5564323132866802,-0.13773113252320593,0.32813762999671536,-0.14266501348341562,0.24700228324643675,-0.1470831955740747,0.1980336946859311,-0.13013291252760992,0.42276770958935095,-0.14266500497951304,0.31577590780124665,-0.14957926737503488,0.23884585179999873,-0.15707567301401065,0.19821942444375729,-0.1324547124081495,0.39852965131007956,-0.14704939240234363,0.2633195521664332,-0.15730568512591586,0.21980391758171372,-0.16303862889114906,0.18998055171583522,-0.15187303965553728,0.35251149261473713,-0.160823103362085,0.23840286490036833,-0.16921161982737098,0.20184173235943542,-0.17121677207559363,0.18333020187710658,-0.1305178269684436,0.5246126808704847,-0.13542337759195197,0.323669316403949,-0.14172240446685672,0.2521169700757855,-0.14772464634600052,0.2035919333860033,-0.12545708994269475,0.43982220616547263,-0.14123223964809506,0.3215089001453705,-0.14649417840072448,0.24212185318196766,-0.15532551554652174,0.201097559697612,-0.13434752813618017,0.418881272815718,-0.1493838026710332,0.27520985180794244,-0.15807772916017374,0.21930517880175138,-0.16360194487740704,0.1894543403996185,-0.1509028876043454,0.3462800430922168,-0.16111266767480112,0.2395025853310459,-0.16895867159743397,0.20414899510136358,-0.17128604046470944,0.1839137944001621
2018-10,0.008958858739850296,0.559046922965764,-0.013228573154745474,0.34385340776204293,-0.010180088711841217,0.23807460497458727,-0.01347455465716192,0.19577647079621963,-0.025909170391404973,0.4641076629843486,-0.020836652004865373,0.31472950164897207,-0.023295767618604375,0.22684343060066836,-0.022075798526770007,0.18593652423535545,-0.015525018095844174,0.3889254150768016,-0.02203057413339853,0.27583507112073313,-0.020437859969842008,0.19740118779767735,-0.021637852021501498,0.17136153818748634,-0.025465922326483155,0.37758067115375626,-0.025956088483705578,0.26000087979617903,-0.02112782559909547,0.19091231637247646,-0.01854567303952141,0.17033091363722302,0.005505894291837999,0.5983222555796541,-0.010697245290584247,0.3660995660884154,-0.01005637460196837,0.24837405810474183,-0.01394512787672243,0.21094078540125935,-0.021596180148815224,0.45532250365636934,-0.020944388981404917,0.31833083551866137,-0.02253737051135691,0.22402248134272357,-0.02081841538357632,0.1838137139827105,-0.01168617441639105,0.3844159989810665,-0.02160547800472496,0.2873014117665843,-0.020204498768654107,0.20139596757909134,-0.019911535286315174,0.17319808006672552,-0.021733592203985,0.3281306693354222,-0.021896152793570208,0.24202368619462372,-0.01794110126757488,0.1859995950669205,-0.014564093470766305,0.16878326461771193,-0.008639325311299052,0.5723951999152072,0.0017881001085854034,0.332616413146425,-0.003262579400975451,0.24209719628407134,-0.006867666149786428,0.19641393692559825,-0.002626341609925781,0.4177627577993746,-0.008846530181563204,0.30439015273196995,-0.01278461821533452,0.2264837542301577,-0.013535389820507688,0.18792722261009376,-0.023321919124394044,0.39674323127871935,-0.021160400146417357,0.28372961113218076,-0.019205828525780875,0.21208795151790039,-0.01961366997537508,0.18110364948279367,-0.017858978155660628,0.31529606922478537,-0.018930248694629816,0.23483357124873128,-0.0172908402444695,0.18140042121809277,-0.015855107159249548,0.16697091789651486,-0.008521963643159814,0.5681039406143109,0.004108948045973538,0.3407579119022136,-0.003071284651236795,0.2463054549930743,-0.005885110174540316,0.20002333221088392,0.004480857334219498,0.4410531146708009,-0.004290176906177387,0.30867414818537825,-0.011141719622719629,0.23031592953389335,-0.01176206367784876,0.18368335828422983,-0.021480528568077136,0.40362151682151215,-0.019505130114999037,0.27382174762789546,-0.019385426039460467,0.21570845634788866,-0.018912819075255546,0.1752010111953679,-0.013137976121758729,0.33527627044958563,-0.01582563830136288,0.23711320463175528,-0.016309139734414144,0.1877861489246218,-0.014921429253213594,0.1679926771082191
2018-11,0.003139712325400246,0.6275204529918744,0.009189804874314627,0.34119040205813017,0.003658886785337951,0.2544161554182629,0.0059966251249794515,0.21939483739224333,0.005558738017688393,0.47870391339168716,0.00622677866252371,0.3196467416713533,-0.006720939703620375,0.24925190392660432,-0.011496991746299527,0.21685006837919896,-0.009317682952241554,0.35936266648084414,-0.017961645319785835,0.3106195937488538,-0.026216811994344554,0.24865220693383952,-0.02520261908398109,0.20841050141639858,-0.023041862196333678,0.3751509097407577,-0.02724993288355973,0.3005722704669389,-0.029887025234519398,0.23551451266106607,-0.02425245905909765,0.2095035046797423,0.0020059244731548604,0.6277935107707988,0.012722294527568432,0.35124893783542976,0.004980133772771598,0.25964546498680513,0.006600566158236355,0.22035429403113538,0.0035850123359832,0.5312211490429171,0.0054178328745860364,0.34244934926228865,-0.0069369119615772575,0.25355902235641187,-0.013405031855179522,0.22189369020652644,-0.0062863230897443724,0.3672557973433329,-0.016127168497378216,0.3191781043381746,-0.025869656213979877,0.2521703825515267,-0.026739524945739734,0.21467180915173478,-0.033341036330243136,0.3579339393914871,-0.033248005473545235,0.3044361530938312,-0.03748139966993254,0.23905905231543592,-0.03317452848654138,0.2099079986026096,0.015172296213321987,0.6124282040234186,0.018435780568831165,0.3401616425439511,0.018045378915598376,0.2507580219031874,0.019732555097382202,0.21551644288931782,0.013335629530695493,0.47374390743687095,0.0175120760819066,0.3237499149311194,0.01549301401729925,0.24851347698631843,0.014377112722349221,0.21570562567468485,0.01325156817796865,0.3726690773895814,0.00993691932068717,0.28520210956789027,0.008925503484372349,0.23986071273199155,0.008971831322200108,0.2043472118764988,0.009746329869047174,0.3324193463821445,0.004946095928096531,0.26241609648988706,0.005476438573594624,0.21986661545223904,0.005105458555456716,0.19680871544998507,0.018329705505976242,0.631786820832652,0.018522207693936248,0.3616116491700211,0.020121098476759542,0.2558871340846649,0.022487470166225175,0.21869024316325292,0.010493232287878893,0.47753229910799255,0.01614694925425461,0.34003862660095197,0.017266026023154152,0.25426392132665887,0.01633635503135487,0.21855799071689747,0.012272778305467967,0.3746674834592425,0.0094031060483156,0.29371426303949666,0.008270852699702987,0.24274665548793453,0.007822028317904864,0.20610964220876676,0.008353424449483664,0.3425355370404372,0.0033524537038651103,0.26988794157555435,0.0048749429726731765,0.22516451555418845,0.0037770903222170537,0.19678888661878097
2018-12,0.00019568819029885964,0.6156896522464548,0.007804264057730999,0.35262650513600174,0.009413989266524626,0.25226823087839323,0.011406217298300263,0.21813451372126752,-0.002034322157252605,0.5206493736640965,0.0056544782098821135,0.3307598976231917,0.010061014878123947,0.23114695142489733,0.013992447968343171,0.21054637087865385,0.002027028386764697,0.3512941964396545,0.0058438469139994054,0.28128963900598214,0.012954228950484316,0.22557743051572748,0.014946069800698888,0.1939269197309578,0.0043325596120478375,0.34253688832397033,0.011683627740323553,0.27987661666091,0.013302044850383742,0.23206726703433145,0.013817766747477925,0.19251688430593517,0.002867863908417736,0.5944269408432554,0.007988783190008942,0.37077114555495416,0.0086820243263292,0.26158077582475714,0.010862025485710951,0.21602144607597623,-0.0014485529017077598,0.5308076855830739,0.008012279971181095,0.3303619289095976,0.01474742676403641,0.23334407310734864,0.016676782450745307,0.21184898198847635,0.006475967680773593,0.34323461923428206,0.00759639355281734,0.29420087729156114,0.013595858689789986,0.23395212630669993,0.01469967208595254,0.19729461600231318,0.004133939710836489,0.34267370505413974,0.012609835588839229,0.2832302338896834,0.014062897818502326,0.23023804159814165,0.015015662673134469,0.19450999440872047,-0.017412663943847856,0.5941269349166676,-0.0005125715198588641,0.3378615761289369,0.00680489009114531,0.24175099705838776,0.01086538835885035,0.20110447580290808,6.4390684484665235e-06,0.43472521332125114,0.008876549094642873,0.300349527810165,0.01063420900258965,0.23261296581252,0.013239559098990772,0.20189993837693487,0.010548995823072942,0.3281885074279411,0.0156731337880442,0.2679505206748617,0.01766596379451962,0.22264518738659428,0.018410848375781955,0.1891728137744082,0.012390225745935375,0.3390866471598861,0.01660183414057908,0.25364445736310504,0.017120058216764506,0.21350719245099375,0.01721583331143906,0.1899112619643749,-0.011358220941761654,0.5971561093802318,0.0046104467824612675,0.3355516674192315,0.009015789696058353,0.2435480915588863,0.011307965694974775,0.20366145191769525,0.002968375166085068,0.44738916681567176,0.010069392452487516,0.3112860070367316,0.014152022609351942,0.22883169311226598,0.015988340794676006,0.2013656841026493,0.011943301782206043,0.3574093960168702,0.015474927910267892,0.27252326947510175,0.01707004040246008,0.22805358934392522,0.018427126174678208,0.19237528110554256,0.013706871913180287,0.3300503037072917,0.016488584302327,0.25405721934678016,0.017372931664181347,0.21706368006658555,0.017300568291136752,0.18887860472317425
2019-01,-0.028504441835460116,0.6112895778518215,-0.03336479155604701,0.35827898943251724,-0.04450049399586789,0.2568256993617921,-0.05415157233065854,0.19820554094067375,-0.025288360943126316,0.5057366499391327,-0.034402080123432405,0.3308752812155175,-0.04763704798421951,0.24138795699710996,-0.060718978319145356,0.1929929821874194,-0.031944522749351174,0.36772324380165833,-0.039685382024973986,0.2721536786984685,-0.056886636710011415,0.2292111544034174,-0.06874716505619846,0.18803635496924545,-0.03733993814870913,0.32686695353789474,-0.05718958634830589,0.263783217110619,-0.07183241025765678,0.22400937347567654,-0.07846486610407248,0.18340074011582846,-0.028059481402843818,0.594268110039017,-0.037267637686921824,0.35747903744331133,-0.0479876265271962,0.249712211076559,-0.0547770994049353,0.19431049282215995,-0.024226722709946958,0.5022473278602833,-0.03601813492616824,0.3258702092172701,-0.04748730794801751,0.2456206774445521,-0.060728428914302676,0.19499756368986948,-0.027136514132508827,0.3937581863033769,-0.04259719588322893,0.26733697989534727,-0.05951749250843288,0.2373859195017099,-0.0728306331682166,0.18842159283513882,-0.033917605606793376,0.35447810693388715,-0.058328854537173125,0.26128001523769534,-0.07220076490444931,0.22573939771600166,-0.07961856846236766,0.18412045655467757,-0.0666848855222238,0.5948185821306559,-0.05528326799397423,0.3493888382003163,-0.05461433157546864,0.24681680977709908,-0.06111606028329157,0.19344605933006145,-0.04523338749541795,0.43672797942936975,-0.04363385230324146,0.3193972076146197,-0.051859987454682704,0.23090851611121482,-0.061412546642776615,0.19103364725690697,-0.034374729048282086,0.32973384558918545,-0.04563855300717946,0.25291317825526316,-0.05519160883123637,0.21670644240146925,-0.06282576043401387,0.18411944818064638,-0.050430905205376755,0.32791332021707864,-0.057784615526867575,0.2462341239928369,-0.0663385142313195,0.21231669004791587,-0.0695004223707661,0.18505931143280246,-0.06369812682943114,0.5749791657641028,-0.05675369715121951,0.3444406980693058,-0.05616949674906996,0.24810432132593582,-0.06382019359756179,0.19535417089047416,-0.04422040749003897,0.4354321170059899,-0.04263627797104027,0.3205524337752502,-0.05141442889365563,0.2349069005431028,-0.06260134502038694,0.19654160521387104,-0.03147139495860545,0.34830719279565125,-0.044820189290325045,0.26148296402412613,-0.05731592000103844,0.22252190394084684,-0.06543259427587655,0.18737267215683928,-0.045937224647151956,0.3380275091008156,-0.057356300085091134,0.25262495318056566,-0.06679521775804999,0.2166621414229359,-0.0708507051585556,0.1844853781344053
2019-02,-0.01920721695470439,0.5894205090650646,-0.003866446708241785,0.35008688122129294,-0.006300755082385626,0.24348614725746248,-0.00744668575389803,0.20362981699799748,-0.011578194823007412,0.4139984364695294,-0.007072913654369891,0.31595924785592633,-0.011475861596791676,0.24061690860676932,-0.017492541496371868,0.19563238784823506,-0.019405028318534686,0.3838607264112579,-0.021768549311348036,0.26492686063476323,-0.02411564744495056,0.22591186276570263,-0.02467225239184775,0.1832119899222862,-0.026337464803000445,0.37728300410683235,-0.026410994766625173,0.25628264091288144,-0.03056838053054134,0.21598890204385984,-0.03176898438211754,0.17653763904880349,-0.014503134979363336,0.6198156594776021,-0.004764305944137528,0.3360284959660243,-0.0075447996051280905,0.2558978504954986,-0.008105187744750369,0.2147361639662965,-0.0024393521165849133,0.41262228006454005,-0.005162668136198014,0.3148228102925748,-0.008169161606500896,0.2450743920474444,-0.014736888179037557,0.19557084908679806,-0.015324145405159582,0.41654594583559273,-0.020758653945969135,0.2851393070527887,-0.02306942200111732,0.23102167772668453,-0.02303135054322079,0.18266972702048917,-0.021980931713652486,0.44487583256760754,-0.02449984523168678,0.26797792505806173,-0.02546290337863666,0.223349167754542,-0.028563535379606347,0.1848465673584866,-0.04657804422107387,0.6240536886237031,-0.030780886437405654,0.34845531149783,-0.030356134986086244,0.2447112294121146,-0.030031911024793058,0.19791968427009338,-0.024623257159975494,0.3961558210874963,-0.02108878480043331,0.3200030435702042,-0.023490125300782257,0.22590488907288203,-0.02507441225131385,0.18468082352114976,-0.021096049080266563,0.3212129038948464,-0.021405576005132626,0.2586484426016333,-0.0237009630290322,0.2077826547847745,-0.024182297393772166,0.17777984685442894,-0.023990617343456363,0.34107756442213855,-0.027482153845982023,0.24046660905440836,-0.02653702939231865,0.19507072374310427,-0.027146895776068082,0.1720838796426294,-0.046550568925513874,0.6422963551027966,-0.03308551809294538,0.3610010160040321,-0.030274774332637547,0.25520522984415683,-0.029756090232719884,0.19674770221906013,-0.026413762760409312,0.4394475023982688,-0.02398173256976823,0.327835529826758,-0.024510594278497392,0.23440297587346504,-0.02672120077721353,0.19075815960230846,-0.022162197048458496,0.33583795799888927,-0.02261602799410319,0.2700767516258988,-0.02583815535867243,0.21257103122422974,-0.025705241499059867,0.18089885784307613,-0.024081197250982008,0.33701841928900234,-0.02738769466519202,0.23762486937642316,-0.026823919783868635,0.1960293924042927,-0.027143382828965557,0.17177465583155757
2019-03,0.09457246377330843,0.5528582805851923,0.08535248563397506,0.29734597239840277,0.08299716571159522,0.23258759331108939,0.08514572761434136,0.19967566736599904,0.07757546320322277,0.49403703796690296,0.0705849523473095,0.3305786352822976,0.06816096430247588,0.23447671371116374,0.07177611900078817,0.1985782104812137,0.057959991650596586,0.405928083104958,0.060498839069035054,0.27526025370016965,0.06371785239182294,0.22766061422035105,0.0731317976842822,0.2003109421430033,0.05015806072462963,0.3156789860745251,0.05370675945179289,0.27343223494521685,0.06730298591294687,0.2147798226034268,0.07787628301226672,0.1855617203089528,0.09211212140742438,0.5587573405127924,0.08707349308521008,0.33754654544877566,0.08537731016040125,0.23482326654962146,0.08844260448178726,0.20297458685419245,0.07769809574977879,0.47297491826662025,0.0735295674443749,0.32242343099847587,0.07157868816055574,0.23875214417420032,0.07470795634321688,0.19840581782155273,0.06022927291776692,0.4216073520961898,0.06046150825175975,0.27338957629600036,0.06409301423768392,0.22618650553684183,0.07347541100427332,0.19989365086037014,0.05440776860879733,0.326511277816922,0.05745144198614198,0.273576590282653,0.07090257208490591,0.22431364917152785,0.08077012012262494,0.1873824317213345,0.05995188928672435,0.622406437826825,0.0542489939957773,0.3311873340362039,0.059375690539662886,0.2456652183992732,0.06297833438059891,0.19724828635894745,0.057744089293703275,0.4354889538131052,0.05700639516075404,0.30423662640001886,0.061013355307282545,0.23853285198748952,0.06299588283968731,0.19986785711071442,0.058526063985413664,0.30280941680581847,0.05502406555753661,0.25200065193103416,0.0581846611426239,0.2216132386797694,0.06368374684277561,0.19495807957487954,0.053576332122517924,0.3076766713777934,0.05525888782450508,0.24663396039472546,0.061200646790494306,0.21552865593569082,0.06735495120768915,0.18438073482319425,0.06118053613184981,0.6234184767038254,0.058010345894825156,0.33840551380165523,0.06089866388494748,0.25341750953658587,0.06631109417482992,0.21212713906217154,0.057550682073513174,0.4309132319876734,0.05724248809568116,0.30532001694487015,0.061239171794743696,0.23951387981084937,0.06447555001476751,0.19971687210580968,0.053790646203191864,0.3183699226473298,0.05293003433855815,0.26446939885375204,0.05697682734782713,0.2200828611016905,0.06367763922283451,0.19609372117446544,0.05467241004959513,0.3181916163487724,0.05619372680741634,0.24655310722214802,0.062313122750166275,0.21458621117258983,0.06864549932451314,0.18497862413072208
2019-04,-0.012702282301421506,0.5663832284839478,-0.01232451319421124,0.28771870557141205,-0.009674568533467778,0.23631641066138748,-0.012840288173585901,0.18924914538140497,-0.01520381949164663,0.46019509291285876,-0.00912981392791971,0.3201918906333482,-0.006500534394795658,0.23170179114730816,-0.012547102187898593,0.18709660506142392,-0.0020619739949621066,0.39923187558599726,-0.0031108271579283133,0.2892260457889161,-0.0049128008548052216,0.23612607404287844,-0.012849013051083968,0.20026571164127807,-0.00044405842128109903,0.39331310439952993,-0.005978241448736847,0.24239102276610816,-0.012702950631400693,0.2195733333513597,-0.019771336722793815,0.20370714970812093,-0.00962624931850411,0.5711823599899353,-0.012339936564444301,0.309049943313329,-0.01073807245915182,0.24679522302003903,-0.01246102837301376,0.1927207952176252,-0.011476045037216779,0.45467479525357835,-0.008859305110078562,0.332637876744341,-0.007084928002235864,0.24007237475453913,-0.011167154312940504,0.1956413862244597,-0.001116637407471298,0.41074324677304375,-0.002875916023167686,0.29639804275546344,-0.005251346447710435,0.23517352536125097,-0.013569474787191439,0.20362496988098489,-0.003162563353388298,0.38339680437948964,-0.005478868141587494,0.25699511095369043,-0.012852674613271008,0.21691623581837405,-0.01997772357420567,0.19792029774924214,-0.029569548521718697,0.60514724487709,-0.021248513069359556,0.3066940664946516,-0.018464410220459783,0.23960760875939557,-0.016386952603360948,0.1929406988817396,-0.015589474240293012,0.4526133843918329,-0.012826542794798172,0.2991996665411601,-0.010359919574008456,0.22950545968389904,-0.012371847270990924,0.18867768903240323,-0.00880387111024314,0.3631374715955934,-0.006287004077505701,0.2598857796664731,-0.007419682753303759,0.21650480141008943,-0.011279030873788974,0.1885774998275666,-0.0028128806491453397,0.2894926556498209,-0.006132960857499049,0.2371569556814712,-0.009405344175475826,0.21051714819829917,-0.01350002879822168,0.1879035110975011,-0.023129944176926556,0.6155493701859523,-0.011700206709141727,0.31826036623158355,-0.012816011963540494,0.24000304724607344,-0.011893549553206267,0.20138007673192554,-0.014174273646636835,0.45623453017818316,-0.012771451703974344,0.3061481289899568,-0.011731220567162972,0.23504823078133627,-0.012684578326334014,0.19374998519952547,-0.008113794853324094,0.37000609985458016,-0.005225495640679575,0.2631128357936372,-0.007343418567691317,0.2208342860850292,-0.011521307137288926,0.19180964244498205,-0.0037528121655612872,0.26244561551898743,-0.006005922135858087,0.23708172064408004,-0.009998684026145621,0.20670246783986268,-0.014537880736758399,0.18698108366885907
2019-05,0.030140685259039707,0.6144599300853129,0.0313999661977123,0.32729885373383816,0.023997861068297703,0.23653877730349518,0.02346145521233834,0.1883074479345043,0.039709674880399184,0.4938268262348659,0.030819835955286604,0.31424418052952297,0.02170085477632601,0.22988984612270685,0.017884515206840094,0.184341848932619,0.03492350147912998,0.3398475010910721,0.021672582246536114,0.27809659259471986,0.016725843947671605,0.2236119465219356,0.01601427756860654,0.1758224774293089,0.016033270662087123,0.3359594907128387,0.014763066669232553,0.250598884195935,0.013445732393765834,0.19683179600164669,0.013979230431961105,0.15439392247715084,0.02039124293554973,0.5995638258850231,0.024442344323023193,0.3446464455816727,0.018812687455731905,0.23823717991734122,0.019311251277881396,0.1863323653558446,0.036531777378079784,0.5259516285067244,0.03323280546014289,0.31882028310552096,0.022810162291831883,0.23365120746483692,0.0196570529399972,0.18620135641513577,0.026311168158245565,0.30409854056480595,0.019637405211248845,0.28445643798802933,0.015231261171112535,0.22148968699336885,0.013745090655376309,0.17506951047532923,0.009946674059671994,0.36420265643652394,0.012411622068609606,0.2628548475292195,0.009997487129306645,0.1980587674101949,0.009892949809970384,0.1579904566242067,0.022767722327418447,0.6187866321555087,0.01641586201872845,0.32565401028879404,0.013583835242200346,0.25259642798131954,0.01242746483759109,0.19683415175747102,0.0261984150191875,0.48881745183704317,0.01795780105021051,0.3092864492701413,0.013660665231726711,0.225223140389488,0.010380854712703887,0.18873944437985435,0.017365747831833752,0.34660712882266165,0.018527420059883934,0.24429509941214028,0.010870705922344277,0.21453258827352656,0.008911672838086849,0.17870067860742533,0.020735101620662336,0.31281130577320615,0.012755517155628525,0.23462253844032532,0.0054918770065221015,0.19975492184575142,0.0043246650623452385,0.1678375786742158,0.012819836162479874,0.617450513580309,0.006918975834395644,0.3483459429902257,0.006348894096683275,0.2568258790542798,0.00790882239247044,0.20205739934104672,0.018755449779431537,0.5112590110935861,0.013583525134089908,0.3289896858364203,0.012089858958670293,0.23332741631435033,0.009759690057168431,0.19422291003322517,0.018992910507732125,0.3785915276280366,0.01893033069334857,0.27248405390085306,0.011508424608071308,0.22359318387100593,0.010037924433821073,0.18435741146540918,0.019054614578986585,0.3027731925094216,0.012818586045163206,0.23957115734833756,0.00580506269633701,0.19983744524157868,0.004994430058059411,0.1701345955253612
2019-06,-0.059768002436482906,0.6130514327577267,-0.061852538635554136,0.33901220527699943,-0.05624214107874219,0.22359544421807545,-0.04988065846760503,0.19133454126313781,-0.04928881042311029,0.4440125625098937,-0.05313120910936817,0.285036261218524,-0.04576084738821516,0.22271440130043293,-0.043019308308162856,0.19281436104804106,-0.04656889223050744,0.4137036849496618,-0.04109199771024874,0.28856407215785673,-0.03890507240746935,0.22284270748006454,-0.0397209792637882,0.1873982464418239,-0.03928348830715452,0.3740290401727484,-0.03559368326439292,0.2725299170116954,-0.036649653406704015,0.20904170128927985,-0.04695152681288444,0.1855625841849974,-0.06515170135533731,0.6465505155526121,-0.0691318392148031,0.36550977051057065,-0.06408306291557517,0.23768598999319118,-0.057230501536995854,0.1991810275738602,-0.05665688319357177,0.4635408787815948,-0.0534207035942814,0.29283882363682723,-0.047499427029777816,0.21724886878933364,-0.04407592159629074,0.1959061073854219,-0.050007771746574725,0.3939968382497041,-0.04304974693281025,0.2877774681243916,-0.03947653617282153,0.22577033974233357,-0.04238284880641637,0.18916940893164652,-0.03769614906585776,0.3785100529217824,-0.03645388853493639,0.2631021700515118,-0.03794241324268139,0.2134393713745144,-0.04887190269097277,0.18422999811381718,-0.06083473118458682,0.6020457266416759,-0.06865964564662576,0.331411103802033,-0.06922310771601964,0.23723908984130268,-0.06516577790393084,0.19925831174449174,-0.06089731848835851,0.45936786095532695,-0.060450072324598036,0.2978818635629441,-0.05597437746704248,0.22510571158613008,-0.053007508151108995,0.19325890891981412,-0.050464027241489975,0.40236229554770564,-0.04703346661527258,0.26100420644335903,-0.04276065715565269,0.21445189917489463,-0.045948618835482596,0.18139637090114147,-0.040791251235239266,0.31281854172031365,-0.03578816802959261,0.2313275492461554,-0.038497295642330835,0.19399604219390937,-0.04711335434372024,0.17354708804439326,-0.06279493454025253,0.6304419681043525,-0.07298194505830809,0.34710149509849453,-0.07253783256224039,0.25693856398349013,-0.0672874679009973,0.20878268698883573,-0.06486999494765178,0.48130654428325526,-0.06518700037023703,0.3052226747906808,-0.061033061091443096,0.2309268155565225,-0.05702730507696887,0.19770626601228838,-0.050219112395366895,0.41858632848946525,-0.048318371137337515,0.2599566354483002,-0.04491522545070616,0.21685030509775935,-0.04877806362157194,0.18599099809905387,-0.038871984115767554,0.32776697605450467,-0.03653886526317816,0.23626087642502647,-0.0407630087827232,0.19465513755385594,-0.04996240382388201,0.1761242641638095
2019-07,-0.10556404361891328,0.5700023577124074,-0.10632109640792292,0.3325080489051484,-0.11047865682969808,0.251311419478621,-0.10538158103393273,0.20241548683374652,-0.10209081047313,0.43995556343500286,-0.10478076798007183,0.30707965944195836,-0.10359083543651872,0.2617433985924482,-0.1030397356897066,0.2152961500559326,-0.10803946226939805,0.40127019953464216,-0.09734967914080886,0.31349860073411917,-0.09782405333924134,0.2621683988147484,-0.10112287771355111,0.20574327863812142,-0.10603571623186728,0.37078955085892873,-0.09616810438978605,0.3093466878574739,-0.09809585013130317,0.2438709869223083,-0.10718236675828553,0.20186485005037655,-0.10629249484979092,0.5495687453462315,-0.10737005563694893,0.3268175324641519,-0.11347665922917005,0.248247631816492,-0.10888139639870399,0.19982678024749467,-0.10226698515056616,0.44748748402019867,-0.1028573044149212,0.31935390787494145,-0.10377807609592102,0.2581322073357396,-0.10324244659013958,0.2131171743808199,-0.10630043442129922,0.39413528654808117,-0.09530683486100147,0.3146492261376312,-0.09782697016415239,0.26496453921089835,-0.10176228078634883,0.2122843168787537,-0.10832778812697863,0.40490557187924925,-0.09885950165298625,0.3039775220985308,-0.10103285080642874,0.2423942538920342,-0.11122206271122827,0.19821443901948277,-0.11119936936254868,0.5732291678417265,-0.11260808981813289,0.3395428596648348,-0.11631905637543336,0.2443825725194794,-0.11431268647484863,0.20315862960894793,-0.10660410424269424,0.4462094655738558,-0.10788915710916323,0.3065262895875608,-0.11043736577483503,0.2277822786333165,-0.10990994328342797,0.20091633549153792,-0.11014933989131664,0.3877684670116137,-0.10658120077449408,0.2674134207696996,-0.1039745328351874,0.23303156529290098,-0.1066579047687202,0.1884261304844691,-0.09919021659153397,0.31902469733949845,-0.09371769317820311,0.24831795009033336,-0.09726235664701892,0.20900015578145792,-0.10561005368264646,0.17736507879575347,-0.1187409453008455,0.5896512892923157,-0.1156813571130512,0.34004489720719366,-0.11798001270761115,0.2501612483771122,-0.11588761661893977,0.20063482622198867,-0.11053880800813722,0.45316971327500033,-0.11369402831446102,0.3096224206973273,-0.11490499486427977,0.23115851580135705,-0.11456483719127869,0.20046332888273796,-0.11344123989049655,0.3950299983886564,-0.10804891774549746,0.2707460828290562,-0.10576447091964755,0.2297626679109164,-0.10857440387911864,0.1903331861244938,-0.1004123210212869,0.3343436679947491,-0.09532199716179221,0.24749017473663515,-0.09956649820765984,0.20409548276262027,-0.10806650603025886,0.17776800021258157
2019-08,-0.0015638402677146137,0.585200965898683,-0.010302231884025912,0.33172905413851206,-0.007036169524935324,0.2506009742043199,-0.004363591385858419,0.21515939647091498,-0.005036891638323569,0.45182990358240904,-0.002006354584566251,0.3224584786065723,0.0007020176216490568,0.2331987397376694,0.0030178119722066143,0.20536101394382442,0.0002147638291196992,0.44674606198322886,-0.006268349015528984,0.31708526072623733,-0.0030061628803970666,0.2507361959787646,-0.0006651291641601778,0.2111066216383027,-8.805357763337174e-05,0.35868782869660065,-0.002392766432818896,0.2830074534085088,0.0012192082280201564,0.22802112531638938,0.0001560631337043873,0.19335070637526264,-0.005281226688451594,0.6014917822824454,-0.0064272560983671696,0.3510510719685448,-0.003111975947363746,0.25569822630914507,-0.002801698233212682,0.22555741950960437,-0.008376740798576391,0.49726443397775627,-0.005718075324554774,0.3358207765020312,-0.0022109306090346247,0.254179182074682,0.0010158353742206728,0.2237738087055392,0.0003857907492491701,0.4535987063387701,-0.0025009703993122794,0.3066597071368001,-0.0011379614311770548,0.25090281954648486,0.00103961663062131,0.21063505020642023,0.0013313952924954564,0.3723022340847817,0.0007103039462796599,0.2758220293442103,0.0024153918523498906,0.2377014887431303,-0.0017247609173788349,0.19419378921066716,-0.04095789342734069,0.5724687272900828,-0.0353752821055315,0.33650243947578357,-0.034213077701230894,0.26303422974107293,-0.032212809125150885,0.21793680331227336,-0.03876636574705393,0.4117313153213702,-0.029359966150516028,0.30999000022973916,-0.026842467592565644,0.22594710212712937,-0.025084396218788097,0.20469900379299916,-0.02732958392535046,0.42486664629964555,-0.02453081777601515,0.28122854843612527,-0.02138555308027002,0.22915015212494913,-0.01789677423494008,0.195698814274699,-0.01862629930257113,0.3414469828539571,-0.016626167259422377,0.2229668680445614,-0.011143250599341152,0.21055163968516621,-0.010121559292318248,0.1800668581787678,-0.04210615189788218,0.6247993607415583,-0.03408885925310975,0.35365583494166614,-0.03297800022288043,0.2643525226911325,-0.032191639720120256,0.23445141630344415,-0.039617904281873895,0.45568434799414503,-0.029212092816026422,0.31119552095229963,-0.027157124160087847,0.24292019767185757,-0.025386850291411186,0.2098563548181066,-0.026227782028090778,0.41849374529871564,-0.02205992110522413,0.2918628498726922,-0.01986897483043806,0.23555709765805363,-0.016661500714920258,0.19894838021599953,-0.021639261304007215,0.34839130780300437,-0.016725689097838913,0.23769128350015362,-0.01305937989265286,0.2120786750738513,-0.011551238729212248,0.1849316837275017
2019-09,0.05252182118540788,0.6310628733424948,0.04985089419626488,0.3355007592017273,0.04720717130303259,0.24166826453473111,0.05422114523786229,0.18641539090107306,0.06341736981518799,0.43371939904394874,0.06407565735057305,0.3158605885432224,0.06298353828239117,0.23874570097375547,0.061889305432546275,0.19849964104471668,0.0705173459091708,0.39465839154480414,0.07645866423740412,0.28528290531046885,0.07451440476338773,0.2370640058579057,0.07116414767922846,0.19455781487539814,0.07616464927405357,0.35257486292210494,0.07839378287231721,0.2917271294624786,0.07168548638182003,0.23985043485624088,0.0664872897709008,0.1981861644787694,0.04849593748462026,0.602726390365516,0.04210053882933662,0.32868696470284453,0.04092002217519066,0.25352357626122246,0.04722393489996978,0.1933115113653151,0.06156605631524751,0.4436778760163416,0.06211412818353951,0.3130757792468057,0.06550096205582268,0.24100336548292778,0.06656183630410784,0.1978426063223751,0.0668136865824316,0.44933324335629565,0.07126524919844399,0.27873539479736287,0.07100488483333336,0.2362883077847744,0.06916724246655111,0.18839242733716252,0.06980194529539555,0.3562011217141988,0.07464940687590235,0.27852848449156065,0.07053324211378727,0.22785086490314396,0.06721088848415836,0.1974588495535225,0.03681201102647663,0.6222151648918117,0.043718403557192705,0.31744239542116137,0.04175830740376159,0.2519035746859607,0.04682590733235908,0.2050434734660052,0.050154260141844965,0.4244666528650484,0.05128552597480238,0.2907923480418455,0.04976379747232163,0.228450195664664,0.05297187091266314,0.19503473218276057,0.05084070354433096,0.3861893804046411,0.04725610961800222,0.2723017551392588,0.05127362443444557,0.21963306967777907,0.055859246794390645,0.19575278826238932,0.0489423526008176,0.35895083630044444,0.05264023513446463,0.2180456818151621,0.055466299259825685,0.20968766093156802,0.05854031037156341,0.19255728927579996,0.04299437474032205,0.6198404048819188,0.04636351097320153,0.3212558385140047,0.043580594743383314,0.25415925684982926,0.04669675004674702,0.2055735032744691,0.055191070634744634,0.4510830706660556,0.05191034164337298,0.3001447511168504,0.04939420470641353,0.24531191591805251,0.05171946393604919,0.19554423239538982,0.05896228279764607,0.4125723073499862,0.05158471357166938,0.26803279756034676,0.05436516115614532,0.21795440477433117,0.057175001451412286,0.19650636168744146,0.05134679294613607,0.3522398904494196,0.05550043875584524,0.23276225758669356,0.05754297032978465,0.21778925419679604,0.060485392742201924,0.19602609850898625
2019-10,0.049765429510221344,0.55477488650775,0.03856814488781492,0.3138969390417844,0.03379065090911314,0.229209228620531,0.026193251481709135,0.20861317853994965,0.0365947108225363,0.45352623498911104,0.02694132045666372,0.3091239601521851,0.02521725124535776,0.2345782638574584,0.023371280767354848,0.2019935003094086,0.04474496795039152,0.3897016943419406,0.02939554243883142,0.267512754670237,0.03002667429928051,0.22026590029146587,0.02272640426337164,0.17482432508507273,0.031454055465716814,0.37311400018224866,0.030740224603687503,0.2772796897520969,0.026947790928462754,0.205294588850434,0.020965108750994894,0.1798086840586191,0.047706169215956294,0.5892621202129691,0.03524069051505784,0.31600692629059657,0.030807365117546105,0.2439659597216902,0.023972936353298186,0.21114182553518662,0.03252655799032855,0.4846947590303441,0.02502366111803766,0.31736050521969433,0.023106441127794496,0.24370454247536422,0.022581222397955028,0.20573135350566019,0.03403425363282791,0.37467086897360047,0.025009924604969678,0.27519034423011063,0.02695604062577628,0.21969703141814742,0.020592525730417314,0.18303283013245542,0.025251931807210835,0.37778733781254337,0.029203899628582147,0.2862162906706488,0.023651015761608066,0.20914677648389157,0.019367278336319297,0.18940126481671427,0.007530816809609705,0.6005772172240305,-0.0036953144366953282,0.3361680679549567,-0.007102088772068171,0.2512024438786338,-0.012861311420777165,0.2142322727527438,0.008916098504880583,0.42615267824272524,-7.729976081123505e-05,0.31107968492758786,-0.0034814934620528227,0.2358254977142913,-0.0039426931001194584,0.20339575401174953,0.010812355777950807,0.37061291785470185,0.0014129392360318614,0.2609586152730586,0.0036049587207844357,0.2157995183570271,0.0011525660137420093,0.1819482868034723,0.010550532578804665,0.3303152403500822,0.01043492895126369,0.24831749277909235,0.007724651819156651,0.21071286710610485,0.005345797537323524,0.18849078280874246,0.013701240328365453,0.6161884927536513,-0.005232656493777318,0.3369759478146922,-0.00842580622441583,0.263327921524667,-0.012406386871397607,0.22531997825819258,0.008807488324966976,0.44221144004519036,-0.0003286053969430492,0.31641073647910195,-0.004229305855851235,0.24330557599872182,-0.0030692579596026852,0.20827836071926337,0.007815157459545733,0.34515383765188823,-0.0019913475111546204,0.25623828334190896,0.0009754600418814729,0.21761003915609795,-0.0004752989878374202,0.1849487171425731,0.007951490714688833,0.35580927867348644,0.007858524008816882,0.2527427811012054,0.006434443219789329,0.21318603817271062,0.0033258602068713975,0.1908646266602061
2019-11,0.00518990737050533,0.5711693718791458,0.010407077833997054,0.32717487427075365,0.016546757437973687,0.22644748252463376,0.01290918473152116,0.20171046639923645,0.010946195745439412,0.44725006699497305,0.012036052277004375,0.3031055517987268,0.005605350678913471,0.23800177062706684,0.005340256979599146,0.1810704703925347,0.010499155087204452,0.37216153660406215,0.004295477456640093,0.2795365685048361,0.0005725710421606872,0.21422781631403173,0.0006290500226826968,0.1701524376824677,-0.0007096186579979769,0.44098623062965225,-0.0016033494861980777,0.2728258280382357,-0.0049062799342886,0.20139889642678682,-0.003277923893735794,0.17446151334923754,0.0014754408429829102,0.5753259039060625,0.011611001617909535,0.3111387704101172,0.018265220130890405,0.22706077740714162,0.014500504340298571,0.204639683901237,0.016622831351977646,0.4286202551318483,0.015161015968305536,0.3145533354409593,0.011272858517784305,0.2324195066488945,0.007262164853929387,0.18442244802006857,0.004995179519211049,0.3548538296689986,0.0032384953202762926,0.2901815351046314,0.00033894901577195564,0.22128363459252443,-1.1392408612221792e-05,0.1769959118135489,0.0027158313002025175,0.45510033215708473,-0.00025161052805247814,0.28680773416136046,-0.0024361327448717642,0.20544886202666873,-0.0006590050216114029,0.18383367276022736,-0.0033971533742462824,0.6264513055742225,0.01142914882456851,0.33220984602885184,0.017855873732154665,0.2497152108138736,0.01956269276553758,0.21410079648943753,-0.010179443988783851,0.4432141654508776,0.010699946225484104,0.28871715199302156,0.01233224553906882,0.22551847951964699,0.013167109879713663,0.18463980839068347,0.008258571732653376,0.36194577139227235,0.01174206259896976,0.2748941580635612,0.017447708154864225,0.20599040259578186,0.017694488735750906,0.17100117314867408,0.0010031844313911653,0.3580460080662073,0.004493646342982658,0.231157164127049,0.007550413680768717,0.17941170824643715,0.0066043491554330785,0.17229108187788666,0.0007867288891464041,0.6292199099466755,0.016476167813739794,0.3465346131949678,0.025203446342508862,0.256825100463085,0.023268964707502417,0.22432357726541802,-0.004232771772417083,0.43586406001284617,0.011263005160192716,0.2970854228543273,0.015816486391095164,0.2334567088846171,0.01814048570852433,0.18759049737884986,0.009652224065671703,0.3451830431411389,0.0130250443487409,0.2696956637811002,0.017861331810035633,0.20690519089387366,0.01734411766570037,0.17527276087530214,9.362949432803274e-05,0.3717857473153964,0.003946511077357615,0.22695884852454296,0.007731395377752586,0.1827604350008687,0.00635715063883652,0.17295454972567303
2019-12,0.009032056536393267,0.6420039496258878,0.011245806471006776,0.364802906002017,0.012902979669982183,0.2515537702530236,0.011501127729212149,0.21976991113833155,0.012484113350973639,0.4389647794376746,0.015907926292348225,0.31932879684603205,0.016774998409682863,0.21733951750687241,0.01799029666663925,0.17599888961853866,0.03191137863435292,0.3348846577706077,0.026406328964622743,0.27641693807415824,0.028268908724926062,0.19967810841289074,0.02622655187808063,0.1781250019557457,0.02868341502429436,0.4036230562561848,0.036649910687594364,0.23669527879679078,0.033725723809103304,0.1942973790784076,0.027872995519055203,0.177679117817083,0.013333978136810344,0.614187842819021,0.0124959773332437,0.36213317754383567,0.012165902768613734,0.2627908785418682,0.009240791301007741,0.21620991957092456,0.012638486274891806,0.521040027691718,0.014807315434891406,0.33371128057084587,0.016236234140483963,0.23918080216041326,0.019743930306260288,0.19401883132470593,0.032193000221442836,0.3853007094797464,0.02602664138654069,0.28596822405187783,0.027623497750476268,0.2101052192746578,0.025286802996327646,0.180325736121423,0.02785673641873251,0.42966563978053207,0.03529667532705801,0.24600104230066358,0.032402388958857956,0.20477912884887509,0.0263836111416632,0.1780406537636066,-0.001244668442976773,0.638921618961241,0.0007280441464335848,0.3561824528380285,-0.001414419042097563,0.2646007985708747,-0.0013628939434883127,0.21834325080154643,0.010217799708708349,0.4225036487788073,0.008706419049464464,0.3238477398827522,0.006725234112516983,0.2341937572925296,0.00959995386391312,0.2002540359018316,0.013513135101870567,0.3676960117559407,0.006823293479432845,0.24647768423652247,0.00832153439522932,0.21197064521414127,0.009610288507139172,0.17310329205392785,0.007787372486490422,0.32350612420288394,0.012468241945481713,0.22420428143031262,0.01038398654517532,0.18895103935147461,0.009645990697971238,0.16343180117424572,0.0016005831292881796,0.6297929881585362,0.0028405193190481856,0.3683607621326922,2.9898159105322657e-05,0.2797873565269761,-0.0006366763207917262,0.22709839429498568,0.01021471499517935,0.4221516737290703,0.008960015056361462,0.32604038412416714,0.006259395927425008,0.23640735533624524,0.008774469815886,0.2082388931355445,0.014827308338978133,0.39407644870389325,0.007143973399972451,0.2669262193302314,0.009747718918488586,0.21741139873438203,0.011006693687439223,0.18141598590487706,0.01086357749145309,0.3238071098026988,0.012174201034592987,0.2367901700443298,0.010974981017704078,0.18961197429919358,0.009453681881469,0.1729778885257384
2020-01,0.04419894427269326,0.6012128355721449,0.05627252617435354,0.33467214814002455,0.06136302500607577,0.22813895988376426,0.05400906129012721,0.1838676176956542,0.06476139998897626,0.43168570374786563,0.06462214515029857,0.30310749548596666,0.06310261892263537,0.22447002063521684,0.057213252827464596,0.184669934918552,0.08521356798802748,0.3526352954149623,0.07112120153773753,0.2751905987568559,0.061391111245041215,0.2140251540402196,0.05644924347020647,0.17153174214279585,0.06939559066648264,0.30422789451973065,0.060621664127334864,0.24592231109988652,0.05294180291404658,0.19966705090198955,0.05349637129751854,0.16526953400040978,0.035147427174917714,0.6268037721913253,0.05208724378275057,0.3369732973889443,0.05714332638403751,0.2344590189291465,0.053193524509722014,0.19077868115589874,0.05728432671469192,0.44265202666963255,0.06474479057113332,0.3059264049721374,0.05960148164363118,0.2334104250881045,0.05368020128844819,0.19696868554696878,0.06741593348850088,0.3666696727154335,0.06346015799704888,0.27382364290908695,0.05545733361225531,0.21522682539853583,0.050938611515164274,0.1706944184910468,0.06677280140032449,0.3353414147293283,0.059993567579440465,0.26630513809253276,0.0550770003668223,0.20191926698786936,0.05431094707725824,0.16740777211362146,0.041009073577518644,0.633369219348521,0.04460640512499962,0.3473058803230288,0.04814618798743859,0.24451511600274556,0.04536203192061943,0.20144524987580242,0.04217393407178545,0.4595664691785383,0.04361384904547069,0.29882678401934915,0.04410497809361152,0.2153732797454213,0.03952597991425619,0.1867964665495101,0.05268519897506434,0.30467687617898365,0.05108801319773341,0.241965307406963,0.04790476064361303,0.20686448232372362,0.043711401695514185,0.16806377670460776,0.05268848090844499,0.2977654244890026,0.04921963058495399,0.21943678082193968,0.0464932789932945,0.17948649598585914,0.042824107705823886,0.15539200277645343,0.03843591128868751,0.6217062134649798,0.04524278483204263,0.3477077702863075,0.045349746753802746,0.25172992629467783,0.045074680734404904,0.20804222586034044,0.04269699325951178,0.4619944699450442,0.04623955091633258,0.2984513897768521,0.044910457145565214,0.2205784499301653,0.04097413395121457,0.1918322378171152,0.05194444038250223,0.3342502341175674,0.051595455002726026,0.2359775634250934,0.04783161874701643,0.20355024282245693,0.04420171779893312,0.16664290310238988,0.052042959762434594,0.3098726760781617,0.04848159223769528,0.221485279743135,0.04533561075341938,0.17970462738353143,0.04264617617536386,0.1520139267681851
2020-02,-0.06358365531863157,0.6407761647175285,-0.04607823931547994,0.34788191319786077,-0.04416187150770456,0.24450360657952086,-0.04720606336858611,0.2084047005649674,-0.018021781850227462,0.4408447008042177,-0.019254686596225652,0.32855316773784576,-0.026335065936040732,0.24169053766460588,-0.033645422431103,0.19926191096713855,-0.014300681639840666,0.41062819864245004,-0.013818678783105103,0.28958744982069334,-0.01782700278900721,0.2314641527800626,-0.02038974873621967,0.18014250166302653,-0.010904654812376305,0.3884820170041636,-0.01759575814832923,0.276790989257497,-0.013876871488230236,0.20864955827416856,-0.008122371887121328,0.19059204459745638,-0.06898000037071432,0.6654622680951432,-0.046895443049143365,0.3723299884125509,-0.04541818501712189,0.254801773138732,-0.04831993559383595,0.210943890753729,-0.02655755770869393,0.5184382159081853,-0.02115494168240963,0.3414962921641992,-0.031879847892956795,0.24655549454739994,-0.0387960904199607,0.20874504905844202,-0.019272757721139438,0.4075895224231061,-0.01845431736119396,0.3035665356969488,-0.022583834893893,0.2385532813215268,-0.02510229284094021,0.1869639201579798,-0.013542974896422269,0.3925089340235014,-0.018660199746067488,0.28376160611527546,-0.018104163412988917,0.2102670196531117,-0.011793872159007153,0.19279543570332466,-0.07890958565808673,0.6427288759687901,-0.06103297121872182,0.3614716357625606,-0.05901706373780869,0.24993629808285006,-0.06111277061296845,0.2134440206230318,-0.02539133832313974,0.49760673800393485,-0.02283240944371296,0.32001081000323967,-0.030333995003583664,0.22992440382918586,-0.037940603489190095,0.1894843889239422,-0.01406789065565084,0.36566660045003163,-0.016231126028416087,0.2471886133973677,-0.02642640633430428,0.20577832866986923,-0.03126482273307099,0.16397616446760713,-0.007552931300860989,0.32968901460434297,-0.010498301853513692,0.242382136132273,-0.015696273578118806,0.18829103485487655,-0.017818028560606568,0.16262942782720774,-0.07954133066716809,0.6628202484577794,-0.05650687655795067,0.3704600432202891,-0.05537782516465517,0.25416773641056206,-0.058308839020217974,0.21819047248215725,-0.025959462305521923,0.5256013924529551,-0.023635758209047005,0.3299612372647682,-0.03334363895978984,0.24405194788175044,-0.040476505829156545,0.19622212261639732,-0.012396716648703971,0.3625778189295562,-0.015032401138092549,0.24817907538075573,-0.02536696423000499,0.20673064795083568,-0.030590047371000434,0.16921311980723902,-0.004291947220511884,0.3239870269935018,-0.009534012580518437,0.25245317231475484,-0.01633116165268384,0.1897265898646091,-0.01778965984623139,0.1619930116882002
2020-03,-0.29611524774612,0.5956114832654424,-0.2695411679374872,0.36268050130876317,-0.2635376958032629,0.23325076711740786,-0.2815349969880001,0.20746469256891673,-0.26859992039078623,0.4548620412208743,-0.25488602113433323,0.3277752436601545,-0.27206466824553766,0.23081019775121286,-0.28395774247237443,0.2007106047749052,-0.2514359501871652,0.3804370293750643,-0.2615092999917845,0.2884336399172567,-0.2776559186563263,0.2473752003251099,-0.28060110401653804,0.1992399796184387,-0.26951228478487305,0.3417688645085073,-0.2707009371845295,0.272183917534208,-0.28090608466628825,0.2186654766938645,-0.28405361950903824,0.20655021352495795,-0.30754943019637515,0.6105168128634963,-0.2788463011429688,0.3982050605328715,-0.27270715125162653,0.2668002091635321,-0.28945592797914227,0.22055974292702268,-0.27379640251667037,0.5099362381210973,-0.2583950904763712,0.3654036451671968,-0.2777012046910112,0.24693708732766,-0.2903081499718313,0.21237976047630894,-0.24968884429715033,0.414856243050861,-0.262369268485693,0.30800603045077046,-0.2777469659711972,0.24004702391831045,-0.2809514502087436,0.19820731663722652,-0.2720549667726856,0.3220697681292398,-0.27338342329292165,0.2861668253863468,-0.2845887729915309,0.2218306501697885,-0.285558880323249,0.20757144583232057,-0.28742103164899346,0.5807342773790581,-0.27827497301371173,0.36193425038620103,-0.26843249040086753,0.2485026384975704,-0.28113753164986355,0.21130473142980438,-0.2823261145186992,0.4670688400892483,-0.2589368523839427,0.3217232248825451,-0.2677506005150264,0.23234394409309744,-0.279498797661586,0.20735859985981295,-0.24862888834326471,0.3644564789740139,-0.2613656250520453,0.24231355454811615,-0.2693814463904587,0.21158132257077156,-0.27319091495644204,0.17716993684367213,-0.2847368400164445,0.3302549724180599,-0.27298466707779284,0.2446924590609461,-0.2683331042527961,0.19926455315361924,-0.26744366521216534,0.18039781835692126,-0.289163663832005,0.5913181170094102,-0.279009926907659,0.36745057807975556,-0.268472870070162,0.2586543359506303,-0.28083908998229096,0.22181254102717546,-0.28473432105330665,0.4935833338474337,-0.2601248090332097,0.3236678640506143,-0.2682115959194874,0.23886019252164103,-0.2803983064778977,0.21367477146257247,-0.25567796257687353,0.34125791640754244,-0.2670472095836324,0.25912803036306614,-0.27277105445617744,0.2111710208260472,-0.2757760644987439,0.1820315926256504,-0.28348614112875536,0.34895287280710535,-0.2748479574809839,0.26213193866372453,-0.2692686567442131,0.20355322258135733,-0.26857033042739004,0.18911430362647036
2020-04,0.19716490119880634,0.6598570014059378,0.19283936070529992,0.3949172825558731,0.1737615951487092,0.29438929289379145,0.17071415701649806,0.24628582565279497,0.1689043076727435,0.5250379785225725,0.1605877575526324,0.35459265424199216,0.1564310441698199,0.25360070847064375,0.1577644444340217,0.23358133612467716,0.15658990641188217,0.4545432356192296,0.1545571358587967,0.30425533016175965,0.15217883134769752,0.2396142361777569,0.1632725480209537,0.2192925399124483,0.17340944291986554,0.3999695182459956,0.16201283241861628,0.26993640657389506,0.16187548586599082,0.22131462680698863,0.1703974748042982,0.2106070569258941,0.20830944837470772,0.6649758087403247,0.20105862706011246,0.4173112875077834,0.17722104612101658,0.311955446701741,0.17300942869615124,0.25522705202080775,0.1825908186163122,0.5850064966488127,0.17144124083921228,0.3640483259555002,0.16362094276963884,0.2664229320704936,0.1630795199368165,0.23789422389706166,0.15922120353539726,0.4947013222526765,0.1635539134709248,0.297842747992925,0.15861646408840474,0.24269515964128802,0.1688687530181247,0.23043082573698004,0.17261312886725108,0.4307210538631625,0.160259757145969,0.2751029764304578,0.1620049186620873,0.22721534210172317,0.1702244647618004,0.20943387823955176,0.16831954495462784,0.652506401339629,0.20061291115598728,0.39224743427524084,0.191034933568229,0.2994668033617176,0.20029806155973212,0.2554711644075121,0.16653472858970486,0.5049282099026693,0.17016739954173132,0.3441559419918966,0.1741488868177926,0.25129466872283013,0.18271799894515103,0.22935953768531223,0.16713353646526488,0.417156023324609,0.17590646627663514,0.29093396555926,0.17437736422452646,0.24151750112563003,0.18353874397067807,0.22885267410960425,0.18539950670510277,0.3797730814817246,0.18368807685822014,0.26669553928506445,0.17640042547050475,0.2232809272836162,0.1776710690399021,0.22067200896833022,0.17935159863773542,0.6680205134190689,0.20462257472178091,0.4062972222896767,0.19802233469505257,0.3170357192874489,0.2080494472203188,0.26786560891654076,0.18166086638049933,0.536302958360658,0.1759833164664358,0.3567740604509412,0.1785381467139856,0.26718461148912054,0.1894303151601904,0.24267384500183903,0.1613339737981126,0.4282826825423391,0.1723537454933864,0.29984625001213394,0.1738274387918238,0.24660588274714426,0.18364450174148697,0.22940430849416993,0.17557512820186166,0.4187562553100795,0.17617336567465913,0.2865231267329984,0.1729853882808093,0.23512303675436708,0.1761861000039805,0.22746877193392379
2020-05,0.009065161326014447,0.6517959720788074,0.0031426590646081894,0.3435311338065369,0.0019469055263497128,0.2497514713939873,-0.005965782290594245,0.22907269503217315,0.012365489356065821,0.5745651088523319,0.009361846801674982,0.3230733107471162,-0.002892697009791857,0.25130471750785066,-0.013774764788186893,0.20941325962874208,0.009630069994724367,0.46947216367999123,-0.003922504412176621,0.2940739074019058,-0.012238999330152038,0.2316269903708289,-0.018192125237762903,0.20072763786424397,-0.007795398140384771,0.40078301604268846,-0.014660333586574505,0.2576812944023196,-0.019441668816943872,0.2229158751983888,-0.02047150807590524,0.21153630488877573,0.010655646365555233,0.6618719473635563,0.000835989666127938,0.36386026685969486,-0.0022509648393215526,0.2730089242220408,-0.01136251473199798,0.2346078105956917,0.01317766961774795,0.5472178962987376,0.008436835870113787,0.33535435554297316,-0.0036275811497961698,0.2630301210821442,-0.014702653694062512,0.20434106899811078,0.008830361368779115,0.4618001400585677,-0.002539983277253555,0.3003117247552053,-0.015058462013633525,0.2311735335048481,-0.02202734658401498,0.20694799973627337,-0.009135447835903547,0.39786833916407627,-0.0141596476485728,0.26110002232511276,-0.02060784069781787,0.23719809611053372,-0.021928842450555246,0.19899784904170897,0.016114773985980838,0.6168310220638046,0.00561210195987368,0.37533908406928906,0.003125108919357205,0.2595688579863832,-0.0013243146977274906,0.23802207145793167,0.007560001616920637,0.5426672177986387,-0.0001814109612063811,0.3145171969863992,-0.007218352308887781,0.2598952293616843,-0.013592167189912107,0.2275721981812044,0.0021364512668302234,0.41196726046952026,-0.005638046966656752,0.29497639172742707,-0.01174665023091218,0.23662584805538495,-0.013357104993288378,0.21768287127302186,-0.007724530707717939,0.4052355134712899,-0.013432323008222377,0.25449527060769805,-0.013822738737251724,0.2103311291364513,-0.011677728369537772,0.2011573856312469,0.02560551529577965,0.6187449905746638,0.010016236218011284,0.3929767822670594,0.004294537021353004,0.2796354724667871,-0.0007625017554869803,0.2578410268990782,0.014297654087330471,0.5808591816875719,0.003431522599374673,0.32836645495301753,-0.003938783979328303,0.2684535686528041,-0.012806533377001675,0.23775695660789314,0.01402065823952152,0.4270932650342689,-0.00038989771905424773,0.2955865866309952,-0.007995246468717689,0.24401872004815167,-0.011054934672624996,0.22554154818986197,-0.005333553385135274,0.41569340048697156,-0.011818136953145642,0.26554294829076897,-0.013728105409191947,0.2192436708060475,-0.011462517908857243,0.2036602176661973
2020-06,0.0903731896425301,0.548756097544572,0.13337288981935363,0.33297593344563436,0.13977167535506568,0.2337460732854583,0.13751888410012264,0.19838298629627063,0.07499111858491933,0.4603984525009681,0.1131664166940881,0.29570593664982425,0.1244223590413188,0.21920140643272112,0.13592616623850018,0.18131960207052655,0.08233696153031887,0.39680831694742674,0.10887464665312066,0.281241940337545,0.12832521557831558,0.2012331504900107,0.13476719231300285,0.17837765768756947,0.08252893356468724,0.4153946066968915,0.11682163899525103,0.24263867827206206,0.12894139723745662,0.20016761396333332,0.13524518886377004,0.16223997785530003,0.08932022915692835,0.5342942861030798,0.14131252591788718,0.3274725368208554,0.14521142361904293,0.23063926820158015,0.14272042409519528,0.19283760457772053,0.0822343425192843,0.5022461302460801,0.12185863901954871,0.3176627819533784,0.13248531313245573,0.2225233868236995,0.14315464241788783,0.18858276934597254,0.08160925123824406,0.3936103856517275,0.11206113569530918,0.2657724584535304,0.13028647615454847,0.20709980021559357,0.13808198562046572,0.17921786815775753,0.0835674650440377,0.40705844848945993,0.11733730653220999,0.24203654934536678,0.12888187443959237,0.20201701678400127,0.13496209771304357,0.16328644599284736,0.39288204612112787,0.6335894840906153,0.35392326019634324,0.34849931162159675,0.3185200116816201,0.2662711428051814,0.2925407996248035,0.21133826428063518,0.2526898408526764,0.4780298554775384,0.24647049485672218,0.28726123203110043,0.21980168496899913,0.21279005133357792,0.21460269897177833,0.18659936578444986,0.20613216164895223,0.3838263223361964,0.18132343815620353,0.25756047870794463,0.17701100714704027,0.20231099745273085,0.17947200502105787,0.172575220293249,0.14979558754178057,0.36556430419954555,0.15397451800624323,0.22215526051233914,0.15494168497348337,0.17534391870461294,0.15899755826351195,0.16569148802019973,0.42192954481709904,0.6377227126030831,0.37739231584537636,0.3546729856444117,0.3420225400102849,0.2631416279166009,0.31478571539434774,0.21572862775471663,0.3252228352426026,0.5036973619056829,0.2781108111558886,0.29518455940723,0.2415163709722197,0.22232208391278702,0.2315197340692182,0.19093440008154816,0.23056103171534992,0.42813264205723495,0.19818256164785328,0.27191011069689486,0.18857380457297626,0.2112615530068005,0.18809384080760036,0.18589809667572882,0.153228584939378,0.37731803743450854,0.15570996595574638,0.2259502404262578,0.15672489392701108,0.1842217089957882,0.16530484704394663,0.16887433813205616
2020-07,0.08711891461292341,0.5880420308062644,0.0729286197008139,0.3628962961536808,0.06267297783577666,0.2658322701064806,0.059582573847915515,0.23196481796909596,0.10945418244548874,0.4257754644637417,0.08248533699808394,0.34508561053969067,0.06704041301591977,0.2656118781834994,0.06289666554150439,0.23511240175914289,0.09843748277632891,0.403287711437072,0.07787130546240507,0.2991723749052241,0.07087273103998432,0.24486356646308893,0.07019359046695746,0.2240161094082989,0.09549922961925389,0.3774210230486954,0.07764450732544313,0.2921874686935938,0.07335608396995422,0.24504997025578393,0.07354427058179304,0.2149909946259345,0.09507495595272179,0.5937850750713802,0.07747259255841721,0.3711684188614869,0.06141713102215153,0.2681870437757031,0.06029124329518832,0.23405811503139884,0.11095534045406762,0.38083241465967976,0.08332716392134323,0.34963286975843655,0.06879143493342779,0.2770002376710401,0.0635959194285254,0.24491231400822278,0.10257235693931059,0.38260136315968174,0.08201137260326587,0.32152426794483324,0.0718991869592377,0.26217363308298935,0.0696275082226732,0.22516162367791615,0.0999250104087489,0.3878906021570466,0.08210175048140665,0.30630406647661595,0.07835587576895037,0.2573272156428531,0.07754446120916669,0.22129100636406462,-0.08117617039768565,0.5916141984891776,-0.02620403336085055,0.39999994756728535,-0.012831099010168014,0.2996679585635461,-2.5022058098104864e-05,0.27149373435867397,-0.016317304344306907,0.5021274065954622,0.01766843657227822,0.35465667083528396,0.028884606007252848,0.2724750956074076,0.030430797427437185,0.24341360332131767,0.006847995340781666,0.45420739895807316,0.036851053306078824,0.3114569035333824,0.04246417662782545,0.2430050793707128,0.04097195896847353,0.23107600197530975,0.03889433492430511,0.41681560018374075,0.052157013488269593,0.296253257419569,0.048865970792242024,0.23886968259689648,0.045365303153025636,0.22269138195440186,-0.07675104924668213,0.601336700884493,-0.0277731472477175,0.40892757275182945,-0.01681587363398021,0.3128412854039035,-0.002889450928475092,0.2844745713472918,-0.011283131341004265,0.5312583417472205,0.01504990757343427,0.3739288032906361,0.02618007979579406,0.2825378433783353,0.029329405773753155,0.25174273775214384,0.01784915522881008,0.47790841859039995,0.039735603465814354,0.32196217083948836,0.04455354300238442,0.25448571985651547,0.04179085815006099,0.23263872946935837,0.05185609316484592,0.4217200704324759,0.057305379826857135,0.30213967387115465,0.0526639115787789,0.2463864141473465,0.04630790699484202,0.2249859213599667
2020-08,0.07058667728849571,0.6324406108876244,0.07407344775223053,0.3288023655685305,0.10040403324732204,0.2507555022238692,0.09188453403445974,0.21142782385994552,0.07134059854181347,0.40856851740980404,0.08837692778305768,0.3112763309253176,0.09344740000406608,0.23305668952771502,0.09248599128265106,0.20211816610113797,0.08798232769105643,0.4104855038266909,0.09251030476013478,0.2876450562625258,0.10003618126903685,0.23295996544864586,0.09504491107321611,0.203037314656079,0.08551147126281243,0.3917277017292169,0.08802263332209465,0.27050189336211905,0.09523708079666857,0.21909837291682352,0.09273952325621623,0.1934669453617764,0.07850898894326493,0.6452840021266031,0.07814126669190297,0.3416396452345398,0.10230020248523149,0.2610108294946175,0.09539979784361986,0.22709981820836045,0.07024760863077201,0.42294656913541157,0.09216524870897136,0.31832498313740365,0.09509606471432029,0.24800783737174348,0.0932857592052032,0.20853454990025116,0.08575431878001093,0.4485167014020355,0.09188223307796163,0.29604724720045633,0.09833911870891154,0.2367773275848473,0.0954301919437833,0.20644585326887832,0.07972722551460201,0.41277792512098366,0.09002417946460368,0.28598403360844477,0.09466954555557777,0.2257361328278884,0.0941532106211115,0.20057750070419733,0.1339763628696423,0.6740804691006017,0.11842209393335132,0.3967307910003708,0.13757477073487842,0.3302757107799213,0.1330782212298597,0.2766424850294581,0.12488211683384849,0.5543471004347155,0.11922975241738493,0.39136459123360495,0.12126684293868031,0.29971873069119004,0.11384790921563039,0.246910344048,0.13045139572576053,0.5323212785828714,0.11178345099890825,0.3523974977581845,0.11161343332035514,0.2740244343114373,0.10839931192380987,0.2261284241733893,0.1156185497394003,0.48799546253004966,0.10141899674945519,0.3034971550692,0.10542045543486754,0.23726648770640163,0.10301291050291618,0.20604932565860493,0.12861090214276896,0.6641638666505224,0.12167993496383518,0.4051607023320137,0.14019751660659702,0.33236496073892646,0.13390653299520505,0.2802513946927707,0.1140221344306627,0.5581654016298957,0.12319659505078139,0.40040418128802613,0.12413824255985371,0.30654204696900134,0.11780228933949215,0.25218849394334125,0.1192813912996494,0.5493441462004468,0.11242887602092706,0.3520784575738795,0.11244401157862013,0.2741331115332922,0.11015063566716662,0.22940091106114396,0.11494525510916155,0.5017406569502796,0.10125501991288842,0.31147859933676164,0.10517473950440376,0.24322451275576087,0.1032439063194803,0.21097267712197781
2020-09,0.018222981263082007,0.622666480613935,0.033061118159078716,0.3489968052854563,0.028993964195229188,0.2618340195429539,0.027032274529598208,0.20326652979600407,0.05449092065944042,0.5134374101620591,0.0552831063578259,0.3506231537340095,0.04649540858109086,0.25372682727512264,0.038547176586492204,0.2089644619818959,0.0707733800307376,0.4070876886390934,0.06437878464842198,0.3037650341991214,0.0521233626312315,0.2436711187439109,0.04721627446806375,0.18764366979932384,0.07352004051997109,0.3812994059749804,0.05783193468361464,0.273434344106742,0.05150597568198855,0.21531760422216717,0.046070605760444576,0.18690506536997442,0.0042015475102636785,0.6292593905896231,0.024678981915622983,0.34188255457064226,0.01949136648012656,0.2744178062549466,0.020620639630931196,0.21620465895964724,0.042358881274039716,0.5025026532435499,0.05194297609240393,0.3506156036196161,0.042899331269967075,0.26074714093776596,0.036849621135875435,0.20912378098243464,0.0497268673829635,0.3966681595131709,0.054703454290280576,0.3054572364465026,0.044029784594973004,0.24003195882080558,0.040974079290278666,0.19633058057794384,0.07193340717638258,0.39779384485492353,0.05820613983282066,0.2912269239195755,0.04988288703623384,0.21889681982535664,0.04431527170451654,0.1968864978616669,-0.03769101910951923,0.6132906653776923,-0.014445388244216173,0.38762457012741824,-0.005136145283898533,0.2908889445690658,-0.0021562817703202892,0.23356843414327394,-0.025730380934572864,0.527849008496285,-0.0019530313636411652,0.3590159281619999,0.0053053823429618065,0.2582001144537748,0.008550772292437198,0.21279165295346503,0.0015432932927588352,0.445490647238172,0.018244051548030504,0.3065603303925253,0.02418855977885364,0.2526870532252755,0.025341915552815526,0.19818367137761458,0.018889286419429697,0.4413608641472033,0.03007438523961087,0.3012070792865632,0.03220004964297763,0.23248789351848453,0.028192055006033813,0.19514481367419298,-0.047660359381823336,0.6188829402683022,-0.01881935611003803,0.3856265280145087,-0.010032452964452326,0.2919960197201621,-0.0050870757861397695,0.23375396998366554,-0.023903491714365354,0.5180086891949369,-0.0023330093161487504,0.37653115540987564,0.006607895648061577,0.27091101134853124,0.01101496211124338,0.22084465308005619,-6.4092333724005e-05,0.4483324293367691,0.016320221845039236,0.3186367949275114,0.023168848530868126,0.25581578736006266,0.025014528959363024,0.20406015320052737,0.0239316669315261,0.42417378558960006,0.03033274270493474,0.29970063204673814,0.03145388775792613,0.23609496136670924,0.02652967175047607,0.19350411270042794
2020-10,-0.023726613966697393,0.5595956784703559,-0.01946244374790351,0.33220720208442656,-0.015892428971062626,0.23279599531110065,-0.0102304952941525,0.20744872355615895,-0.011392462867094005,0.4657350194385559,-0.010595208682509205,0.335908817123752,-0.006996470984839665,0.2499720954018673,-0.00219038014042659,0.20927432668992652,-0.001280150773236493,0.3663027511876484,-0.005765118722676946,0.2634755949732272,-0.002189011724790634,0.20753764010525133,0.0028884256114943066,0.1851031637236981,-0.005745022181732925,0.3539585379498986,-0.007856770079609512,0.2769197924318636,-0.002685286955551205,0.21205200244389696,0.004353293210687507,0.17711240507314996,-0.02497989742944144,0.5748766699613364,-0.018290013446961247,0.3333981008682524,-0.015974799794043145,0.23979827351218969,-0.01012134206166691,0.21025821920545962,-0.01476402283006325,0.47465077838710223,-0.013495958391303048,0.34696366560521696,-0.01153992339978703,0.25824688376592786,-0.0071204072780409805,0.21282351105370667,-0.002973208426743673,0.3720429457324964,-0.006138320566606679,0.28190866289030025,-0.0027352343447715074,0.21409277669522014,0.0002155233779193859,0.1904401279230991,-0.006121101000553356,0.34688185537351085,-0.008457704939314232,0.260075328673956,-0.0022848079772209975,0.21303656591134065,0.004488345042222941,0.17630188271556513,-0.006448304958820313,0.5861786636652357,-0.010513886827663809,0.3651999968007912,-0.011135339835480654,0.2647603340049671,-0.006334476540283816,0.2353243509735618,-0.006778998160480285,0.4767224417774621,-0.006531390204386277,0.39283712096938833,-0.005602238567794412,0.28887597796332964,-0.0033846513702648073,0.24152764672074942,-0.001161766971583097,0.398268411068205,-0.0013499353568973917,0.3295261178565875,0.0021788765096408353,0.25465801838578156,0.0049925991021054095,0.2163010023858003,-0.0018985093655500397,0.39869504990464505,0.0024410451760494465,0.3061608122268419,0.005624838443861315,0.23211440811385947,0.008240357479421354,0.19278418261017305,-0.002454526179449106,0.5929671847616329,-0.005209512949454388,0.3705875903374037,-0.004148923099958787,0.2694740426677563,-0.0024046907864964722,0.23913652808830094,-0.005638729660061204,0.4959786259795038,-0.004309083003898753,0.38265102212142565,-0.0015383302023575494,0.29692882164812506,0.00020084991092027054,0.24555064669421506,-0.0028753074803869114,0.4155738098532415,-0.0030017359915419017,0.33176333230266464,0.0029412948146855613,0.25834762334165673,0.00591184335892927,0.2193019972717889,-0.004674633935728802,0.3959045986070815,0.0016668714002393418,0.30177499632508253,0.0061410906810720235,0.2317555604552486,0.00817341832049752,0.19371089289483837
2020-11,0.11266965861833733,0.6363104452238428,0.095393509970218,0.35962655082774847,0.08793424013242909,0.2474441112944527,0.10476594792492759,0.21511162482051663,0.09263279635825056,0.49274900203575134,0.07385658091660978,0.3255662412586232,0.0818037131717969,0.24621820748100248,0.08798237160958626,0.21449786876867677,0.08404416282135248,0.32818307870136665,0.08269297251612308,0.2635133188952632,0.08470079485341134,0.2416719094078162,0.09399715823117769,0.20300979306043887,0.09212403392604837,0.3374485021976589,0.08186819203213809,0.27734619571118796,0.08293694543450031,0.23271105560118827,0.09609042037096346,0.20919037283930259,0.1080905749924576,0.6386320406290245,0.09126761547889735,0.3668228977595307,0.08778144542849867,0.2533966534166632,0.10287586783159297,0.21584416166605852,0.09129765543494638,0.4797273255117156,0.0744014856657162,0.31153435476703994,0.08420242717634274,0.24613412036138832,0.08805986840476784,0.21293808392554076,0.08745367074104476,0.3915541901414997,0.08287288169263488,0.2705484402061893,0.08305050426421509,0.24290765710661727,0.0925369438460365,0.2016179219077408,0.08680120979513199,0.3671349089569399,0.07907821338240653,0.27212818419395535,0.08242073487097086,0.23423068603344596,0.09460420903428408,0.20848578578017302,0.07615387237699732,0.5824848380187508,0.06127715984532731,0.3583046372330175,0.0632199652417502,0.24935121434129676,0.0752263237011827,0.22374594173360535,0.06066775378616549,0.48058532639445384,0.05354909401945626,0.3240181175550701,0.061156117290177725,0.25013591367344923,0.07016941858139425,0.21738591071248073,0.04904878835873489,0.33784092781756314,0.05095858930048578,0.2980064916294202,0.05737405882889098,0.24883048211789893,0.07162253593018766,0.20705830623897203,0.052690140889395665,0.3578601672912686,0.053413841645683,0.30109243421945675,0.0662919295954907,0.23607659262769148,0.08037776868441937,0.20633214200751407,0.07746545179583864,0.6130703479204453,0.06471316648563978,0.3508396349894623,0.06634822073190877,0.2528517999550881,0.07697537796001232,0.22593256386881594,0.05929690082616255,0.4918108974794069,0.05301892844650398,0.32102923912097536,0.06252530197443154,0.25563786342557526,0.07201936570528422,0.21897377587274502,0.04861506233058199,0.3667696802125883,0.05439348457681639,0.30308811038101485,0.06055106176997217,0.2509351875703729,0.07443607136595054,0.21050924807477545,0.054563907526709365,0.3661195639912942,0.05319332985719902,0.30677636861678226,0.06575390911997327,0.2396665371601096,0.07882607798711927,0.20549738627044972
2020-12,0.09331721184551964,0.598987884301916,0.08870699788972747,0.3487142571918171,0.08033618049509889,0.24844617983312753,0.08391840709302618,0.21158497691953004,0.08635156950356493,0.4869264255140022,0.07635710871112895,0.3274146250152983,0.07120081589213911,0.2587621950906313,0.07242772456718413,0.2094357377760101,0.08565510374929981,0.339316542487879,0.07285324582016021,0.2790050344175618,0.07150559092403165,0.23309212207606972,0.07321404764219877,0.19530692128619231,0.08174729978363382,0.32047914990914594,0.06878751120275065,0.27968695433151436,0.06631840340103337,0.21429934649732854,0.06566719114462806,0.19607906040732953,0.09611045066900739,0.6159306619778395,0.08999000281354116,0.3763615293478057,0.08399421070823658,0.28194750880312214,0.08662406559708798,0.22480386567412913,0.08315274783017425,0.48018284527623145,0.07187961032946384,0.32771399006371027,0.06880933672737467,0.26204123411993496,0.06942817171376528,0.2110745415789986,0.08746780613345267,0.4127051944718362,0.06995677148636532,0.27970771745694223,0.06922901779215267,0.23328162258598567,0.07120123261535068,0.1969237320937988,0.0859278248578106,0.32409276219209904,0.07148643589141734,0.2810016054432313,0.06922496824759916,0.2143991087886627,0.06857945514567114,0.19634803419997393,0.1424048993669418,0.5696849664334385,0.19376642874519232,0.34856640395134414,0.19108507862042412,0.269107719232201,0.1891750456651525,0.22607061712436516,0.1820177485249372,0.45075081227392794,0.21185512470673049,0.34663412924117476,0.19380732546029966,0.26922827638349844,0.18159507290750992,0.2194192809173594,0.1972654518198574,0.3396323378992592,0.20718717179536628,0.3084480112725451,0.18222332658829396,0.25897422048011803,0.1596644680782425,0.22215022369916618,0.16783076093181418,0.3436229153966122,0.16780529760336096,0.28697267360900913,0.14445232657453333,0.24632504259495602,0.13086770602564135,0.21455781888352835,0.14230506575939442,0.5851194304507121,0.1846188570876241,0.348188899082755,0.18670416322750316,0.2760501229872295,0.18484966361191185,0.23090132523450882,0.1777104983076033,0.4641016722445479,0.20639122799840542,0.3462651202422411,0.19267882409159776,0.27467120984648874,0.1791862381004674,0.22257311681900024,0.19887021560046902,0.3778479320324375,0.20041044190822455,0.30932005364866366,0.17923072222473355,0.2662861883286463,0.1581026198967108,0.22629147816239878,0.16699422533452382,0.36504875379862034,0.16264450522443819,0.29268231229853847,0.1407032772980766,0.25024601365496335,0.129052144873067,0.21704628224036637
2021-01,0.02199578059594172,0.625159377578025,0.010240961004175615,0.3403173996625719,-0.00715942489414243,0.25539786733212855,-0.00964831976234111,0.18868511936426954,0.033314892886289554,0.42406264342787015,0.010441936954409677,0.29891249114078244,-0.0038445515093869648,0.21666408495355355,-0.0073077240004939086,0.18874044890964636,0.017013254053226304,0.4033636841886322,0.0034432357751511817,0.2647261125822554,-0.010034873285167261,0.2243964237424394,-0.011770092523526314,0.19020533486530833,0.02905142787969472,0.2505768651296909,0.004246107690776789,0.23707879146711025,-0.00954714676380183,0.21484000853687102,-0.014102838540812922,0.18493746982742115,0.03194492970001106,0.6297956307440196,0.014658530311066007,0.3555879051114979,-0.004877057218064843,0.2598480117506183,-0.00792928697673606,0.201208671478537,0.03414380846083308,0.4448818539791106,0.008693300338001602,0.29876337661100827,-0.0035693640557322103,0.2183128765265549,-0.006239439708168036,0.1917520662718343,0.01883009352060332,0.4040852164576143,0.003695293543140022,0.26531394279294274,-0.008747899815806778,0.22372403275384495,-0.012875253742044016,0.19672818661666602,0.0282526188389082,0.25263606103144576,0.010047673374507151,0.2468927272408179,-0.007367042288067704,0.20966239786368215,-0.011879831977317033,0.18789819289966503,-0.0010108885277989744,0.6133392835333085,-0.0012902952240163592,0.37400570190061116,-0.0014513081667090245,0.2862859816186769,-0.0012039240872567824,0.2408317108500565,-0.01226670957434516,0.45324302327917726,-0.004630203915895545,0.3764938976455944,-0.0014604703093830916,0.28330142515242507,-0.00476750756764108,0.236215917287992,-0.0051914625950365435,0.4060402983708699,-0.0042185760299858375,0.3207629954435762,-0.008824020208488735,0.26284294422674687,-0.011147846332603318,0.212321564427271,0.007431337253886132,0.354667602300608,-0.0029017887989062634,0.28705690014686164,-0.010000365805495926,0.23433793155318985,-0.012387954261237564,0.2002713771745252,0.00301154310298665,0.620746764050379,0.0022482556219023545,0.3840245806837935,0.0023558534740438283,0.2905371471309021,0.0008759585917623958,0.24922245632113482,-0.0016693180899227814,0.455522341277819,-0.0010046411881731443,0.3753687298292156,-0.0024014845911046806,0.28879442695821855,-0.005970919001883235,0.24160128600738107,-0.0026713826343824224,0.4043791892108816,-0.005556485238312971,0.3178565281121498,-0.012259734008641015,0.2623463455790494,-0.01362977277693371,0.21553372769297918,0.013210267522519394,0.3574516603518667,-0.0026665647837827797,0.2839892948937109,-0.01210576567805236,0.2352833347074456,-0.01403711485353676,0.20012508803992424
2021-02,0.18324319394057215,0.6389743173670202,0.16791289818731703,0.36374846662855154,0.13083516874558482,0.25951614084108043,0.11308392528195843,0.2094980003005375,0.17899903728220004,0.4869620022670462,0.16066233412759046,0.33755504271557557,0.12468073998274005,0.24819569295034138,0.11398764972268591,0.21002826133471084,0.1496448087004448,0.44446232224667065,0.13655936594031848,0.28077588747561083,0.11176582913539071,0.23031687417203248,0.10153162964186534,0.19973060856429992,0.14976122961338598,0.3362537612401009,0.14051267370314477,0.2612493537448465,0.11141875887245456,0.2158247634853989,0.1021067863518583,0.17918264360665156,0.18403835758381717,0.6396807936579216,0.1747782241024196,0.34454163877122734,0.13609335036648218,0.25012739521060345,0.11686719061214229,0.20380212505802653,0.18055887630535536,0.4882938912136271,0.16145657181542877,0.34209444256386645,0.12662429959825197,0.24766649406577784,0.11639872749305577,0.210745826634815,0.1511863768715408,0.4321142414619502,0.13759161101539505,0.3033597523142351,0.11361518319499847,0.23340178133797415,0.10249482233034687,0.20040444137229863,0.151489818827293,0.3373455082300963,0.1420623030198677,0.2795733385338332,0.11391589413784553,0.2217779821768357,0.10332050824707074,0.18823061942646188,0.11855115779007398,0.6478854516942538,0.10907618235084791,0.3521251287874116,0.0778500517608435,0.27588772615639834,0.07263188268912694,0.2274013184010565,0.12827380644334488,0.47689059273598666,0.10026329218705804,0.34849715616784815,0.0795843934691165,0.27663904932907435,0.07597850088068987,0.23756499940231035,0.10187084936425463,0.41181685412101243,0.09116493980168525,0.2899164013322162,0.07559860482457717,0.2645493727846637,0.07047470285032177,0.22593600449770254,0.09596893587784322,0.3475831635849913,0.08713600310358731,0.2785237448734349,0.07357365034107612,0.2467558840555167,0.07307716076718196,0.20820067905801898,0.11352556176269436,0.6532120819124188,0.11094808942760141,0.35519129922570103,0.07960037298759882,0.27603973869257203,0.07385680062603535,0.23289353771915172,0.1412920878061941,0.47024722123142404,0.10837494541239549,0.3362726004066448,0.08491412874885516,0.2689479613798172,0.08110275340884048,0.23380374670085663,0.09077459544902018,0.4068981045925049,0.08705891968578308,0.29732104221221606,0.0705917630358739,0.2614110435582015,0.06918632702853705,0.22610910535684742,0.09167791991747512,0.361930578797672,0.087233717190026,0.2805545375384665,0.073062157309093,0.24958023994395864,0.07284892441068073,0.20767612337841884
2021-03,-0.039036712718411186,0.5805631392028271,-0.014988116996776435,0.3496386164467541,-0.00798844998467092,0.27502959459624227,-0.0026954144252675154,0.22751982119618389,0.0018108890458089742,0.4728148079062928,0.001948667704471924,0.3147648606837347,-0.00047736105281533017,0.2530998560147131,0.004218649457017688,0.23437768813803594,0.0021142131339720576,0.482729288267694,0.0054548592972269525,0.3155756416547373,0.00814852315602622,0.25329709498619424,0.00972328778996784,0.2290523744023998,0.013187402388110985,0.4069604446055465,0.017736818962437003,0.29661511224994835,0.018975147614552133,0.24806354560913318,0.018156764805731824,0.22328685782714336,-0.03977077786734422,0.5766265072390474,-0.01835725254923294,0.3499838624704083,-0.01178619903446434,0.27774660776256815,-0.006818776974812846,0.23549453088129024,0.003228998894073598,0.4936267571156982,0.0006518885187406891,0.32940872701867885,-0.0011970035714777096,0.26489648693917056,0.0010059934712065674,0.23885834241559573,0.002699101190798586,0.46189580870968017,0.005167365682798749,0.3363024662264975,0.006551036906856112,0.2516802923409457,0.008706016912944217,0.23071626553473856,0.00908005332588388,0.3896568703940236,0.014757709102232933,0.2966490227070172,0.01649915456152313,0.2520126251508912,0.016420294903942926,0.2242882146247236,-0.038338493743570394,0.6145021116433608,-0.020788004052926398,0.3362677927022747,-0.030279649591578944,0.2671334030256659,-0.02958988127493454,0.2572952895307163,-0.016567865775811878,0.4515563135517208,-0.015091758169569702,0.3127024795866991,-0.02877675078746258,0.2871265081161589,-0.024313929052889566,0.257653562191798,-0.030297095832823653,0.4482385389258522,-0.028334143288589752,0.30615209415955313,-0.026516284435186607,0.29407379374309356,-0.017093840553331602,0.25394422382428566,-0.03976655720886192,0.4150826839227744,-0.017747083087373508,0.30255056054820284,-0.01574823295648596,0.27765908160500063,-0.007779671191548355,0.24835488356622898,-0.03263579002987317,0.6134184026724674,-0.016847097339916146,0.34811589875655263,-0.02886142079184367,0.27209434346663686,-0.026317959458279735,0.2683043115247565,-0.015771196622149597,0.46686894934599865,-0.015530931345207057,0.3268764234703315,-0.02680605981459465,0.2928015022337268,-0.021709175689193536,0.265049058804246,-0.03131858095414175,0.42602129015024104,-0.028753899126648955,0.3210288369780777,-0.025742852919439986,0.28862053568231805,-0.017114978187832457,0.25579569319378703,-0.040523247618596846,0.4084023604173266,-0.018762252008194345,0.3028883853926118,-0.013941559883586103,0.2803652475978926,-0.006399971272843532,0.24789931984975233
2021-04,0.07556322331510647,0.5928861281583773,0.08041226001799467,0.33588734115154156,0.08027600381011561,0.26052993605120056,0.08679747670722748,0.22012069151762287,0.08747774733558022,0.512167147262895,0.09906781239248816,0.3409993014016839,0.1118624599699077,0.26119053592957076,0.10896658892363699,0.21551050324866633,0.11042367420020509,0.40291578362179936,0.13130569437589798,0.26159407208961594,0.1306129269749585,0.22851404956348284,0.11962064552794131,0.19439345096135477,0.1239618980066435,0.36962145620100667,0.12467100234621138,0.263323493820454,0.11704319856255092,0.2247131580202014,0.10687555584867044,0.1891554441285137,0.0830452056264779,0.6266959163919288,0.08014859653963806,0.3459681870487852,0.07932118821133582,0.26628130029009267,0.08773530830697505,0.2152030150677977,0.08270863566329632,0.514886015263533,0.09898827273099627,0.3417495369480016,0.11115507227266709,0.2628415383543028,0.10800200297023076,0.21653796899465083,0.11106834514397806,0.4008295270429262,0.12984029554250148,0.2633550685316428,0.12394656296070344,0.22813253110127918,0.11650681282216663,0.19418531620856852,0.12143876888039146,0.3852550870018294,0.12595477243689554,0.25817331351789696,0.11703880520439741,0.22248858060152812,0.10511454532911467,0.19136341001135665,0.05442217739168423,0.6068123241591903,0.07502906502398551,0.35266264250033874,0.07992246355730745,0.2661432882637291,0.0831324774085584,0.24736008215688338,0.06502761120128615,0.507374516542982,0.08135334099006933,0.3448307156111616,0.09136047980686643,0.26456754956423023,0.08939035024208454,0.25215809398337896,0.0763543166788757,0.44311977085261334,0.09242746670907967,0.3020954949664991,0.09732787725555489,0.2656135726015568,0.09369346604639947,0.249442329163932,0.08749100026535336,0.40441375825483716,0.09540016717281087,0.29577451528755655,0.09519977752898788,0.25433659465902103,0.08842072294826979,0.24098286306997788,0.06680762204473431,0.6060185797638595,0.0816615549238347,0.3560661932371309,0.08284755345492824,0.26980144571251113,0.0854548615831387,0.24773594593458553,0.06600383778476769,0.5194296088416182,0.08176989843391794,0.3462230952103993,0.0891824997479312,0.27156329386479144,0.0885007412235362,0.25231045200729363,0.07335220688026813,0.44468039549437577,0.09258933423079727,0.30415943038966375,0.09643701850931523,0.2733631287274356,0.09370612183689427,0.2488401359696349,0.08781965074059211,0.40617604779725974,0.09527163101013603,0.2998294984488904,0.09343127187459824,0.2662949121670253,0.0889712996830167,0.24261808733688828
2021-05,0.07052844550128612,0.5639333262929493,0.08932474949793621,0.3191007992577718,0.09617720260623183,0.25182240592565197,0.09781845877095613,0.21772540468270546,0.08338234197126103,0.44999933116101154,0.09196871504832868,0.2786594089072113,0.09707019642066374,0.2467958312954568,0.09135328580664626,0.2078751350250492,0.09009802368853262,0.39906303758352507,0.0857541235760988,0.29809184581690895,0.087886503650613,0.24810932534341956,0.08550616159241183,0.20447900976641062,0.08720952297377521,0.37067943181818386,0.07963860885347504,0.25932214603986165,0.07938247135271588,0.2193457727704235,0.0795544190976913,0.19322179956395813,0.08023631960974537,0.5508254117199619,0.08965570802128418,0.31384045576550434,0.09647990079597599,0.24692566311132907,0.099003327653914,0.22321234272255738,0.08329232658852705,0.4468513892998934,0.09534232187278506,0.274588469116257,0.0973768177806914,0.25238580855836906,0.09152532305381839,0.2103013417514497,0.09530377596998715,0.4127814560520149,0.09178733451720208,0.307984328084095,0.09088401483147164,0.2551186822063729,0.0885875604198203,0.20968435588459494,0.0869109789932453,0.36691656820707974,0.07900817900489024,0.263624077535821,0.07880051531172703,0.2246011584223096,0.07832358344841012,0.1989003701215345,0.11331653752959257,0.6027836835818412,0.145471608081825,0.33510825816828804,0.14076277223320863,0.26101015643560105,0.15328862525083847,0.23871867476498282,0.126808754619736,0.46532863468829466,0.13334913928707753,0.32136415225734144,0.14002933475634488,0.26501756982778685,0.14804118879880096,0.2290223564073511,0.1144337286729844,0.42557620244879446,0.13404358210648964,0.3111111941598686,0.13403964955297631,0.25646374527608695,0.14041061710392785,0.23392103322364755,0.13634556715947907,0.3827986652702071,0.13747966326631417,0.2625330370101593,0.13214692869042413,0.2361405477761705,0.12975783865864138,0.21674526657539728,0.12178314330459716,0.5934844773465513,0.14484276187732922,0.34096939897711337,0.14064820456788318,0.26824560256460683,0.15315918878970447,0.24001863470646295,0.11934673131544583,0.47393211733789964,0.1300951868259911,0.31731071857752435,0.13816184240598167,0.2650949260149665,0.14583380365132348,0.228507324039819,0.11937068644007995,0.44761982007765533,0.13670202115560792,0.3136169760512184,0.13600848742303207,0.2603939256769485,0.14098907316955897,0.23685237886422125,0.13697577136124742,0.40345078697139414,0.13671067726398609,0.26484598592322284,0.13403232674132196,0.24159643345156134,0.12956531506062516,0.22104667872421485
2021-06,0.07488342248346905,0.5880570843449,0.06616168073240206,0.3271435357203529,0.07147546959496293,0.24036888389446764,0.080885116103163,0.20403072042598316,0.04609355701971475,0.4265995434496651,0.05459133895031856,0.29859482259551345,0.06403568040643202,0.21684890713610774,0.06983942435441723,0.18657922566726348,0.041741810090084396,0.38041397880975747,0.0664834964001199,0.2654988844616112,0.07045951830331745,0.21422340259467654,0.07084903076266526,0.18086992111373576,0.06672572634138242,0.2980688515408588,0.08283217153955669,0.2298714594503542,0.07818850624550566,0.19375535584684028,0.07076629310208446,0.17838844604457088,0.0687632848497456,0.5952303407840015,0.05633414525741318,0.3422215884699945,0.0634611411674307,0.24438650118979627,0.07189845673367683,0.20852178033580138,0.04551614854220591,0.4383368546461723,0.05962498524496484,0.3111557896690238,0.06745313544112262,0.22739354712115864,0.07268182585712125,0.19061390676888718,0.03732193335403003,0.3736903062476751,0.06722265639464262,0.27414361313688207,0.07111652907583628,0.2272665443763743,0.0729137635632336,0.18488602418568523,0.06890788105512591,0.3018298077911271,0.08151294253919673,0.23133234268529462,0.07706933162549276,0.1967604940007262,0.07086891795556814,0.17684036277054824,0.12511190668541497,0.6219939502010903,0.14481726547556958,0.34306623870023123,0.1450052021121102,0.26142928862338266,0.16490769597018734,0.23490409763321893,0.12300417547564826,0.41778115326768517,0.1303994181571314,0.30852847769702846,0.1431013798788962,0.23945330085791816,0.15929644020263375,0.2233989052022713,0.11794406165820596,0.3855427545955593,0.14467059484296438,0.29462133406967866,0.15359645727999754,0.2378151912578439,0.16003145760217344,0.2174865277028821,0.1319806299753246,0.3671092780954658,0.15714143577180012,0.24719738335707786,0.15802402217702272,0.22017590079876467,0.15274440519136867,0.2179669590527269,0.1181872825846492,0.6139373071859285,0.142106540863675,0.3408543562784072,0.1432746273547443,0.26654732011899784,0.15995539126494254,0.23216468964213682,0.12304924597193775,0.4349798658577113,0.129990943082754,0.3066448190422504,0.14092674380204087,0.24402237045645475,0.1559481454882817,0.22546678507952772,0.1233341570760768,0.3997623628374567,0.14499368747128358,0.2988309006007458,0.15445049170555966,0.24699715272579886,0.15949298601204817,0.22436335083392545,0.13248469523379397,0.37878008084662673,0.15845841884533574,0.25331726511931335,0.16196395216406398,0.22555453200447742,0.15748468602815865,0.217777035856142
2021-07,0.06635753739341294,0.5853495280695806,0.051458970226710775,0.3006471918202288,0.05286565696085081,0.2284617764887299,0.047385609264018226,0.1997768227067741,0.05294259495063051,0.5033144554558557,0.05419503408132545,0.32746044170682437,0.05916632503782203,0.23346700359117445,0.048751104734738794,0.2128293259298096,0.060012865524891705,0.4442893608944917,0.05248872162852068,0.3143019194561282,0.052430101694862744,0.24731318595419244,0.04800064281268311,0.21394063300563548,0.06250107402262399,0.31590492022071925,0.05086701773005962,0.25497898268794383,0.04538282121956566,0.19950382175916448,0.040804019746476315,0.19067278274992724,0.053719087547107684,0.6176525769246426,0.04713094408752837,0.3211666422507021,0.050855157603972787,0.2399838067156584,0.04932464364385225,0.1906946792726683,0.04950780201707144,0.4925247829037577,0.049817225994765776,0.3272601096443153,0.05520499040811377,0.24039329702788126,0.0472777076196702,0.21680325670481515,0.0540909287954413,0.4335754499442063,0.04894847244924378,0.31296025067096517,0.05080197862286281,0.2434989911041726,0.047425229769173946,0.2098821912684209,0.057556991516891184,0.3417477748828092,0.049135706139157624,0.2564384719320365,0.04525915130167763,0.2014018180423065,0.040379804796812836,0.1922320872163727,0.09074650797016214,0.6206086813688221,0.0930135060522935,0.35905277370388505,0.09985431139816418,0.2793084201294469,0.09646181502790362,0.24265999705873553,0.09941606823593628,0.4614374726619681,0.10979958309961758,0.33829584532854956,0.10686481176183656,0.27239274506915373,0.0988557511623685,0.2549955187123611,0.1161021932111249,0.4517411212019706,0.10649033867150252,0.3324789178078271,0.10133310964132447,0.2716055369906788,0.09211589346243598,0.2445541657645904,0.09918196121888974,0.3690365160399989,0.09126485034363532,0.3102725020970772,0.08566417892884522,0.257870291472768,0.08099661719874493,0.24644303100316953,0.08681688615195125,0.620605833382659,0.08902032568899183,0.35780064783148985,0.10005572821784776,0.27966702150500444,0.09709374986149075,0.23599762251400205,0.09299507606911185,0.4619836687643061,0.1039515555005791,0.3398684869232467,0.1041378289877361,0.2717786420661227,0.0960267018560021,0.24945966467157762,0.10950590958477638,0.4405720854886611,0.10237751004955081,0.3253915178448891,0.0987688584565685,0.27239688788196414,0.09216421949857209,0.24825449590704815,0.0985957712823104,0.36566912147981134,0.09152070943074016,0.3119522318405319,0.0843204061254426,0.26648198240620236,0.08107741324409967,0.25181359615313226
2021-08,-0.04972574154850404,0.6045826259276935,-0.029641850453832073,0.35303688359631635,-0.01848525282250089,0.2368517766561291,-0.01967761470269663,0.20387626116611304,-0.03458897798717126,0.46569268443894485,-0.018741258606182684,0.316813028735939,-0.015681906039836692,0.22688109633879253,-0.02325877992915615,0.18858044340010638,-0.03472969275826579,0.42917148768955526,-0.017780164131283527,0.2876699948099687,-0.022545201611614097,0.22668097545653276,-0.025135214281258703,0.19003190393161823,-0.02409274937021057,0.34409482146025655,-0.019902364156542965,0.24619448195718435,-0.02310472046092172,0.19783042897898212,-0.022911172681936903,0.18335931600293112,-0.05039199623573505,0.6192645330390121,-0.03585335895965175,0.3483362013512019,-0.022056624867089508,0.2407290521053434,-0.023128787622467308,0.20471301217907806,-0.036641740950050454,0.46848342633591,-0.016645465726713122,0.3067880681176649,-0.016329828611477786,0.23043047259354826,-0.02352128331897298,0.19345263768292612,-0.03789031935420599,0.4354852202374848,-0.021703953385598978,0.2833341910332108,-0.02542024518392011,0.2275303107553971,-0.02775094132891314,0.19643855652387898,-0.02055266787676742,0.3639503877281397,-0.01651946382993031,0.24971593752653032,-0.018958947840465656,0.1990324184955307,-0.019118593623327376,0.1815766607816206,-0.08933314570857427,0.6319062535265739,-0.06253173127803023,0.3458187150750188,-0.06005769269678147,0.2669986884945032,-0.055830787991981844,0.2222465200312934,-0.06833397463452319,0.49351390154211794,-0.05002712241049804,0.3538741236948535,-0.04657270191136277,0.2628596551461135,-0.048436811684375046,0.22543115190765753,-0.06402743933762926,0.4439858214760658,-0.04485166142647519,0.30032810849746855,-0.046165732950420424,0.2543367890814075,-0.04510773469789181,0.21222838516087245,-0.04525612517730457,0.3964614888435308,-0.041184300160906476,0.2811251347874502,-0.042743425299061444,0.22920825345585322,-0.04056266387640879,0.22326640711421664,-0.09452489985692727,0.6567805252127377,-0.06950742698890129,0.351938845642929,-0.06453283334866122,0.28088928694279836,-0.05847015922874959,0.23141767572013716,-0.06718907764481631,0.5121531848418679,-0.049425679050813236,0.349593931022032,-0.04547854683741011,0.265088602186218,-0.04615056719737892,0.22747297435083857,-0.05597335251784889,0.4462830249696356,-0.043478367033841725,0.31367674935230444,-0.04638231626948812,0.2583172044799946,-0.04566343995020142,0.22221467576948573,-0.04233212521064036,0.4033397463830526,-0.041339892751344476,0.2881381458246951,-0.042557913373458316,0.22943287458363987,-0.04087655097380296,0.2251132107642469
2021-09,0.08013671462509377,0.5886204855848337,0.06145230555095872,0.3605041637691018,0.06671648438330326,0.28180341593848734,0.06953678994863649,0.2246878176752442,0.0609843726148009,0.47240617533642626,0.057453804173930284,0.36875456158733455,0.06632851031862987,0.27419681271516444,0.07170714287841787,0.21270667337383303,0.05980776610054662,0.4651297873384951,0.06970542474442043,0.3424501388063709,0.08002056166445853,0.27461454165380716,0.07550449823041647,0.21046031600618528,0.08159505928871175,0.3710787149803848,0.07622551741258451,0.3011370943230144,0.07857381474085788,0.2533551494434466,0.07026145797007392,0.2257496760094551,0.07991431828951982,0.6193701893237276,0.06229352581529029,0.36910727938080046,0.06789689540202429,0.29143275576408834,0.0701216203906825,0.22156908569874467,0.06294942869252344,0.513045113271153,0.06128806373628542,0.39998084583725557,0.07111889386736121,0.27305707738833085,0.0755314211733465,0.21433861670940735,0.06649521380995438,0.5075204584935573,0.07194629833033826,0.3399168577811932,0.08198443537041661,0.26677041604577,0.07730385303686652,0.22206952686792036,0.07125366205203648,0.37408900070879864,0.0713520415418974,0.3015528682079752,0.07500796569655105,0.2490674462423334,0.06725799317365516,0.21935586775325716,0.05030218113991284,0.6223673553292666,0.05563777145293478,0.35055826900454684,0.06072114522133136,0.2837281281040389,0.06435017163966865,0.22069185472582395,0.05250209973328932,0.495309550343543,0.05937813046981056,0.34993461250862096,0.06614148767769445,0.26542807807450564,0.07058575519586945,0.21607041147451897,0.06525633689407992,0.4564418854383251,0.06745861738155214,0.30851367059974694,0.07537514585533012,0.2595051732657011,0.07120626127489549,0.22340361466583916,0.07291887702096043,0.36969815601859757,0.079244071656491,0.2830500612205891,0.07612203574417957,0.24281311514564963,0.0726728641335198,0.22472740361530924,0.04873086883091154,0.6454645020294254,0.05679275408873178,0.36060333628163577,0.06001390535959604,0.28074787511758775,0.06392730500652714,0.22208281815366201,0.06039543447256383,0.5005163246236373,0.0636128755429978,0.35776975489646545,0.06905647912133121,0.26504395398682057,0.07419123386414225,0.2267708645955825,0.06405084189103964,0.4696853327460437,0.06846464619197849,0.30771047655107386,0.07679689434509528,0.25482010225818036,0.07322732628228588,0.22860950650183315,0.06440009946611269,0.3708364833358878,0.07509588478159808,0.28702270276687214,0.07427160671103908,0.2473575434169012,0.07091177539380333,0.22803971026914716
2021-10,-0.02388671463929457,0.5940528137090205,-0.026205731021171817,0.32855724869604114,-0.004303316268077249,0.22111402724059112,-0.0033377188064147452,0.19108387436131874,-0.03622765529727486,0.44820514572949666,-0.01682202973810461,0.3196381727180002,-0.001460205112490931,0.23239310847685984,-0.005306694311878357,0.1851290792182974,-0.01109450179949604,0.4282197600201465,0.0009066267806711016,0.27111548655300655,0.003743805485860634,0.22828938716782854,-0.004617515975931023,0.17507776975423484,0.0051842178752986275,0.391958285386367,0.0020813442914540087,0.27372274337312136,-9.042814049696533e-05,0.2170989720258549,-0.007597656183563894,0.17226166141479882,-0.021165669460570146,0.594622114508454,-0.027177483532197733,0.32429226387593846,-0.005549942053086082,0.2260490521498692,-0.0021884171436567785,0.18839505996348388,-0.03335881083746199,0.452503118299484,-0.011903532098898018,0.3304934714456801,0.003272157499109464,0.22476755257636677,-0.002246873910607889,0.19174522177164144,-0.012723935243609022,0.42378757329376743,0.0006917352327800402,0.2753455820336335,0.006497782701111358,0.22850003921815265,-0.0028112382979605306,0.17770108710915317,0.012850363957657015,0.3945599032805568,0.006199106061984731,0.2841649877127421,0.0018598207203058997,0.22397066760194057,-0.006222491664964569,0.17520417283814932,0.028513765582809922,0.6025233610725488,0.01983713272395734,0.33239589615825715,0.03532563167689924,0.2376969078393248,0.033824403257746216,0.20090172215756644,0.02928416303226364,0.45003249433922704,0.03632900268777218,0.32736339077304555,0.04697661158226029,0.24261536161238445,0.03991849833149951,0.19509223751057597,0.051617325172273375,0.40062531120704586,0.05256147755497581,0.2721073037723644,0.051866755724723476,0.23194527176332583,0.045402208325066154,0.187241078807536,0.05688117416064455,0.3814022195067167,0.04714436419966203,0.2596192497509128,0.05052065001412423,0.2181126577154529,0.04222849644250901,0.1877607572966823,0.029201587993615392,0.6163396962016203,0.021242201102110364,0.33810746290622584,0.03769879012547588,0.24435144517185603,0.03586758239703836,0.20314863588822973,0.027208566343692807,0.46990671769442666,0.03598011464291375,0.32631331384277396,0.04674296190047081,0.2421630028731105,0.039437742168228374,0.19670396856431036,0.05072303700433127,0.41694170599864266,0.05332609309788698,0.27743501779388957,0.05229617152366941,0.23361659622544678,0.04557844217023341,0.1865947256569454,0.05779157928480747,0.38450838722129843,0.04582761868077096,0.2576821838178005,0.047717867059596214,0.21787782500153793,0.03938477902184661,0.1864268089333882
2021-11,-0.016265848881797686,0.6206081519300714,-0.015667404939055777,0.34730153221478965,-0.01915264767505808,0.25799292766595505,-0.01854365766405586,0.19814043263750786,-0.013175773353343502,0.5000284904192105,-0.018952671703528674,0.3492491621239935,-0.018975999704055436,0.2536728582268365,-0.015254351052327272,0.20388213966954372,-0.013168857655090294,0.3645131685369942,-0.018684798994253585,0.29693784844832005,-0.010142321688980474,0.22639108509413466,-0.00868905660936546,0.19016737626678729,-0.011334632346566793,0.3685945852571858,-0.008842758486358673,0.264162096602849,-0.006316784439378203,0.21408501458747126,-0.006469264979037929,0.17600580201953603,-0.0050982730497072925,0.6429222831523866,-0.010139939238995348,0.3432505609362777,-0.0166408455483825,0.25458258523993305,-0.018677350658138518,0.1957517916718792,-0.012406871856338039,0.5262763018995396,-0.016777329118968287,0.36192658102541486,-0.01574946395711585,0.2550185938102917,-0.014880788277932445,0.2063058622877216,-0.012231706710103537,0.3928584272757411,-0.01698855433327798,0.30678931907110973,-0.00895529273935463,0.23319042178210408,-0.007101153868960219,0.19575262749678485,-0.014079616370725904,0.3875395030171477,-0.010662217008058679,0.2807205530307465,-0.005942257636784958,0.21607282500961844,-0.006183899789549063,0.1761615303009048,0.037369556947386945,0.6069080264878859,0.042361124315467895,0.3355791191685407,0.03846634869416056,0.2718060203563194,0.04112653768981647,0.2149033331296844,0.06401226294134404,0.43523341820420025,0.05033397889407502,0.3323720334333746,0.04262012700565837,0.2570084222702856,0.03779749283763365,0.2071958515587609,0.06393890298858948,0.38912517063113583,0.056448122954189286,0.2971802161170269,0.04464545236972011,0.2467568237392621,0.04749544290520071,0.2105230679338127,0.0532246748698634,0.3548324660345013,0.04087132336505024,0.2536178948628106,0.046293569462096784,0.2277549918110219,0.04799475005301783,0.1923171498576959,0.03593608205812494,0.6391147705639884,0.04408744187293442,0.3428460395312778,0.039836633469737114,0.2749357602498113,0.040970689932045,0.22004169337126267,0.06835385803029564,0.4499595061923358,0.05647864796377196,0.34722025544842233,0.047135155092416614,0.26511715225279486,0.0399048771968536,0.21387251918091132,0.0644416186239128,0.3911569478342331,0.06000661365359435,0.30553980793862723,0.04914747240987869,0.25603295921833114,0.051199996526007166,0.21089470441843655,0.04749325536104271,0.3609875293527569,0.03637123242407013,0.2684718786301572,0.04581285819948634,0.23168742391365438,0.04794302042351931,0.19224205600181205
2021-12,0.05642164111389578,0.6160867207266078,0.06453843319058747,0.35697175736117703,0.06331704775391563,0.2625135106333491,0.05993250106189084,0.2212739911149863,0.07356430891366271,0.5782680537332134,0.07095466985179574,0.3585753312761193,0.06699678526443922,0.27180135876986683,0.06892134154314884,0.22241902165360938,0.0785303227958518,0.4417543467825015,0.07511988056870575,0.32284357512137907,0.07371794755401992,0.26004436172416245,0.07578682708650089,0.22923548144541242,0.08225185653567203,0.4344271004479079,0.08423066319690115,0.3031164186651721,0.082518418769391,0.25190522619271954,0.08428399015581997,0.21508222788861384,0.062464514319645864,0.6148136082176641,0.06827157193282998,0.3675944890110246,0.06284607695605478,0.2675116340916569,0.05641348592859114,0.22589470721638696,0.08926553880865282,0.5919496222614083,0.07853939188629568,0.35641583994471515,0.07135001823416343,0.27644146114842233,0.0724796081697761,0.22214546595007062,0.07717003300348542,0.4014426462664683,0.0765503085184345,0.32624560541642805,0.07191969893531097,0.24743544882047927,0.07445580165027303,0.22137111465202347,0.08039698225519441,0.4433482382109246,0.08351143384498184,0.29806302111606364,0.07922267843150442,0.251984464284305,0.0823909328460514,0.2145012200447298,0.1815443950619265,0.5901362375770998,0.2234764411113669,0.3502291624125637,0.1941007420904229,0.25352401450837525,0.20977381747134705,0.22362953893742257,0.21198938938503892,0.438455930646936,0.20072132420423164,0.34167040633719126,0.19592942755763046,0.2622822780705596,0.19202745544425284,0.22575067770084045,0.18517353403212392,0.38794936347230324,0.2122491926778492,0.31872185929841224,0.19129425095964608,0.2598145901022802,0.1978637948875,0.23326164762089865,0.21805430905476902,0.3619858424474754,0.1939283923303425,0.2762560082298292,0.18297362119217944,0.23644311584664537,0.19578343160376122,0.2143075148336263,0.16750578461816243,0.5890196973117805,0.22548732814668224,0.36166174661449224,0.1932944966909002,0.2607980948941433,0.20890061609607144,0.2341009580753966,0.2077082840079259,0.4567146288173214,0.19665556006080898,0.3387546912839227,0.19124605627461772,0.2630863547617363,0.18692062654386626,0.22817962539462294,0.181740554658941,0.3964952522912997,0.21236401343667083,0.31559290449782473,0.18836061046453242,0.2594473405219083,0.19582231531864644,0.23611254139389262,0.2191955525411238,0.36794178671897426,0.1961530379216532,0.27820532168845674,0.1830404098998512,0.24685205433970664,0.19575546273945546,0.21918440294086505
2022-01,0.003514264374041439,0.6038367445846793,0.0030357208708734836,0.34511012391496465,0.015946679782615606,0.23308882423281574,0.01642549602153905,0.18930328826372605,-0.0036673622738296395,0.5218480268019348,0.009525640574869494,0.33064105097398316,0.020115731592489812,0.22442023701139913,0.02310097671407954,0.18211126419034473,0.0234763156200395,0.3712107504706145,0.02355058469703781,0.2668970766423665,0.02373225154204191,0.21134070806581712,0.020976101696618538,0.1823621215624796,0.020741610485675067,0.34718955821841824,0.016002821480558774,0.23406348871698587,0.0151663170025973,0.1945681091310477,0.008847767542719074,0.17282429772705377,0.01012120084080824,0.5916110907773418,0.001337226083747665,0.35626254600199525,0.013360176635667149,0.2365717948299202,0.015038840533764995,0.19056467142725547,-0.0023767084942232187,0.504700013256355,0.00823739352349646,0.32483487799261546,0.017426044004661044,0.21834276876925535,0.02056755496589245,0.18908094491891986,0.022189757805424534,0.37649076036167894,0.02217904749466671,0.28120471378742073,0.023516200647885094,0.21278198692868106,0.021220945946892753,0.18090994432960336,0.025542299581645667,0.37389817080947946,0.015760786366518675,0.23842786713655545,0.01597675210825765,0.20357971794147123,0.009909714683184696,0.1788203696541018,0.018546574202811045,0.5715422333280569,0.0378893751543666,0.3676427779363597,0.04028758082667006,0.27466771953651403,0.04206512281193517,0.25084073853649347,0.035229642885107895,0.4752327489530002,0.04548854785444172,0.3449749797881474,0.04528997223144412,0.2645341720581573,0.04764225796586331,0.24209957639058166,0.03059880128262696,0.46122909208665086,0.03816881834540582,0.31185116011366776,0.03889566814040847,0.2568813348879466,0.04252024648050153,0.24000302891263303,0.024212270958751933,0.3729403609496531,0.03813865382139035,0.2799261690217224,0.04121674568663875,0.23650909325558156,0.04217067048687687,0.24092537964656732,0.021288744085215708,0.5921132770181863,0.03872218686403012,0.3842190852933933,0.03804177963649147,0.2816520226338655,0.041748387127720436,0.2559472626296135,0.038468028612109254,0.4897107951383357,0.0454654710423044,0.35144275396524083,0.04399097200878797,0.2714389805459737,0.046396857132175326,0.24069368330266716,0.02977769437282666,0.4536187591150612,0.038758243342355475,0.3263257540613938,0.041279983565856375,0.2674634469690634,0.04521213170944516,0.247783686430587,0.02886889652006497,0.38692560382591834,0.04149681687029114,0.2839881405800665,0.04303712586391437,0.24681101039368006,0.04238042229337682,0.24298994334790017
2022-02,-0.11051351442930553,0.6309940459353267,-0.09240114714206794,0.33497521477684106,-0.08885684307505462,0.2502212220380955,-0.08843960251066238,0.2006467359006711,-0.08910400090273993,0.4577078379207493,-0.0831398922609898,0.35654185613486067,-0.08488113904581383,0.23603447105944592,-0.08166759210927617,0.1987150507389664,-0.08833067522640588,0.3931355208649534,-0.07887458581124941,0.2640315058158024,-0.07771739168209785,0.21350474196453545,-0.07744496026581983,0.1771440837235709,-0.08798667627338456,0.3280410801645371,-0.07790073609211397,0.2545491077523978,-0.0765908518843191,0.19946144734771976,-0.07565392013735872,0.16550821788898926,-0.10362385671548326,0.6276458647436326,-0.09098474222199149,0.34063891221700804,-0.0888644151406776,0.251220625602839,-0.09145054931926465,0.20825251956263013,-0.08886249583249811,0.4913378045302586,-0.08682635032825206,0.35001005510306227,-0.08720065130582756,0.23811318592061936,-0.08472597415908502,0.19207869975350272,-0.08702939307880131,0.4344627920410572,-0.0794628519603523,0.2913177596353994,-0.0792750805878885,0.23255024308505456,-0.07880830519674938,0.17953561100847182,-0.08739647142191799,0.36270743947663997,-0.07667442025046418,0.2519773020565892,-0.07335141033400762,0.2050686288503902,-0.07360604651409085,0.17021257563977357,-0.1498106441773695,0.6299165961781518,-0.12424159580233257,0.3380272908056777,-0.12010060067710822,0.27813010099910745,-0.11404559815081312,0.22081149293222518,-0.1362577354210516,0.46825241183678556,-0.12001077652259486,0.354209818884324,-0.1143800444570379,0.2572554750117148,-0.11064972171459377,0.21219576361288328,-0.13917782903078402,0.4460155626816444,-0.11555466281367559,0.2742106293992,-0.11228191878386375,0.23816308562665517,-0.1078314430538735,0.19339404074698477,-0.12904704073624088,0.3577825623224806,-0.11268084988266294,0.2594479525315301,-0.1087763985563765,0.2161377270269425,-0.10864125880699832,0.1957073632105069,-0.14266679911262176,0.6308053957875955,-0.11949896979114964,0.3472602760185867,-0.1168758446039412,0.2754505670623594,-0.11338925643407949,0.21931271252076917,-0.13689551331258934,0.48240642104078535,-0.11776822905725756,0.36271892956267,-0.11232120814129967,0.2634874762412531,-0.11037492980481566,0.21481456135791893,-0.13497228911799025,0.4648910110699341,-0.11349176776183366,0.285668596295002,-0.1084578826872052,0.2449888430271136,-0.1059445138937274,0.20006743704349497,-0.12621474515107103,0.36801280831573624,-0.11137792454530121,0.26203999549870904,-0.10492317196551555,0.21879285710957136,-0.10680486629209839,0.19659751744559684
2022-03,0.10124834226266123,0.6484378578466774,0.09438266110528036,0.3395585383938934,0.08704851802084043,0.23114605850319347,0.090946415618001,0.18682215681234984,0.08926943022901168,0.4499853395196748,0.08894813574689558,0.33425019398565115,0.09533925467098475,0.2347980311432557,0.09391425947030663,0.1875078888631214,0.1046524863999545,0.413300320878891,0.10961222800933353,0.30868020251672934,0.10145778810900313,0.2287846016403487,0.09290288270837552,0.1937317200700735,0.11712688723541588,0.33449970568754206,0.10619768273140678,0.24863722852070724,0.09430265751308553,0.20571331609475274,0.08554014023826331,0.18861156652787275,0.100697630156432,0.6200618184264628,0.08961389062548397,0.34176639137608605,0.08129313472753097,0.24729336587733897,0.08518680986077241,0.20386205894658505,0.09604222514294918,0.4607972965497627,0.09443834668283481,0.3334465593119236,0.09744030197183816,0.23736123443131335,0.09526134832031571,0.18918714631054362,0.10593077311549208,0.3990307192070155,0.10718504234684899,0.2966934566192323,0.09635928723001916,0.22437212751854718,0.09071444794615227,0.18656540204834587,0.11681804813267324,0.34503749187594907,0.10439588599011479,0.24665608431112973,0.0944042814273395,0.21288675196737916,0.08499447335132526,0.1904772549180047,0.04604793215977274,0.6135933931484354,0.05373612512720465,0.35351896409088285,0.053634532159716114,0.2679493456768468,0.056668697730457865,0.21201250613078185,0.058518617652910394,0.4644081024961481,0.05908465699857208,0.3313682242429364,0.06144001896539354,0.2468358344668275,0.05979110153535244,0.20983637155231455,0.05386748710330224,0.3913098030608099,0.06640005667019575,0.27196496731229164,0.06415213018354247,0.24205261611054268,0.060220614302988966,0.2122758644799131,0.0748837437744622,0.33128498605443835,0.07340946488405847,0.28483967654793935,0.07002010908049172,0.23091479248633295,0.06476155485110052,0.20552766107352047,0.042387595452046956,0.6299829584953813,0.051749674735699074,0.36101707757040646,0.051871727543239564,0.287179789478346,0.056896394413022786,0.2161809751486918,0.054307024711330025,0.4738833074282941,0.05789839637763479,0.33613131758709064,0.05837362802850237,0.24822876153418252,0.05748708125588636,0.2088208385454567,0.05695773941186773,0.3939219389082492,0.06514832884092128,0.27849577425425676,0.06386135625365888,0.25242996537431306,0.06129645122559108,0.21168107877303124,0.07558690803375798,0.34970492786010354,0.07214210802572114,0.29578506302916163,0.06795543655572063,0.2423678441766715,0.06213477357167981,0.20972915506686146
2022-04,0.04024277787383537,0.5989035342259241,0.016518188883168708,0.32899121872191556,0.013444734879722007,0.2256242960232122,0.023667585282483042,0.18769542668096084,0.012668892764404471,0.4830806196810895,0.005007317441841757,0.32033518883203793,0.016172364048981386,0.22867464489566078,0.02752446807071832,0.1879312225881557,0.01065702842064385,0.38728187204256254,0.015715674066728896,0.27020246482636934,0.02699458885518702,0.2214817975192608,0.035870720077592615,0.17664321377747252,0.02225149862706862,0.3521336212291228,0.016358557887267988,0.23746080459231506,0.022317384737941905,0.200084280199473,0.027683229462516678,0.16366476534402408,0.04622086119225334,0.5907317110324095,0.0225130537397724,0.33492067219755184,0.016609249532294063,0.23142182431981062,0.02461190089122172,0.19985424404918775,0.011324657068731772,0.46331472399943924,0.002730974799832083,0.32276840378790156,0.013176223823509768,0.24064804741818352,0.02629873194015011,0.19891730450857248,0.011396738138393184,0.4078209784445629,0.01720396685689958,0.27401804154211196,0.025423145802218057,0.22284779452123826,0.036697917605467124,0.18759719627918317,0.019160669293420064,0.3665191720258648,0.014951733669673417,0.22310875689149284,0.021890809507638637,0.19673846297323222,0.027637420242823483,0.1661072979814687,0.07381506717172508,0.6201301834789387,0.06782979915027357,0.3498593020058012,0.07087724504816938,0.25252788090881806,0.07310771995301601,0.21447639482358427,0.05185823487137336,0.4053843629167978,0.05598247243536531,0.308994929504796,0.06397152670532412,0.23910768470936594,0.06675008443376064,0.2023361750435976,0.06383120999378182,0.39225153727926076,0.06434465130601377,0.27656676642842126,0.07054221888227645,0.2263024191718921,0.0710698613157467,0.19679184104790526,0.06318199180922264,0.3321678123967201,0.06581293329766509,0.25295066797274096,0.06667585099353635,0.22764165029196132,0.06596847582956424,0.1890759837723393,0.07432208856073033,0.6256942653036315,0.06704396116074661,0.3602017137096314,0.06937002466174252,0.2496807945926282,0.07082843139046281,0.21902405548710152,0.05233679766187507,0.4157301282601551,0.05720233089476173,0.3123302760136577,0.06367373022323819,0.24317810810857066,0.06705403274799158,0.20834972443843888,0.06279235604574752,0.36249950753890225,0.0638246062606092,0.2724666172221134,0.0683957549522082,0.22297458118245617,0.0689901975083941,0.20145960736536478,0.06534088418929286,0.3385726583247932,0.06666837950834491,0.25166604586124147,0.06644895673914343,0.22682555716585467,0.06525327057056687,0.18820272326514342
2022-05,-0.10580699840405967,0.5297195421931906,-0.09943389713530021,0.32371744945574416,-0.10054736097463765,0.23526523671783145,-0.1093770619759114,0.18666519707422463,-0.09226294003920546,0.4750327091044453,-0.09637223856341859,0.3187922526318769,-0.10337573989838401,0.22614557461600165,-0.10793770817526772,0.20352562321485868,-0.0909820857718561,0.42954758438298934,-0.10309194350076505,0.2840709722881178,-0.10572403227742405,0.25750138371082687,-0.11034603342038368,0.1998450366815766,-0.10845709097204857,0.32768911421075675,-0.10730862644232991,0.24145055657922737,-0.11113760697068109,0.21555473472417747,-0.11404575886954608,0.1924919433775269,-0.11433681470592219,0.5405599254420164,-0.10477212601865195,0.3303500073506177,-0.10400161330376959,0.23567593780621948,-0.11069011692212864,0.1998699058053106,-0.09609514588257875,0.517322876605157,-0.10223657593077756,0.31017243450632803,-0.10638925039548891,0.22085270453394212,-0.10960794731123719,0.19968522814413892,-0.09517306452769488,0.42636973975305154,-0.10553725867145097,0.2762223422806309,-0.10731038655900858,0.25445800577779953,-0.10930829938658171,0.19542460087845234,-0.11851600834392316,0.332796811367981,-0.11059135628774792,0.2409622294176747,-0.11290277183944787,0.21531753138522647,-0.11520570246983812,0.1896678404847593,-0.10846058746465746,0.642214245133262,-0.10908837383297665,0.35431032523737804,-0.10816166109513141,0.2660136615615094,-0.11333353878021915,0.21943321697500656,-0.10672468815160606,0.4406663457348486,-0.11041739745947403,0.3167845737884604,-0.11437940976483428,0.2562537581269985,-0.11763162060390658,0.22087099498803853,-0.10658303753282154,0.40275830715218935,-0.11166174161165032,0.2891662774545589,-0.11582549538211313,0.24865270376822743,-0.11735432363700403,0.21323423173478653,-0.12077882110788891,0.33715817531013503,-0.12200801155762162,0.2614246621551391,-0.12410515536263628,0.22255072526658196,-0.12281318887898472,0.20538531343450467,-0.11128718449139488,0.6443856608103259,-0.11103356278853783,0.3579949588327713,-0.10875470964805023,0.27336708751800165,-0.11285486419735266,0.22914913083012492,-0.11651045390769826,0.4486836949457828,-0.11323931640191205,0.3145452955019155,-0.11510876251264308,0.25188026311785316,-0.11714984385895785,0.223168072955298,-0.114997194955536,0.38839605170925157,-0.11501823193957653,0.2863731178916929,-0.11719026561639873,0.24459675045287527,-0.117997670944948,0.2094903020567072,-0.12658212501576172,0.34731693618122567,-0.12563727517432333,0.26462588171636825,-0.12589027899244143,0.2256903147369187,-0.1238007354725302,0.20726411439941267
2022-06,-0.06396468357928255,0.5928306187267833,-0.07052496477832322,0.349996014927146,-0.0711877596084016,0.2461995345364381,-0.07259434304813521,0.18572379713851328,-0.07141454766660248,0.5174743773508332,-0.07653804990814579,0.34104351747122547,-0.07663379254229574,0.21887547235922467,-0.07590020981945918,0.19359913882639532,-0.06955384584081563,0.42671563348994157,-0.07811027866866235,0.263477827919298,-0.07744634454502114,0.2211351578790685,-0.07660815026965162,0.17917581772982533,-0.08718279388763195,0.3443745922015622,-0.08360155452442397,0.23624474789577612,-0.0831439827784445,0.2035619309802667,-0.07888286619887155,0.17392435039904725,-0.07118512032323376,0.6003338211900193,-0.07594188826420792,0.36984557800391216,-0.07438073972679232,0.2320384043315915,-0.07534010128097728,0.18914703067523486,-0.08180033505859895,0.5288599959214422,-0.08087543994933136,0.33772718983809147,-0.08237627484626266,0.22162809646172701,-0.08042573272996507,0.19520676557931035,-0.07854549702980626,0.40184933593124705,-0.08227107044585152,0.26612467181084865,-0.07987058365329798,0.21663241044117162,-0.07876468143263816,0.17764259134910632,-0.09116056318577734,0.3567246618447563,-0.08521926676420992,0.25267121931769465,-0.08459819653154946,0.20653306237238456,-0.08116519963508267,0.17755602698132225,-0.05456425224436084,0.5945214108840531,-0.06277122206177636,0.33459195926857327,-0.0627511874182318,0.2435012097099808,-0.06729099393871416,0.1932621437876279,-0.06661255817676791,0.4442751312198176,-0.0659666211676288,0.3228703961393226,-0.0662388455016735,0.22528382245638276,-0.0686198848591599,0.19948629857372646,-0.0661858960509316,0.36350169896719187,-0.07021704957181751,0.2515005524731835,-0.06909588507807934,0.2094218050288012,-0.07090236104827527,0.18654139670526737,-0.0766736649988098,0.31025778306738017,-0.0751130040937436,0.22404778434715628,-0.07286269447062341,0.20177945905372463,-0.07060717408931898,0.19233220583796767,-0.05141629023714531,0.6032157044562383,-0.058894335117480254,0.33785823142998495,-0.05902228469669052,0.2450964822239764,-0.06476294603220319,0.20055323604135472,-0.06487395949548577,0.48638755141334183,-0.06593297061558022,0.33048239888740644,-0.06735486406499579,0.2316929756156741,-0.06969801986399654,0.20414987860349587,-0.06385992617117438,0.35197669231364054,-0.06865324724874111,0.25784210908099636,-0.06790513275811792,0.21359039576012484,-0.06971394113512797,0.18934733201237372,-0.07307996920493426,0.31183239748761127,-0.0717436794852728,0.22996361256079176,-0.07109871821041806,0.20423559582624207,-0.06897526682091229,0.19324523494206441
2022-07,0.10197374274719949,0.5998580020912606,0.09707853715357573,0.3411554757607802,0.09355193417499888,0.2525878840107362,0.09437655361936062,0.20130493532076277,0.10693131211270401,0.4755233686080812,0.09410876598375935,0.33050565196203974,0.09340282873398945,0.2209188647271445,0.09513298759224076,0.18142248388943594,0.09278752483365185,0.4497340935366581,0.08965581108802968,0.2659610264962924,0.09652560359364479,0.2088644545925002,0.10101140004784152,0.18517523982362885,0.09703602259546915,0.3626854836738589,0.10214041583848042,0.25173279121653236,0.10541458764119828,0.2096330783107096,0.10463237003142223,0.18883436486318017,0.10664181592246723,0.6067845052967853,0.09816281154174018,0.3565077341547075,0.09517919321841904,0.2656581317012272,0.09491336667649003,0.20743870106436002,0.09974372740317672,0.5316635114057235,0.09126453201797455,0.34720277157770396,0.0893455497788619,0.23606797531835827,0.09245393332510704,0.19055921446425184,0.09101184887321824,0.44428525625161663,0.08920214092826403,0.27224739949640286,0.09612059340620428,0.21607795458476722,0.09865611979685222,0.1869502039330645,0.09863523491040671,0.37939798834003247,0.10158426195817498,0.25621236664879604,0.10678041435584988,0.2140246010538734,0.10798786120104037,0.1856844454734543,0.0889169607067157,0.5866652976417503,0.07573790509493794,0.3311698940982093,0.07330356784848202,0.24304515156866052,0.0718836439443398,0.19506794177791575,0.06886042991103694,0.48982888463369845,0.0619532724509538,0.334642242582636,0.06157689481038433,0.23430767108472625,0.06509416386912482,0.19216682335578997,0.06743952444553025,0.37401892075300514,0.06213842693700286,0.2383242147904691,0.06317028507199061,0.21609118096359964,0.06767063253001024,0.1753002145676506,0.07165052073415136,0.3544070482491184,0.06741243100892647,0.23466459778456017,0.06871570982283458,0.19416135423339848,0.0722339757546114,0.18785275577314817,0.08766383864518269,0.5999405636767849,0.07156720416630459,0.3262502718003749,0.07147596274036708,0.24472213237184115,0.06941437061945278,0.19957351868518022,0.06618423680874297,0.5067711318619585,0.0574008892882264,0.33298441124760103,0.06033589808283959,0.2376820543118506,0.06343331065066554,0.19669965351648158,0.06346695688154466,0.36759339013813264,0.05885593453799511,0.2420801407755947,0.06258536956076458,0.21861067291924038,0.06652263795856639,0.17581260486651917,0.06611641797956946,0.347727733917513,0.06392309886375111,0.23001112105791222,0.06641842199258477,0.194582109016323,0.07038072269513565,0.18681510631078263
2022-08,0.060319642970775876,0.6081314114050762,0.0668328513040077,0.34867471311796316,0.06353761928842926,0.2706225350207597,0.0607399270401228,0.2191673626006005,0.06540494569072154,0.40912877679633214,0.05784846215535931,0.31427753592729113,0.06146961421225686,0.2429586173717175,0.06349955274264796,0.20015481591500775,0.05170609284318229,0.3925879492181182,0.048454985110229276,0.286815584013475,0.056791107716159174,0.23463271788285373,0.06257758191992706,0.20015450200619705,0.04875287359806769,0.3695160883872002,0.05511211383271204,0.26685968347546923,0.06137210569743902,0.22791180477860717,0.0651302729366367,0.19849598963384746,0.059149694630295145,0.6595503635033629,0.06679565907543372,0.3529813111089367,0.06528352236949685,0.26968834456226354,0.06289971637164694,0.2144264662993728,0.06793250394612865,0.4580174544832209,0.05980098242928128,0.3145814954405527,0.06432057452705588,0.23652362626003257,0.06398982839080566,0.20089660557175942,0.04713184065985205,0.38411037361954875,0.04484451244131252,0.2977731289263652,0.0552042938302256,0.23794081630115993,0.05985375785544277,0.2024677199696122,0.050162303640313,0.38274345788051956,0.05422469938844746,0.2676845377660706,0.06303083983220376,0.23121825723705852,0.06506182054461938,0.1979710294196262,0.07869619170063462,0.5841949532875459,0.08188505614222176,0.343587333591289,0.07375486364079697,0.2664786737696801,0.07427188970681255,0.21202874001916955,0.09173328727986875,0.4823953992447547,0.07516432979889676,0.3213939931922002,0.0699045874713423,0.24275086317198102,0.0679040949285708,0.20425576061152886,0.07215434541684695,0.3709122350953269,0.06925557428584865,0.2553839939679358,0.06636113483496295,0.2350085492379998,0.06535637386098254,0.19686269128167178,0.07182061263817821,0.3564596547651889,0.07055477960298512,0.24387366718308578,0.06581681484327606,0.2075450262257547,0.06573793692097125,0.18980646869848378,0.08405522581437655,0.5961924319362106,0.08679394987719263,0.34491922067380854,0.07874168747250493,0.26625429005266954,0.0780305400809432,0.21543216837261311,0.0941725567190291,0.5130835800621117,0.07908757380064864,0.32421890636600365,0.07310538205716562,0.24914280953242512,0.07172960180577843,0.21044694370017586,0.06852211474732513,0.3819229890084709,0.06823048991428854,0.25198762778785894,0.06519417327329366,0.23634088293589595,0.06537498149343944,0.19711748891966055,0.06797590015004416,0.3611419596489208,0.06755283820405532,0.244268081098039,0.06494068405652327,0.2095826153642476,0.06509286720631997,0.18831171297390364
2022-09,7.111004423312182e-05,0.5624085020335008,-0.0030248722836659363,0.3227944769735356,-0.007922699458024941,0.24588981007790173,-0.011832726327745208,0.20614648216811016,-0.0110905374828634,0.45397329267329095,-0.014886031343411306,0.32287043442307556,-0.01860456267861149,0.23078431701120428,-0.01759380373259421,0.19165155172246662,-0.014164927806529103,0.42169813206282164,-0.015750528084919613,0.2937162397403295,-0.014242102916583102,0.21716746833245748,-0.018124743944042943,0.19239816447351477,-0.00989653363959837,0.37941045501441706,-0.01424634365395701,0.2760265487238007,-0.019832560630156336,0.21609835212693504,-0.023536366933900058,0.1965173709792139,-0.000506024189905305,0.6047491670213605,-0.008391437104337153,0.3300458644145484,-0.01086945138352672,0.24393354308473442,-0.01407429039832823,0.2021257777134904,-0.008288434458738095,0.4347379738299447,-0.012625593932229236,0.33724097668206654,-0.016583821907035494,0.2366387413461838,-0.01583539583648504,0.19476396329125842,-0.007265084622383412,0.4135794737871981,-0.013917770088419781,0.28632447263521055,-0.01426522596337092,0.21734756373162853,-0.018207817649724806,0.18503724359871215,-0.007286608522666875,0.38364430182446024,-0.01397007194881814,0.27608267369746753,-0.019101673108224037,0.22305726417343386,-0.02325905923236292,0.1946362455660364,0.003971627029008914,0.550090798720184,-0.0010723909796305146,0.3243286889963133,-0.0018538553614085248,0.2315239953146985,-0.002616199005947747,0.19923867698036657,0.011585681872101905,0.46653423182530984,0.0002606384801711302,0.319463245800654,-0.0042091496687746525,0.24016248949576277,-0.005382160481777935,0.19921372445409105,0.0055228652738682415,0.392298964580321,-0.0033316679962781277,0.27632151151080137,-0.008098592259154455,0.22891851213499806,-0.008509888411070482,0.19500841674395217,-0.001559811092847443,0.3664208905037422,-0.010335462711267325,0.24952081725490857,-0.010482469412871424,0.20441374152902825,-0.011533407443690405,0.18984461072067818,0.008478351794885604,0.5584027629867185,0.0002574117010418202,0.3393730673728057,-0.0004603817075252713,0.23968425301144397,-0.0016538988096688621,0.20576854609392192,0.009455444765135906,0.4655068483058879,0.001088808734831784,0.33405734044644864,-0.003506982777653763,0.2452288643955755,-0.00475156670104445,0.20456863056793764,-0.0030049306038192943,0.37957005136151,-0.00912478968500049,0.2903999516761066,-0.010865526450913095,0.23148561494035916,-0.010826368367762495,0.20125795720395884,0.0013531017237621338,0.3646877387946864,-0.008962219763225213,0.2527307721991674,-0.011343808839869374,0.21206750629353907,-0.011986172053410363,0.19648177363377237
2022-10,0.034717718726718645,0.6101547434828051,0.0180235166400848,0.31630469057820254,0.007458669106389405,0.24563512035913904,0.011756753208214718,0.19307726450097937,0.0233924089629397,0.42948577424294654,0.01040477249894136,0.3196075721426992,0.007441809829936934,0.24283763303401693,0.011455148143228117,0.2029564536431232,0.004300339389098777,0.3830386178667442,-0.0028394217678039354,0.30508674833967797,0.002370051699670872,0.23141500568843854,0.004274301230287276,0.1801414528868876,0.015674298611912323,0.3701422702699112,0.008620694472199443,0.2742361211409897,0.007011589310588169,0.2066082614051456,0.00838542812474871,0.16728815667579444,0.02410875175545188,0.591823870077382,0.01538460761294735,0.32090930713999477,0.008525856075518212,0.24539057082700444,0.011582259140013653,0.19783114676119057,0.01635178445361038,0.4259831085087144,0.008199585484843492,0.3364272989250576,0.006554808494536462,0.24460223668449235,0.010432384042604952,0.20522236039617517,-0.0016329408863271573,0.4029418689701677,-0.005993327037665355,0.30977159377962504,0.00023809617064428118,0.2347612287976875,0.0025708800584332233,0.18441206574441005,0.014622500842380379,0.4002006151595948,0.008089921205590008,0.2773164396372908,0.00676882091084929,0.2088930132048814,0.008702862888981741,0.17564529349539182,0.021093251953927958,0.6191245022407992,0.021247304696683875,0.3167598518997174,0.011558494402366488,0.257597745795726,0.01270698741647853,0.20585281295500882,0.026004423332663163,0.46899816480557455,0.016637080741934575,0.33227668405630495,0.014098570534999043,0.2485110098849279,0.012538913207987824,0.20229679866372569,0.01444220536916678,0.45971031180076305,0.011982722905924142,0.29347529111782017,0.009932845421261258,0.23860075600211778,0.007880750178331565,0.20315551621737077,0.01854395479207908,0.3656364113966194,0.015048904460562786,0.2472686806267228,0.011302356748311032,0.19843895237134657,0.01021773555429892,0.18014306216160753,0.01915837970729337,0.6093677914302772,0.02068726089205836,0.3236071786165043,0.012792213072994687,0.25442534687496143,0.011973111602261818,0.20445625118303612,0.02402093358114025,0.4537739090283558,0.014801540425077423,0.332920522555648,0.01186139460664741,0.24651784737185067,0.01086029613898581,0.20111830443366618,0.013808048965525484,0.4643668920615666,0.012312582160429126,0.30394498684178456,0.009600814474316552,0.2384383121124859,0.008775151997976714,0.20526133088600088,0.015116065499990007,0.35314468168650004,0.013147715547048458,0.24948902987219085,0.00924673646202109,0.19942556690466717,0.008367114489024847,0.18443624051289995
2022-11,0.0381316439799794,0.603023493854417,0.03498103495611196,0.32075833377012,0.03674944388591273,0.2317306409055669,0.03301671142759239,0.2001417092516084,0.04411008872249031,0.4592828754978931,0.03529387290612778,0.2967476818093683,0.03121569210295013,0.22518387193121014,0.027285722698347274,0.19446858165467107,0.031751382778339415,0.4057286888797644,0.025068910198409452,0.28175908274883643,0.019902166856380344,0.22485233326834447,0.021087433268227044,0.1760901629183504,0.021692122585369088,0.3640604216554366,0.019624834282431662,0.24474657661245314,0.020221571660796335,0.1873244176779576,0.019450524157506463,0.17169891889314648,0.028934846074325987,0.619995367917578,0.033178541848600425,0.3113285786619161,0.034797053313527795,0.22666119932153056,0.03287458352620628,0.19684731737273595,0.04192517688545668,0.48727016537360185,0.03529484469714119,0.3082989703936616,0.032164437678203255,0.22822907998205338,0.025666917019420785,0.19953202694919175,0.02612978583383014,0.4147794223459604,0.025155136282844992,0.25914041864508647,0.020303343747074057,0.2337409807890004,0.021577368708060433,0.1751977517739082,0.022409277982030726,0.37106580880216433,0.02068620119823396,0.2572088190684017,0.022594910269787508,0.1844610963171244,0.020740158835649426,0.17113956126324392,0.03324723627331491,0.5958978258987901,0.04039089296406179,0.31019539052996736,0.03334459473170277,0.23531656683808289,0.028041289130557506,0.19532897305498786,0.032762394461728614,0.4596866237178743,0.027530936110760112,0.31891762305220844,0.023003449395625996,0.23431058609469285,0.019461302352762635,0.19219785572700715,0.011113037393464366,0.4297003743356562,0.015544421546217595,0.27886214088988553,0.012229820921529504,0.23054113538615814,0.012676656181695124,0.18783238266428456,0.011023433611467914,0.3561676234307991,0.012066263398849236,0.24635513623742505,0.015103954092269497,0.19759306964358353,0.015443678364021463,0.17698565418984596,0.0246265610995451,0.604768150989363,0.036062544869901486,0.308320168329375,0.03146269793111679,0.23556821535734124,0.026320122478371125,0.1953859862128991,0.03549101896846679,0.48363482612207487,0.03048102340743788,0.32371751914386004,0.02543497905936606,0.23582298019752362,0.021934941379750054,0.1917846532123305,0.01168565400294253,0.4290176221044688,0.01623309074272636,0.2802389261760858,0.013820619076842166,0.22948098998836988,0.013649313580947888,0.18804423658795838,0.015757517998255605,0.35632400745396436,0.015257720941346241,0.25002994178144194,0.017251963433126585,0.20193581692784865,0.0170605520143017,0.17796932252084957
2022-12,-0.022768231749915876,0.578097081182662,-0.02933258944044167,0.3289965403167956,-0.027688740993325817,0.24778031627514302,-0.028197986985888712,0.19537489801151664,-0.021663490210328467,0.4721429231755736,-0.02695486008801878,0.3183316574508019,-0.02481180585141052,0.2389984847797284,-0.027786690412115546,0.1929917693839086,-0.03334211222438613,0.40691416843719197,-0.02929892941333373,0.2813896208799891,-0.02911207915359551,0.22568687919772884,-0.028567032051231518,0.1817521342917857,-0.039046832591681006,0.38805636588301223,-0.04127305608538674,0.24948317230235226,-0.038579625282669006,0.1965735122910075,-0.03829892180525743,0.17048022872398644,-0.018974943807304863,0.6038373125540103,-0.024431206591826266,0.3339981901732956,-0.02044486619817645,0.24701220942819518,-0.022336034522124754,0.19178888958097345,-0.023704326618756693,0.474117881455844,-0.025642307696428286,0.30950334195558765,-0.020897013425563566,0.23247010011134117,-0.024788489231139032,0.19099841539493648,-0.03523090016730077,0.4114173537831041,-0.03298560480584678,0.271622409081122,-0.03267375467460969,0.2215712840295817,-0.030181970132508913,0.18006278432628664,-0.03938708906774016,0.4056377918615538,-0.041453358493960785,0.2470881321160715,-0.03610688760642235,0.20850770008013542,-0.037205309244091364,0.1716865610426493,-0.015713174241738733,0.5758173998158085,-0.014788847831246383,0.332016714453976,-0.009421424915747512,0.2453652688787779,-0.007109589457327721,0.19951779334341546,-0.016390830805433576,0.47618791064007077,-0.01262367110484993,0.31975526368385604,-0.008126428140040809,0.2357064548746586,-0.008075363246565445,0.19628749624590502,-0.01797117894655685,0.4046439757182337,-0.011268604939975899,0.2887134888704692,-0.010801205411489049,0.22716403570618496,-0.009998332256442833,0.1881682456878061,-0.014243483257080872,0.3807549121856261,-0.014325872792129636,0.26010404016889277,-0.011324126224625263,0.20277042688373093,-0.009107733914839296,0.18027283927606894,-0.014129150836848884,0.5944194467110382,-0.012099411329746337,0.3328279686152733,-0.006165901210602427,0.24468875070067742,-0.005522531874255576,0.2010400079627373,-0.014915675538277943,0.4766711443571068,-0.010709386734989905,0.3155214993166997,-0.004492360215743719,0.23924919432108718,-0.006428437859663421,0.19604043554044726,-0.01692942124311848,0.41959906650347123,-0.01037505368799466,0.2870369214429724,-0.0096928665546013,0.22788704945757993,-0.00929813074536719,0.190822510997403,-0.01675995883359388,0.4071475970499848,-0.016153455212972047,0.268276467721711,-0.012051284556347457,0.2118801521000832,-0.009723881667121036,0.18656458837249973
2023-01,-0.03184680702754132,0.5870942953892082,-0.03497926408171727,0.3386721385329353,-0.03718053227894378,0.2310603761522574,-0.03977937967520223,0.1956764610411321,-0.044715246506293826,0.48159087399109635,-0.04546479798418798,0.32148323725730005,-0.049143928795360635,0.25571469698746524,-0.04669131109645336,0.19961310657248693,-0.04755569778543743,0.46993647164538227,-0.05845778739651902,0.30218450770724925,-0.05408184803675667,0.24190066397017146,-0.046942333029051944,0.1962073178828413,-0.06030694282740719,0.3481154608580445,-0.061811824987238306,0.2607027618565483,-0.053022309734988504,0.21767474067616444,-0.0499621402394493,0.1803669193192679,-0.03386138411935508,0.5780423197044395,-0.04325056478132544,0.3295217314626224,-0.043112162072729866,0.23924370638380013,-0.04342312826362358,0.1974652860725805,-0.041114275708700763,0.46651533973702564,-0.04750976430742198,0.30826838391160644,-0.050494136671508164,0.2571764317396057,-0.04701164386415581,0.19697668500538307,-0.04312381963141361,0.4965395765717233,-0.0561348366120729,0.3147126251456186,-0.054083075365035656,0.24224244392729904,-0.04768021493697676,0.1939427144701951,-0.05806095807229583,0.32810292628522464,-0.06212738610668037,0.25853021383849767,-0.05380332143781741,0.21977491523334414,-0.04965020663544754,0.1805536164016367,-0.0066527392844431335,0.5714264903081501,-0.010781783120601785,0.3151670632467257,-0.012203230864198146,0.23433322063658224,-0.016679823478621666,0.19702305382640883,-0.010951792391906202,0.4432192686155121,-0.015370600841617461,0.31939794549916795,-0.01824391682668854,0.24286214516067237,-0.0236407454044021,0.20158279134507318,-0.015393802755666285,0.43319611817800385,-0.02080774261213282,0.3052601078349073,-0.024112245120204816,0.24414597224305218,-0.027746710351743014,0.20062727853924375,-0.017113137967546183,0.3837685332582789,-0.023357664489628817,0.28245649450642973,-0.025996437322603885,0.22647791769790648,-0.02985167983662919,0.19223633831731002,-0.0007903388199681967,0.5924816619787525,-0.010150564935430794,0.3229936580413866,-0.012999229975674367,0.24552490524873394,-0.01735081140206694,0.198525092618281,-0.005673045942649321,0.4378748234837534,-0.01602711444242437,0.30718383485094997,-0.019769348901249734,0.244619919010799,-0.024673985998305246,0.198965335835186,-0.014672754229497868,0.44169264994338064,-0.020484380672692697,0.3026096125387322,-0.023542896131046643,0.2410307431183652,-0.027187333066615936,0.2007381325241375,-0.01738094201048571,0.39249061579679057,-0.025278279025462317,0.2717233853330575,-0.026339278219262588,0.22949071105064572,-0.029843604411759227,0.19401534144473073
2023-02,-0.0955529120157081,0.6003597008925279,-0.07994815509631704,0.3602931187991055,-0.07007566002976211,0.24491611222255083,-0.07414406716071738,0.19962966867035103,-0.0896658068175841,0.41774035140991833,-0.08516369913893153,0.33912809177567016,-0.08225781178515686,0.24162295595808503,-0.08118481029412096,0.19971638751690685,-0.09834034202247474,0.40608723591237117,-0.09542195637466618,0.2972978973765408,-0.0890823132577528,0.24783562481034627,-0.07880413298407536,0.206178413992396,-0.09688291906422634,0.3788903916925576,-0.09329835331685436,0.2804262840862154,-0.08187581892865134,0.22811480107073465,-0.07764645014103522,0.18550727571229436,-0.09216438634624512,0.6226962604716666,-0.08281275252834623,0.37099175325042144,-0.071220735120668,0.23977049308248355,-0.07639624954031693,0.20587673074137142,-0.08775788394876834,0.44639868882187833,-0.08120650591833084,0.350831943094441,-0.07765548477269385,0.24512252508163485,-0.07594873142133958,0.2017484312185936,-0.09884805072542496,0.4874810240183801,-0.09493837734153493,0.3226044263928952,-0.09137725511567305,0.252100283161952,-0.08088808985374199,0.21163913216168334,-0.09960604392916272,0.3996154936044749,-0.09586581487166516,0.29508028377231743,-0.08348297378642688,0.22775993333541952,-0.07862835213780543,0.1851053774160976,-0.07302923096260468,0.6008973387440004,-0.07067429043874256,0.3356445947830625,-0.0655014150543396,0.2362243101246934,-0.07358028185306252,0.20314610859137003,-0.07541980727675929,0.4676821371777624,-0.07037625436952766,0.324177857900243,-0.07342135340913863,0.24481525119119135,-0.0803960846669763,0.2043853214997492,-0.07103515818268664,0.4347894180540511,-0.07329548657231125,0.3045858918583855,-0.07974369474622144,0.24142305402723457,-0.08321651245709251,0.2010169656088711,-0.07642975349202197,0.39579904883928435,-0.08282209666088079,0.26978706041394057,-0.082671216838553,0.22577458654184576,-0.08792340163664174,0.1915595409627574,-0.07083061218434422,0.61138483686771,-0.07326890814897678,0.34722029325512316,-0.06815582921806564,0.24080495501681748,-0.07668176230231684,0.20783560537625553,-0.07633619416910138,0.4656379280862845,-0.07156146175354963,0.3320275564742853,-0.07400751826564474,0.24525275793369725,-0.08234990607623777,0.20703309718674115,-0.06954872015647212,0.45572745709374873,-0.07202295617850546,0.3124707007099804,-0.08052573269977557,0.2458943265680566,-0.08457835951232928,0.20180033331122046,-0.07663179769475689,0.4130911335758624,-0.08378714768552087,0.27933795768438746,-0.08407503628913639,0.23300054505693313,-0.08888886693464,0.1947419798876342
2023-03,0.013080962880553828,0.6226291172315287,0.010927847364012668,0.34666044348146363,0.013056934162961477,0.2548794914148001,0.016428879699177383,0.2209865985843253,0.019213222930741417,0.4365107353659663,0.026622980906983437,0.34873486740930004,0.035486006872998584,0.2842080878735054,0.03179292043504172,0.2411104484766356,0.024885625495709742,0.43115825259035917,0.03707011277124285,0.34800332440644266,0.04458766788162697,0.28745832752598327,0.03664270801606523,0.24420920156931117,0.030142891839274773,0.35553095500788345,0.037943523449783634,0.30271724408259904,0.039580187624835596,0.27333953372001274,0.03139401910503248,0.2351239009311831,0.016411686628785557,0.6438775473639938,0.014516125979965341,0.3619766944584021,0.013429417479863905,0.2666053978070304,0.017836751782482205,0.22991113115423562,0.02120546087797072,0.46063520807817243,0.027372366820444912,0.3572272612944034,0.033740270804584305,0.2785489474073579,0.02807686205177337,0.2386321648970962,0.025078600110097174,0.4300852907594379,0.03552451969727125,0.3491382161633305,0.04056982299638888,0.2832218177455311,0.03349505004330269,0.24767403602945054,0.032263141909159604,0.34987822071790775,0.038761585503741564,0.30668244998608685,0.03658682005742853,0.2716777550497839,0.02891600758842168,0.23911286904307394,-0.013045895947389271,0.5941533852366139,-0.010979965645154958,0.3314063281264802,-0.009727743584904558,0.23929781425834873,-0.013771080211798828,0.19916776329230207,-0.001785043208991243,0.41224283047710275,0.0016735841586253627,0.3247971881430264,-0.0010359522005956197,0.24249302102269488,-0.013023540965630532,0.19755491312828827,0.003240972544609223,0.3862077491875838,0.00241836223072447,0.2884041325898965,-0.006821568150757133,0.23366159035154957,-0.014877438451779218,0.1982665677930694,-0.002029932152599525,0.3462301346477741,-0.005407851376555552,0.26256546396952507,-0.01090296459959967,0.2272672724501927,-0.01980558302494134,0.18697192414228242,-0.012637205586551768,0.6108431800322952,-0.009803824632223174,0.33890805269810625,-0.010711022474614751,0.2433440552174369,-0.014289700347366499,0.2026055816388485,-0.0007456200093287399,0.40994779973522183,0.002775791580292781,0.32331775966022197,-0.0011247836030710808,0.23976061190699965,-0.01310270134252648,0.20095692250064365,0.0002553301246544465,0.3877678591122526,-0.00043864687928688983,0.2953107037329842,-0.010205715045189327,0.23267311512324285,-0.017278318398511208,0.19894597695060742,-0.00036724912936119606,0.3564700335018526,-0.0060034756969109156,0.2805854663920904,-0.011017278812252205,0.2301615232528152,-0.02086575035120804,0.1925874544757335
2023-04,0.08474046405710042,0.6074165257328011,0.09756915279652531,0.33786328930932885,0.09572919173192085,0.24321045192592392,0.09858865421181091,0.20323708555564246,0.12386210605736311,0.46385833898700524,0.1148884970826603,0.33906914665438137,0.10844188782855559,0.25041318517673483,0.1106524293842496,0.19735530096715026,0.12311430902007542,0.393237360840629,0.11807981555038059,0.3201849447000364,0.11225295514119245,0.2416305352054026,0.1135766588154846,0.19527767885549907,0.12024972223006175,0.3947011928394125,0.11772900345969997,0.2851111559186311,0.11250518488875606,0.23093145454629604,0.11146554234394286,0.19788062072648416,0.08698653921829275,0.6322386268838179,0.10038454492889701,0.34810167073141907,0.09849404519536521,0.24045549112352677,0.10154301440267684,0.21280002099444273,0.1276982403586285,0.45107588185281033,0.11759869857914831,0.3340138847511683,0.10959039700281643,0.25116093744196616,0.1122451268507778,0.19885468171398102,0.12410233017220691,0.4094208286726323,0.11746766625063645,0.3208745458440919,0.11099829260533634,0.24699215373911554,0.1124518180602478,0.19969835166091202,0.13182610297409114,0.39382486301154906,0.12395391042163732,0.27524885018146816,0.11551555684521146,0.2272390601428625,0.11300709652524803,0.19752164084304824,0.09486925734577983,0.5952043382968519,0.11074956094897893,0.32378308391621363,0.11671676055746671,0.23395460638725094,0.11695239682383876,0.19625986466051473,0.12082074407047948,0.44359108985126566,0.12819756157636786,0.3188975152888355,0.12678068541182205,0.24074495259180032,0.12869538355409993,0.19022621022497746,0.1291737575490673,0.3663701862412858,0.12896097800119755,0.2780709591012983,0.13052581469457197,0.219334358661483,0.13349683410818958,0.18293843445530011,0.12735780181094236,0.3714110950213717,0.13510119185142244,0.2657704875180872,0.1384903429349733,0.20571483512129984,0.1405439251561024,0.17989673390470892,0.09593542083300305,0.604684930225878,0.10969423373064775,0.33666290310092717,0.11478945894060656,0.2392244915372304,0.11598185216137054,0.20079847046066324,0.12165344782283309,0.4535093864050329,0.1285653988150211,0.3288644986544204,0.12563663692273447,0.24170946621258851,0.12766049980599117,0.19434828943106985,0.13082130430130828,0.37464196809134226,0.12929505245451953,0.2838002196398409,0.13107765471082822,0.2211284026257765,0.13336856617388546,0.18537146748658853,0.13214861147332185,0.3675197088999588,0.13763111238943243,0.27255975782650627,0.13928388943981604,0.20913005425420927,0.13997546620840232,0.1814306383173792
2023-05,0.08174775705344066,0.6180721592878858,0.055771141412223585,0.3299141039716653,0.054443143390008136,0.22882234748678731,0.05151643713567568,0.19500893446467746,0.04380818210865407,0.46285719602458353,0.04327071337938077,0.30647048511551045,0.050250816107230055,0.2248867463858736,0.04694736636120414,0.18400825267081422,0.05617356227778324,0.3899645847084051,0.049351731128918074,0.28003471201399915,0.04749431859002961,0.2303085129585773,0.0470646382090555,0.18933788237683952,0.04913412086112657,0.35217429727998006,0.04765904515735508,0.25791058218497964,0.050814737427007095,0.2203535958331892,0.05501764023044404,0.19368321657598145,0.07852066463784114,0.6703594074339615,0.05145563311514908,0.33922699308418675,0.05219135722087719,0.24728461807553861,0.050703073846389,0.21250182796058922,0.045273935250934656,0.5176466982584801,0.04535357956054601,0.3045316642832169,0.05016507721348385,0.23452857832570834,0.04754661336418918,0.1924519079309348,0.05914861726345963,0.434624557249509,0.050576438749523514,0.30352092923552976,0.04934052709960502,0.24333650904981777,0.0489749879102711,0.19566599404833324,0.05629035639000259,0.35264259893560324,0.05102111813477227,0.26825575135402846,0.056328116791714726,0.22677555340988753,0.05931079627895168,0.19859894501090247,0.06259060138981255,0.6043628114893018,0.0540174771411892,0.3329681913312481,0.05470812671695657,0.23880619686741605,0.05395519545978091,0.2009985105253888,0.06239383721423561,0.4203612299263113,0.0580134232782611,0.3115431984861058,0.05667901163375747,0.23283615094163923,0.04970620650921422,0.204671627000629,0.0687343309493675,0.3271674958184694,0.058314035358593606,0.26158550889020843,0.05214390413040173,0.22399714265831375,0.04608209708280751,0.18841047108506026,0.0672757503150886,0.36269445294650227,0.05507290697895822,0.2584107417559802,0.04997909489810552,0.2135391344193987,0.04675570092929062,0.2011225726659692,0.06112671358596805,0.6130500449390007,0.05097005309720762,0.32918818325039945,0.052681444329232996,0.24767870498976202,0.05191945552720206,0.21227190676422159,0.05954953341492395,0.4472872092596815,0.05655658252734713,0.31304014944207903,0.056095928156263145,0.23555055928190802,0.049009295088247216,0.20384977537297755,0.06742850544514857,0.3393274840279159,0.058330200536851416,0.2657529637138108,0.05256858069516024,0.22527904673489355,0.04603071253990765,0.188205604891711,0.06643153187516455,0.33211053319516504,0.054816736770708405,0.26533466835105657,0.050591168958423326,0.21464570045709314,0.04753802244060434,0.19887361926946828
2023-06,0.08311998564727147,0.5758328428788007,0.08984394284478404,0.2923525632761409,0.08832533471038632,0.21692118688610734,0.08369411381217606,0.1809065428195949,0.09398416927079847,0.43177986153256553,0.09484930122670814,0.30268488122288517,0.09391947951855685,0.2442608847714065,0.084655634454908,0.2078376874486334,0.09387774582822124,0.342204316910386,0.09432216356734689,0.2802153822128798,0.08479003261411523,0.23751477627354906,0.07968435163069082,0.20138557738292975,0.09802568851189658,0.34326465082748536,0.0896471998798253,0.2653545793635165,0.08305008332124776,0.23013848136124823,0.07691514980980317,0.2003322489870774,0.07495525931860827,0.6112701186390741,0.07935754616661973,0.33020818228242005,0.07970348741169359,0.22225007857250995,0.076413289113335,0.1839645859991709,0.09808177088888814,0.45209256816749616,0.09601470492278823,0.31506788460963947,0.09374304349316571,0.24745067515080277,0.08354054850387134,0.20780890439783758,0.09932289445472832,0.35950021318722036,0.09743355952931929,0.2880382169518581,0.08647910402834272,0.24391065234171697,0.07949193586129376,0.20288508078762807,0.10144113633531053,0.3579767434025296,0.09165660794323958,0.2630632779404828,0.0834792024172654,0.23073078895418675,0.07976783288563633,0.20056483216343254,0.0699404432891335,0.5527175993116724,0.07117312794313124,0.30861078298502476,0.07306337122979104,0.22139642228169307,0.07196500500246657,0.19201561661737876,0.06514265319319067,0.41005237092017255,0.07013237211579827,0.2980841736060206,0.07256295645454168,0.229186490340016,0.06909869108707253,0.1956703878896892,0.0716312968994055,0.32080402547653764,0.07413462912866436,0.25065173447465405,0.07209039135947595,0.22132806877733374,0.06905522976824155,0.1874396650543309,0.0710395870029615,0.36972879762399175,0.07374528349273576,0.2520499150726549,0.07198259616095908,0.21831760524525418,0.07244797962097668,0.19033851570496915,0.07269570567018781,0.5697935593156407,0.06982358186788606,0.32683884783549094,0.07115641000431262,0.23522115211921846,0.06980209131195632,0.20739636703116457,0.06681829500532976,0.4544725723450378,0.07111564725413094,0.3099687272431736,0.07263214420084706,0.24157606743118756,0.0669313499301538,0.202286045877752,0.07024043726907275,0.3207822332644593,0.07358766953896309,0.257702857205899,0.07056551269394452,0.2263186661743196,0.06782280627927395,0.18741989019106386,0.07195026287482675,0.35997797382467756,0.07253789269040906,0.259296071477508,0.07100263781808003,0.2267905427982957,0.07089215563326588,0.19702878564553644
2023-07,0.1207938085246165,0.6259668020960356,0.1149305356789069,0.35261711118416317,0.11936220464495122,0.2563486986409299,0.1074018990469672,0.21201033115424917,0.1373847660141372,0.47865079883772843,0.1403273687063376,0.35422863760334405,0.13176334391393532,0.26662481743368693,0.11798169417880791,0.2147105440801403,0.14981134605552093,0.3995305728146604,0.14641322961887565,0.32430737908348906,0.13084492369534093,0.2712645744400789,0.11291952356603692,0.21716551369981202,0.13367342263055781,0.40553825347095673,0.1260391768449109,0.3009367749793965,0.11288083162403624,0.24842284728423258,0.09892156142188444,0.2012609235482297,0.11647189160882389,0.6163285382201525,0.11578955689080371,0.3469042541749946,0.1133326241289552,0.25132856123992475,0.10077234381570054,0.20568758281362629,0.13279057761675778,0.47809749384165334,0.1386221990435277,0.35821817796623345,0.12958841507372124,0.2694193719894362,0.11436179234794858,0.21342969897991,0.1507744119743622,0.39205732439316454,0.14596536671423732,0.32505799274360847,0.12945665143926252,0.2730392886881329,0.11157413657105252,0.2202774734467869,0.1387115506815446,0.3668553607412379,0.12792009228904375,0.29160106850096235,0.11262922247168788,0.241610263463147,0.09747697262368797,0.20442871802286283,0.08135632994393674,0.5953921943433715,0.077648512933507,0.32436400198176074,0.07849624972665516,0.23209063549162842,0.07452515738074612,0.19907804966684522,0.09131715454002079,0.42181909067686607,0.08777800073099364,0.3153465533402423,0.08394013539414147,0.24003937876290615,0.07809081875219671,0.19971447636434203,0.09020600273543408,0.35924665307060405,0.08594427258661358,0.26197048588395444,0.08070566118133013,0.2290839734471013,0.07373920339816646,0.19507488539170675,0.08713263661355083,0.35485985966308053,0.08173360161931734,0.263865136948499,0.0761513889783411,0.21396716313877587,0.07303152765318528,0.18721944367625792,0.07514136501680817,0.6074850145857498,0.07648865599574554,0.3338689663201616,0.07541528227594568,0.23343349576603467,0.07152981331721728,0.2055271995391309,0.08559960417944985,0.440002040321506,0.08353735006145374,0.3062702401416002,0.08064691367614633,0.23764498018231694,0.07487945883352529,0.1952535589033677,0.08594807863439877,0.36112477787339076,0.08525906929789537,0.2730876566957049,0.07983382281341535,0.23400544419920116,0.07254862460208926,0.1947066993977471,0.08478871835318083,0.34443825497874214,0.08029507886084598,0.26324997079858253,0.07538433577907631,0.2118107976467019,0.07144194690048873,0.18546051008153858
2023-08,0.08793471983684287,0.5621346543896116,0.07670250451894192,0.3297730193238455,0.08609419107727602,0.23856979019345054,0.082653747176299,0.1876883596693172,0.06846209773250173,0.4807199180883522,0.07451487182884023,0.3003208247069148,0.07970988452348708,0.22652437785782736,0.076215545489187,0.18356170497816438,0.08286914925662041,0.41949224955559283,0.08553361165961945,0.26841486987010665,0.08087630637728066,0.20439603723300054,0.08110013731676396,0.16326271865606728,0.09728608108855935,0.36152036193497095,0.08933810212625297,0.23863371046880888,0.08969389135087187,0.2023413819611052,0.08908780088556725,0.17240207591996665,0.0880303099626301,0.5828373282733129,0.07799638150928428,0.32572812280218355,0.08450364229270715,0.22812447783556655,0.08252606716990571,0.18820207676354167,0.06937679382329402,0.47694987743917094,0.07357916622429257,0.3275340810956001,0.07674508371170903,0.23293207121632087,0.0737428605795662,0.1871833845142342,0.08964792727133299,0.4185099392974839,0.08929592130699535,0.2822032742916155,0.08171864602377886,0.21719659658771068,0.08042749657560726,0.17880757474904174,0.1009408684059405,0.3682336669308902,0.09183100276079173,0.243019589272358,0.09004139454043385,0.20313464251011126,0.08899117712736059,0.17738622893760608,0.0744785285197089,0.579291731321488,0.06887138333860876,0.3099931945054202,0.07381375339046627,0.2363715370367712,0.07407909316989711,0.1940487797664264,0.06660547873103624,0.4481847930123418,0.06798064068898968,0.28638006896375623,0.07139039542130333,0.22460730070191154,0.07081431368941357,0.1886557750206707,0.07391418177357442,0.3798104875064768,0.07265943830283902,0.237188347397742,0.07449189060384004,0.21527882114592475,0.07374699073597116,0.17627133534655381,0.07662728947867468,0.3360633732516712,0.07511386248639472,0.23724755844390966,0.07746619733965147,0.19433772008472316,0.07467391356570686,0.1764321597836974,0.07226016111572837,0.574005145672668,0.07156005404574516,0.315366860751613,0.07568041602259444,0.23763136156053521,0.07446432033242244,0.1965307750484159,0.061241717238576514,0.47379727239657343,0.06520859344679159,0.2996036000054289,0.06869762982541396,0.22465767277600796,0.0689495504525599,0.19723647062586164,0.07489625546341364,0.3809518155727539,0.07245401858710997,0.25105590980551784,0.07202359943142016,0.22441989952309593,0.07112133483370692,0.18472126654372142,0.0757304942225829,0.32154110525606905,0.0765522855043922,0.23488333935107913,0.0753429258255383,0.19828778344154385,0.07302923607746607,0.17870411658315016
2023-09,0.020873790092917774,0.5653523870373725,0.021267045262682107,0.30379199115970473,0.047844360504929746,0.20375397658647176,0.050234989025438666,0.17544089067008156,0.018811664930522876,0.44410287632203654,0.03669100312709445,0.2985041035918685,0.06284699267718002,0.22300800627810174,0.05906634326090847,0.1900547549266542,0.03593875800495383,0.39114722158526205,0.048288951896876695,0.2647041924540835,0.06007219745141717,0.22077903629015028,0.05813441091316012,0.19427154326156287,0.046487686158725804,0.3168418615246011,0.04674090533754727,0.24107260974500877,0.0513799139185936,0.20245873000896897,0.04874394031842142,0.1912452727364962,0.02327746951546111,0.5836315173320457,0.019647359405947154,0.3205430123381043,0.0498861090479565,0.2355783924937935,0.05211971164495089,0.19331275320216457,0.021889808325998465,0.4592144275291109,0.03245570186325032,0.30135684582759437,0.0558410204851917,0.21885941180505752,0.05307007171874991,0.19231098987758566,0.03785888426319268,0.4114678084933351,0.049162265187318185,0.2758076128292853,0.05948317888746121,0.2325526086170054,0.057122908951705874,0.20086271620434437,0.04673442486015226,0.35934110483079923,0.0453562844819482,0.2506481986366238,0.05115815623363599,0.2110024056107875,0.05094494403150823,0.19697818811121903,0.01890712646872958,0.585051361666725,0.019901680555579077,0.3167366132579159,0.030088952814452105,0.2387038925652883,0.03372419076509012,0.20256249268740428,0.019829873511764354,0.41964252529567814,0.025702539651142733,0.2933734615876089,0.034860599516807596,0.22409575090353936,0.0371151882300384,0.19993277598457532,0.029221532956227585,0.3703711139861102,0.03213387412362541,0.25935564725056226,0.03661036690381866,0.23428253566325397,0.03748623126528672,0.20347213947966564,0.02973347713602973,0.3117888921412628,0.030067602149666764,0.24985087106111226,0.03395914832710967,0.2147813618978207,0.03673949214147422,0.18871799827131017,0.01690688002567848,0.5803462021842509,0.019300233443975925,0.3273439033266566,0.02983550291231654,0.24598598927311538,0.03329275102871812,0.20716632970544013,0.02042739893885812,0.4532131787680307,0.024388372012295472,0.28204882091673283,0.0338896727736889,0.22285820658154404,0.03672341560921279,0.20235912019323035,0.02915756783349802,0.3981438270391099,0.031761624125884076,0.26506469395565607,0.03625441829795363,0.23731625398208386,0.037310741323135665,0.206487752291668,0.030712119600227898,0.3371751947553638,0.03158899918237934,0.2501904405768435,0.03488154073355403,0.2156508990736315,0.03802596138893257,0.19748849387230097
2023-10,-0.0027045260998574258,0.5909062460227534,0.004245655250086971,0.3329430946592673,-0.005108062498824587,0.22670630961368948,-0.010557722701911867,0.18478707599777672,0.015403053456876679,0.46963516968749486,0.006994938166030497,0.2876518881903877,-9.01693907097023e-05,0.24765463348963535,-0.0077429832342159974,0.1920249543479597,0.009583964046455465,0.38918558403178766,0.00013534877261053662,0.2984706441017107,-0.0054169845413141425,0.25823461567941136,-0.01059922674557856,0.1984891135396174,-0.011940561625420192,0.39331029470161494,-0.007361281134962278,0.2506904921735643,-0.00982838921568044,0.21865345181904006,-0.011562926302467589,0.17574032748804552,-0.0003352168346442096,0.5863463567369362,0.00046992546925525027,0.3359971118476547,-0.006612324155977884,0.23249531089006334,-0.013246760894866622,0.1781298419910891,0.017150309189130807,0.4997869878994939,0.009441646118470426,0.30088176124657084,0.000928688186875236,0.2503618241695856,-0.006832044841022426,0.1998472716712944,0.008152443646498312,0.3811133574526192,-0.0014841049624085769,0.2834843040372917,-0.007140962583928201,0.25598969672918237,-0.011865983603611898,0.2050226448415159,-0.006646218300633372,0.417451160490533,-0.005398790030280351,0.25577391551044004,-0.007515875254301555,0.22061725360269585,-0.00942771124099624,0.1784576212048477,0.02211395303095635,0.5930836112638143,0.03190605812170029,0.34763519629411,0.02576387105210048,0.23738779332266297,0.022867355542295426,0.19843694596755623,0.041186362582379066,0.4549176041215487,0.03619484200806593,0.3100233932752031,0.02833351891291845,0.24101480409696235,0.024088845226577175,0.20318942288504144,0.03929205662063168,0.3450065701442756,0.02825412031469538,0.2773633325775556,0.024649919120911162,0.23501543266561273,0.02082776107886857,0.19919828057015407,0.023899102294438337,0.330212172464317,0.023075864607507483,0.24588904843751996,0.019342324136140954,0.2180053739524932,0.018275933233858704,0.1877024460888942,0.022003128348544475,0.6045922681972693,0.030241869635419454,0.350699494767138,0.025934847048301648,0.24245646639736435,0.02216792640491569,0.20259898015742575,0.04055739238742108,0.4656022612091056,0.03456141924594801,0.3152892701779223,0.028134927827266922,0.244071518817711,0.024893374464544475,0.20436407466262174,0.033869339668107706,0.3611389990852174,0.02645266645480578,0.27962158268128934,0.024056149886843813,0.23721226860447256,0.020905995541910218,0.2032993384356897,0.022573734652647823,0.34188178019458604,0.02244023773427692,0.24981794017581255,0.019064069972871845,0.2245020651029428,0.017484001431877744,0.1902003044553965
2023-11,0.1134157055662516,0.6408787932408215,0.103065493129734,0.3418818722498488,0.09676531246592326,0.2243465764880947,0.09264945058741712,0.19601456008901652,0.10575240259077925,0.4566842535986494,0.0980694429867562,0.3345191447802109,0.09114751766179628,0.2425886419097645,0.08449896786631755,0.2163548400880307,0.10327407815989244,0.42334067025921407,0.09409440443804103,0.32351946725568215,0.08254210077580233,0.2506241698694013,0.08007554725131334,0.20906323672467558,0.08552768320791619,0.40788860063075005,0.08264594433682781,0.2967405718568935,0.07890926525090543,0.23721741860978138,0.07497529991946637,0.21226414298627191,0.10490401252789779,0.6445642174996256,0.09420416309609306,0.3817154916430566,0.08800736478356472,0.2330028692034119,0.08662734670856186,0.20419252082245412,0.10628067142900735,0.4876806933811694,0.09350934300726753,0.3437404130996793,0.08699391097228494,0.24927436282888416,0.0807354307613184,0.2237193949220967,0.10607827806239445,0.42984448305128,0.09454127694396956,0.3208907718187258,0.08417510060930739,0.26145876362968734,0.08220366169189054,0.21678543623036112,0.08475915354881275,0.38805843922453553,0.07791582705841404,0.3044246859128068,0.07643224455374896,0.23452686076255488,0.0738232813129419,0.21363249186839206,0.09803452512499117,0.6056409781216232,0.09483984773059431,0.33408355451361516,0.08640643589118659,0.24470568279201,0.08060979701554329,0.1976444745580559,0.10245170605648658,0.3956305753840416,0.08895605999020298,0.3016626916570009,0.08088533782505897,0.22280896289904353,0.0755091090789698,0.19855216992873842,0.09069460953897149,0.3881800825354238,0.08292743374690553,0.2827885604905063,0.07536667061712995,0.2221655005231411,0.0723129797504215,0.20006728191938755,0.08433251976704585,0.3264563151690058,0.08021673943246756,0.262389025811575,0.07364625298367883,0.21912914482788803,0.06731278204675016,0.1969548745976218,0.10025224628343557,0.6231587026828245,0.09422516901841001,0.35065495591537055,0.08392274711353934,0.2540389958482887,0.07883295447654498,0.2089146223952508,0.10236205616992944,0.4423512392534235,0.08781631423028954,0.32353886056255077,0.07901722446334139,0.2349813464684592,0.07337946102069179,0.20597230856564014,0.09513440245599437,0.38656049518119473,0.0818389026468319,0.28504243588961364,0.07462754819247411,0.22723345612063342,0.07155984387846709,0.20222678982519007,0.08227578091466049,0.3541061994899462,0.07825282781737697,0.2591598502150807,0.07153492070088723,0.21863412949621402,0.06564030092016927,0.19945289618919826
2023-12,0.06642852179375229,0.5818233213753977,0.07475498559393794,0.32851597971174135,0.07260091560105993,0.2395019134316761,0.07471300819990921,0.18271612691519634,0.06845408704747444,0.43028125478683465,0.06812503410373524,0.29554424029133375,0.06624941789771135,0.20912071624622536,0.07431736703496603,0.17065143744194428,0.068272488818544,0.4238110754236748,0.06636268818532813,0.2832677448108133,0.06221294788523792,0.1966413177170983,0.06957181484786702,0.16428176056811772,0.06370805261987507,0.3626263354407844,0.0603876705586856,0.25583698991231374,0.05666092738910954,0.19968822345241033,0.06470507495771202,0.16372207553520784,0.06716734612374649,0.5753204445322587,0.07021367172802749,0.32628656150437607,0.066862389858182,0.24479520931186108,0.07221165119547826,0.19024259508327424,0.07954443958391429,0.41151463424144086,0.07490440310593546,0.3056079852007741,0.06925780416467166,0.213059424510317,0.07520452343486107,0.17889190216630038,0.07581822335387145,0.4078454145517708,0.06840587239354169,0.2769855423445292,0.06396953023278887,0.1986910749923429,0.07021128471998565,0.16733014701748994,0.06509224022467017,0.36927933153482795,0.06038238537304724,0.24869386081211747,0.05759071606901509,0.1972351384280584,0.06655714701508399,0.16427417264054286,0.0580790473186191,0.5864582325060688,0.061676793032950594,0.3109708124386744,0.05741258510205242,0.22908959533999654,0.058675521811106704,0.18508164313321526,0.05989843160995972,0.3789386102518597,0.058924004560043555,0.27883445436341503,0.05616294770476208,0.20841425424793736,0.05895215816856169,0.17702479238986135,0.058487503319415685,0.32864574588575235,0.061586319028648,0.2559054694374696,0.0595648623627224,0.19920644835426246,0.06102227385244184,0.17138551382720435,0.06527953512388031,0.31823852750920534,0.06165258173748217,0.23276994812104324,0.05912937495150134,0.19351601667497487,0.06255899538211585,0.16871545411369307,0.06171214899307092,0.5946925300006272,0.06410086664465356,0.32077258377881046,0.057636281633404875,0.23689316459237997,0.05820589994727837,0.1903569574975232,0.06680814183859875,0.4107226586627862,0.06304270169081909,0.29395818374586424,0.05831284379406818,0.21397588710907725,0.06046487338240259,0.1809673655388791,0.06118362141179896,0.34659918838890913,0.061906715443352724,0.258393634660796,0.05895153903546623,0.1969066998294393,0.06065097013566408,0.17546734762073912,0.06436310479159404,0.3228861892351746,0.06034720304023806,0.2408144271296111,0.05743043930197155,0.19318962882836133,0.06076919145371788,0.16956079644219074
2024-01,0.1471206785136101,0.6079083645457897,0.13826589826749336,0.3364526911140563,0.1275660647097207,0.26138782522289206,0.11895251463813529,0.20244367694613058,0.1518172588148152,0.3970860416862356,0.14979226683890262,0.32305739214477974,0.13511980227298268,0.22963793819321077,0.12878341876347751,0.20978694147850951,0.15040606224208333,0.4268487878522839,0.13403618319689503,0.29873845077008165,0.11968665218483736,0.22220046825876769,0.11436521259735069,0.19788962501796914,0.14488135906032232,0.3933975953975767,0.1408737558598506,0.24562233996299507,0.12551997960888892,0.1952021373949318,0.11918078372856454,0.17937492782724274,0.15154180782555346,0.6161737096332194,0.13634403391564698,0.34222576404994565,0.127816204479447,0.25728580944622925,0.12152414392064076,0.206369239815954,0.153937440144283,0.40600761738735164,0.14996984144462489,0.3366189425058499,0.13040092284698615,0.2367897932327807,0.12298253214938755,0.2084884914793563,0.15294645195923498,0.4163296011783551,0.1373300489272628,0.3026223893150448,0.12297490740306001,0.22082263508144018,0.11704161808724282,0.1920618876022719,0.14674431991882075,0.4106125574285885,0.1410100451397746,0.26455631853909123,0.12533247906179215,0.20574166021143636,0.12000213490451486,0.18827609327732306,0.13500606813092625,0.5932779599347195,0.13215323618845135,0.31548114025998264,0.12118475112257532,0.2508803399180359,0.1150007946589053,0.20195215383320075,0.14368887337793856,0.38588385128433356,0.13471918560454751,0.30666399810036266,0.12023772769976998,0.2282147301142977,0.11545935971892589,0.19225275091923522,0.13439049343348394,0.36281623179429473,0.11940201829322314,0.27050748798329666,0.11248845021572765,0.21356037710988493,0.10787065496876695,0.185264141677797,0.12116309753134183,0.33682342471333626,0.11411899256203814,0.24075160268019724,0.10855761298112596,0.2009350432897271,0.10258772315127533,0.18479532317841108,0.14299424746345996,0.5892736612031482,0.13335890919593768,0.30898974170502647,0.12519216029480992,0.24501056384701772,0.11752350323293788,0.20031123327796874,0.14364715663290137,0.4123267625470108,0.1321269942076954,0.31304794602640973,0.11918962799902237,0.2348169417342274,0.1151887992912942,0.19360373047593404,0.13544809395863858,0.3500812302524072,0.12011324188509087,0.2720100037752693,0.11370498507393043,0.2142952698379173,0.10913228916248147,0.185310646454727,0.12154355934324057,0.3482113782340672,0.11591583018738237,0.24526120782941901,0.1094241551954527,0.206775471810126,0.10287858100763025,0.19005412232053454
2024-02,-0.002947535830038448,0.5698001921519849,-0.007474362823480163,0.3180486896482788,-0.0026536677158663785,0.2516022130787202,0.0035958845918630626,0.19797840019004748,-0.037418971208663165,0.4477161433736503,-0.023352811331819816,0.3068293720895086,-0.01578289972421597,0.23513644191920755,-0.006906885945936851,0.18902782965397746,-0.037414377166259935,0.3929173367677983,-0.020641753634785823,0.29031910594486837,-0.015477436258926175,0.23360242400491726,-0.00909238574644233,0.1959455361062261,-0.02100212160856403,0.40356652084013034,-0.012300590450971788,0.2633210249979255,-0.0003253485720345476,0.21369781995068604,0.0007323236390370429,0.18462553682751293,0.004882990614635237,0.583459340310724,0.0012067964681023529,0.3380820860293643,-0.00035214097404816745,0.2670430190134796,0.004278966792850482,0.2150747193482898,-0.037002050502484306,0.42132690948157203,-0.0228161057964381,0.31515445683763554,-0.016274436361134452,0.24024778068246114,-0.009543827394948096,0.19545810537315633,-0.03126694763246583,0.367293689938991,-0.019660668401323442,0.2914504476171098,-0.016351902203497495,0.23507738299273415,-0.010402476200851817,0.20182289655754218,-0.020111069456548687,0.42383932610016833,-0.009912653953129518,0.27127553925301134,-0.00038682899853969475,0.21545812411251553,0.00028475329264278636,0.19057021211976255,-0.014762857323730507,0.583755943994072,-0.003854573543188558,0.32398507090442197,-0.0018113163924321672,0.2616917680333346,0.000683983245754773,0.20806573832735886,0.0007469357590491703,0.42059631711381396,0.008177723420033417,0.29620742108040266,0.007701492678107166,0.2353730799847332,0.005675864809500842,0.1960763964271414,0.003085449803241599,0.35349340225807035,0.007768313278227535,0.2507670511982727,0.00482328034811298,0.22201944222274822,0.0018759689532854731,0.17955363600421692,0.005178421703193558,0.33024900815207203,0.0033200348679030822,0.2289598575678624,0.0031546230079393233,0.20035836663696396,-0.00046443788364575146,0.17898430639791185,-0.013494473380532395,0.573598692115729,-0.00258295802585821,0.32494455154231583,-0.0032028662288136165,0.2642127813958657,-0.0019653648081484243,0.21000041207577622,-0.0039607329443652655,0.42406831293206426,0.007235438082235307,0.3075676907103686,0.007900859511956987,0.24765352228494864,0.005113846824446508,0.1994284650064695,0.005360077210547072,0.34808242819359014,0.007223772748911874,0.2470754537748037,0.004054698938897207,0.22152814146383387,0.0014593866338057629,0.17904203326034812,0.0030441140296732045,0.34154261457941926,0.003000271302350959,0.23660654178666815,0.003121679420714876,0.20136291833429862,-0.0004997119073661349,0.17891006802218815
2024-03,-0.06310697197691623,0.5766215905356316,-0.06445984037328445,0.3253110594709683,-0.06020637126594316,0.24688779320851018,-0.050951632523608556,0.20557847418134012,-0.07713380067815644,0.45885218577793185,-0.0762265138574842,0.339045842529057,-0.06417214613411298,0.26806244321240535,-0.0566386216928878,0.21596611458693782,-0.07955118095966622,0.3902704115352963,-0.06921112990540781,0.2882099834303097,-0.058521049816834494,0.2463430683994203,-0.053751284575546,0.2076719258791135,-0.06204202855679509,0.3487240417015697,-0.0586939590212335,0.2727025275782159,-0.05233339797958546,0.23927395422690628,-0.04627496778936751,0.20481335524493569,-0.06513199369957544,0.5646853210136147,-0.06813128485063759,0.3478970406811284,-0.06190332685707181,0.24818705923971515,-0.05291272229805908,0.2075751965987339,-0.08342678295295275,0.4918405679165271,-0.07808789280633606,0.33773973605756413,-0.06672426887728289,0.2620026774196329,-0.05848017946239031,0.2196999909329307,-0.08141886032458974,0.3940794061435286,-0.06799320657905061,0.30729881832406936,-0.05733113055870522,0.2438574786265395,-0.05336780514226465,0.21258754141548852,-0.060597743799652826,0.33682361420703555,-0.05639148868504584,0.27286806802016983,-0.051882506358153245,0.235054155955748,-0.04632026167328435,0.19927374961782335,-0.10412689342019855,0.5812428955182225,-0.09758067417567516,0.33085185761028624,-0.0896315832269735,0.25073330210596956,-0.08215367039160497,0.21338197198709274,-0.1021075713241117,0.4321148688141978,-0.088610529071009,0.31014966642232344,-0.0783198935847001,0.25695235734213023,-0.07386405379812684,0.2038144580000084,-0.08973452901477835,0.35360649865206484,-0.07652693322066498,0.2817163009994887,-0.07121227378246872,0.2288002295625165,-0.07031677474432829,0.19320653870248872,-0.06983444270986079,0.3364500914766233,-0.0660918957011995,0.2429369721022062,-0.06278440241946098,0.21386875200156685,-0.062325693932202636,0.1845113686132163,-0.10886455633553951,0.5776839041889393,-0.1019900446453561,0.33724297700433736,-0.0923212679252614,0.26122881741609616,-0.08549603446065587,0.21682236358364693,-0.10423537362953637,0.4650873040801633,-0.09064529798311836,0.3244321963330926,-0.07962432031331818,0.25431314630624624,-0.0751402391286177,0.20219873460313825,-0.0906022544907441,0.36295086266508136,-0.07739026104707174,0.2863391671271045,-0.07207822299724437,0.23509427100243963,-0.07152927082493853,0.19561639918028761,-0.07224269589970189,0.33628779271223214,-0.0691408856084869,0.25027304623880275,-0.06520332971867039,0.21591410448022746,-0.0651386888687126,0.18630961140311753
2024-04,0.09973011350018965,0.6058091070241503,0.11106401431469254,0.33450004568595326,0.11409515183963864,0.23430061881391817,0.10964622840997695,0.18304766099179862,0.11696038865588533,0.5004118902326122,0.12863322635190438,0.308255215238196,0.12859034004095152,0.2532766847444915,0.12172667687056461,0.20336185126247341,0.1382141468676011,0.3851283071865643,0.13782403625911369,0.2939890230874581,0.1310900977593,0.23346405345070612,0.1266147772627322,0.1921716809049464,0.11618711109213194,0.3351510428951824,0.12094366081871012,0.24847510710705714,0.12716600501756542,0.2075077155619341,0.12448594511036151,0.19181803534863046,0.10064568051339169,0.6078803884647428,0.1120916243398982,0.3189270282747796,0.1164509024967847,0.23695223884507713,0.11250107934718316,0.18767996639986043,0.11288869256697098,0.5102087624905334,0.12478496186254048,0.31167339841202835,0.1260746865442698,0.26116368227009346,0.12115467613884875,0.20784461679407212,0.1351583682761502,0.38931293010182744,0.13195608931501657,0.2895595171242593,0.12765134181030374,0.23516554489140876,0.12560719607085388,0.1922990591209543,0.1205209935842913,0.3616839913321853,0.12284779330735661,0.24221523986448376,0.1277522205755124,0.2104231142461117,0.12545346223783935,0.18406610598225354,0.12373281034389765,0.5880785167869986,0.13508744923854854,0.3131931969254887,0.13691721593665362,0.23594634590043914,0.13530154283263152,0.19374833591427668,0.13338129882360597,0.4714159561711376,0.14314209693070665,0.3013045883975811,0.14494536615371706,0.23644488162099786,0.1407145373352821,0.19384984514143194,0.14634421463903308,0.3497743403748477,0.1476076730288479,0.2639908127381847,0.14756223211041314,0.2128598689726598,0.1435764811058713,0.1824981535786151,0.14452241474113298,0.32204226570004657,0.14454680800518493,0.23657049826780147,0.14561775373601354,0.2013802105452603,0.14229516525812072,0.17905960894476947,0.12145510305446452,0.5914764079957231,0.13233364736954595,0.3173659593173119,0.1362139532770363,0.245718743638872,0.1349613745818634,0.20581313685945246,0.13684091845839008,0.46632982885035523,0.1415566660146009,0.3083673038994426,0.14376413663350657,0.23833013289922506,0.14004230663221048,0.2002219009860871,0.1500924770050525,0.36698142992024396,0.14930316856842268,0.2698201038518562,0.14744880599388677,0.22040399024037827,0.1432693966323656,0.18648575272043627,0.14728136652751248,0.3409162467194231,0.1455833765574575,0.24660881072319407,0.1460300423810317,0.2081387099391982,0.1416096543129557,0.18088653125335913
2024-05,0.012703698018207444,0.6217282961934348,0.002640422559144857,0.35790772272782245,0.00743881834612198,0.2432078222021939,0.0016660414285011719,0.19282970856248444,-0.01044193478509637,0.4859910069804896,-0.002866988247587278,0.32516700811926913,0.002681932526950884,0.23656777721844668,-0.0010353481479939506,0.18537842422897483,-0.002220408504033925,0.33994348417879433,0.014737358210434738,0.24383298424156563,0.012242517146867275,0.2066812351548465,0.008032769275606127,0.17801050315760786,0.019824383467635626,0.2992063792129992,0.014150980335492922,0.2586696532885261,0.015312752192127974,0.20348389135248657,0.011191689518537424,0.1851763904188112,0.0037456359659231195,0.6490072686183744,0.0007606627770931297,0.3544052863521206,0.005797675663744355,0.2557925315739621,-0.0011314956567717337,0.1878873136041737,-0.010575567103673219,0.5194369879881372,0.001907075619025908,0.3276282928609113,0.008348394204877745,0.2382748606221318,0.003626307283564315,0.19315234997428998,-0.003845276705604266,0.3647305236046029,0.011552730257503203,0.2464228256038259,0.012287758745859433,0.2153153474372581,0.008731022115656115,0.18926722811251295,0.0212085570611292,0.32528198455870877,0.012294810931968003,0.26057727443446976,0.013051063898836632,0.20403931264304337,0.009357256081719995,0.17963479697666007,-0.02587694865784719,0.6044880292554219,-0.029572657475689542,0.3331510258489456,-0.030148206098299015,0.23589262930256982,-0.032070800715057725,0.19117203366757135,-0.026755865833066834,0.4528922872599821,-0.027476349691351012,0.3073239852653509,-0.02796086550395991,0.22864031834297022,-0.02725348896848766,0.19205470590695561,-0.030854802613153442,0.37170174727723826,-0.028679278730586306,0.2580428143114045,-0.027303041664271773,0.21641384810169348,-0.026477407486166105,0.18580994593123923,-0.020721027144072503,0.2769709350318552,-0.022578941049206526,0.2344057946085566,-0.0220267280253289,0.19728288861782123,-0.02419850993246709,0.17654931530892454,-0.03144151657925707,0.5955891332147807,-0.0313426625962835,0.3328359164528846,-0.03169215172370228,0.2441392954042981,-0.03296825773370646,0.19601025583095594,-0.030560470564246593,0.4763510982113113,-0.026400657481680932,0.31354121191516215,-0.027062203130099976,0.23479453351864374,-0.027148946338157637,0.19774808555899565,-0.03308371462438334,0.368283266087041,-0.02860436033166735,0.2672263806823354,-0.027198872692878382,0.21855050010398885,-0.026298688827661038,0.18646410056684076,-0.021367532464612808,0.28953907095448395,-0.020731434359717277,0.24251146506383175,-0.021219177874783435,0.20363212800854957,-0.023817222080427813,0.17812812099532782
2024-06,0.08041808700630552,0.625425576439592,0.07230282328294245,0.3294267795236267,0.07488301428686987,0.23362039031259418,0.08323848597116876,0.19226567020400925,0.061429069917836816,0.47380904932567736,0.057586820462877684,0.3078156296455118,0.06796903295143313,0.23536122590560749,0.07357135350148056,0.20534577793774916,0.052371808593898915,0.37038694697265717,0.05822157878560768,0.2913805935389425,0.07028054811137456,0.2606269558677161,0.07939485238546248,0.21333338764047632,0.08123000589337227,0.3446122009645065,0.08070754530310684,0.2507626419052887,0.08263168537088605,0.21372171710506474,0.08839047394514782,0.18104835964276944,0.08408519516527253,0.6144326956390134,0.07555032635269542,0.3332056620414412,0.07785629496067058,0.2452319776657031,0.08703640264252765,0.20209468350206666,0.07043889478714853,0.47796583964137596,0.06329434512962781,0.33341654755648015,0.07609547021747523,0.2508344466961907,0.08070313120187633,0.21970189279755759,0.05283429496972393,0.3945120582740294,0.06142206511148188,0.3007237948916542,0.07140793371734758,0.2733841600424899,0.08037863565516597,0.21977856580522154,0.08186253777481954,0.35503520813561495,0.07989070582097665,0.26446882907933544,0.08350689276087883,0.22027724058708886,0.08872382648388123,0.18701374295859186,0.0901018749721124,0.5790172772766258,0.09260107643073494,0.3240197085865313,0.09937457841270701,0.23516504471558447,0.10179499897037483,0.19080751009115476,0.09279568678652851,0.4283970298678845,0.09586645965316735,0.29660340888609615,0.10145707903394374,0.2170733688900149,0.09999774520257565,0.19164602908594613,0.09589872004056255,0.3766341989554577,0.10074785106735,0.27023150953949937,0.10524144482517972,0.22865336856752072,0.10167893663327787,0.19419104136915355,0.10537956200803135,0.2886853749966051,0.1075163384343349,0.23513466951427692,0.10599864181007237,0.19899642301105197,0.10158726444491846,0.17553003797520594,0.09029646183695664,0.5893670668295563,0.09249722848942016,0.3359050277320105,0.09957708534174838,0.23867711555999863,0.10035764995581212,0.19612790387698706,0.09538435550076653,0.43203761525580864,0.09560839654632017,0.3181604692991681,0.10248483509106142,0.229704132031534,0.10020163818007888,0.19862459691597734,0.09687043399622079,0.3718371095087335,0.1019964882717384,0.27317776418074,0.1058414324610026,0.23215928005149022,0.10208953207557007,0.19593268411873438,0.1058527667917254,0.2979631691039117,0.10682305347809394,0.24038174401760726,0.10489220471883164,0.2062715172229021,0.1006056950246442,0.1823119439767764
2024-07,0.015982425206704197,0.6697550150243337,0.060588534694239,0.32197586530102323,0.06769708377818012,0.2323277205445191,0.07116442002039418,0.20542774098292105,0.05181555504420484,0.5489175147438079,0.07879924021522719,0.3283688692936927,0.08238370458476749,0.23722433262576026,0.08786779724043554,0.21574199996288707,0.06659321620470575,0.4160223380986272,0.08067967350497413,0.26998055584269953,0.0842428649012668,0.2325417676245819,0.08717550534591775,0.19686888193747276,0.09161348253861505,0.3031851355639914,0.09727040087859846,0.2291446089728596,0.09592653713681866,0.18818910702533706,0.09683185676372863,0.1759478547897369,0.017906080020764447,0.6508473246261757,0.061107299533767076,0.31472428115435575,0.06844401082922226,0.2350083965049583,0.07040381444178762,0.20555908479779295,0.055735967718158134,0.5085710895456468,0.082540514881144,0.32177097721962805,0.08491852426347668,0.2417939605973396,0.08867810258050964,0.22156716958460543,0.07670657187288307,0.41078607996131444,0.08850534886298633,0.26493649859469814,0.0908075062134885,0.2321386799731816,0.0905758153576668,0.19744511824175537,0.09098706788045995,0.28601788051443566,0.0962872762197796,0.2538910943096907,0.09607432351921386,0.20291501186810734,0.09640334125238725,0.19206610026346604,0.05290525813261557,0.6034925458245193,0.07027594740789365,0.30985668612662476,0.08557057315501217,0.23909472670709767,0.08809365207578079,0.19082852809327372,0.06540483311951668,0.4317933966256734,0.0808479109328676,0.31096146027691846,0.09298242059185494,0.2287320194742805,0.09788689437583849,0.1907133693015003,0.07720509559717528,0.3695035228514551,0.09076518768951282,0.25894324997821083,0.09997681282511972,0.2162603321709816,0.10143636166433541,0.17619535720996493,0.09621461561033626,0.2991262107039866,0.10510810925015862,0.22440584536856362,0.10619628714568766,0.19277789588071959,0.1044052752596987,0.16837751650372257,0.06100556272020195,0.5943289171008903,0.07590507212423993,0.3127128602340267,0.08888501311815451,0.24023733290580657,0.09077496566982414,0.1920740007597823,0.07530533093762738,0.4461350773026318,0.08857933723186626,0.3176519730310735,0.0974637875637477,0.22743119383795057,0.10056008300477645,0.19047077996913497,0.08267006982525021,0.378143208809283,0.09368352691955252,0.26078902297899903,0.10104752598978811,0.21482004542395985,0.1012276953924876,0.17780198339202857,0.09624452420209378,0.304764388512353,0.10544117877933486,0.23549145784550227,0.10670567100947415,0.1980282361987648,0.10491164646902279,0.17246539889366236
2024-08,-0.04101047429851309,0.6298724657191672,-0.023371675084508922,0.3500512748420135,-0.008694182791891223,0.2514138492720607,-0.01156053365566175,0.20975384724638146,0.0006917865507859416,0.4943587750589984,0.008461260147252856,0.3361190240377845,0.004682384220878316,0.24385672294695326,0.001959775611623144,0.21118046162773646,0.00632268115704286,0.473070708818759,0.006416258851863825,0.26671819712772515,0.0017922213951255253,0.22220596400839504,0.003990688887460574,0.1794714912005671,-0.002749285188269506,0.30654262163607027,0.002796526109520301,0.22829211825062798,0.0019930244918363598,0.1927976234497345,-0.0003469973122071373,0.16457756531261897,-0.04119735298240705,0.6211734338404697,-0.02257237348808501,0.34008547189558536,-0.007385879153579645,0.24611202635388535,-0.0118027558120923,0.20894122240208518,0.0008974134884574584,0.519988294846374,0.005649677130099134,0.3522612848892671,0.004343591275969021,0.25818424781571847,0.0030001941650771827,0.2187774099988095,0.007764416634989984,0.4656016632046615,0.008082900753721112,0.29440166643495036,0.005207477057571901,0.23373714428365552,0.0060820606443495896,0.18733981338948985,-0.003352878217918155,0.35470793681731017,0.0002893581599153044,0.23811323855361194,0.0026950920748538454,0.19980535195217453,0.001280518265697245,0.17357310266482964,0.001124831631810548,0.5977542280394519,0.01452529616987649,0.330755381861089,0.0213933269610955,0.24122202091522132,0.021623490859516207,0.20374133013449908,0.015912169138128665,0.4300066553528558,0.02543134678323449,0.31187184706275317,0.027626016379707276,0.2318140626026386,0.028790421403720904,0.19828829216680638,0.022925663280550998,0.3701591259092741,0.026659663153309657,0.2699216277338358,0.02924564660932948,0.2279438210608314,0.029965530366875583,0.19196406013661435,0.02229706222378683,0.3240388821159154,0.029258662109915883,0.23889636044615808,0.030573613927807965,0.21356175805716043,0.028324797808703048,0.1888994295464435,-0.00023911511402631902,0.6096372084551467,0.014036169231811021,0.33995951317893236,0.022446730936772977,0.24475374795318666,0.02285206402744298,0.20942692096585633,0.01795794113323874,0.4471850496333366,0.025959130478345624,0.32187401948104793,0.02847438524927407,0.24355635377210091,0.02871572039074175,0.20581125145502524,0.022121837602647007,0.381501449128135,0.025849704843927852,0.2760595349362362,0.02941350106220442,0.2317970418849287,0.029455866225879545,0.1949085709099963,0.022278656879093597,0.3259125760640223,0.028914054955012057,0.24336927723819424,0.03067789238552833,0.21179724311864284,0.028728307007151514,0.18833445605065355
2024-09,0.0035806059999524686,0.6484362072189817,0.011584171196903675,0.32892371658640224,0.005579383030878539,0.24645168832637093,0.00270807311659697,0.1739556931031045,0.01214729667976097,0.514518087271135,0.007358526851655426,0.326714335860477,-0.0007712080013681826,0.22531263858956915,-0.00274391526719878,0.17871125573763727,-0.001059245295653086,0.4663096916111732,-0.006209248732514141,0.28066840116024905,-0.011121344521941036,0.21227180462697914,-0.008114460246446817,0.188777093205853,0.004622479502546654,0.3389133555132229,-0.0010774744228183438,0.22572610327281833,-0.0027323566967038552,0.20234270378627772,-0.0016751997330556692,0.16777606355843047,0.002752200805154905,0.6536436497332929,0.011244309769892092,0.3185216973637952,0.005089783849092668,0.24677761437001086,0.0004225112971535542,0.18035236984452407,0.011019040425200983,0.5090552765111516,0.005157271573531645,0.32755487297519637,-0.0015280179938082388,0.22986696145039914,-0.001668618877634496,0.18290266709014402,-0.0015203133956196075,0.43489026095383465,-0.003441384398767092,0.2897925160900156,-0.007240105347238224,0.22056507352161947,-0.0050381445437029625,0.19476050744659626,0.0012278831601612648,0.3602522916830938,-0.002584121012797164,0.23606775391976112,-0.003229818065259435,0.20498222793010248,-0.0019505258060855872,0.1666683383994273,0.011160044090638963,0.6148327165727521,0.010300053051999561,0.33504148558837277,0.008881269960415912,0.2439489759418812,0.009454044652512823,0.20032218362398466,0.007520252379247606,0.47419871136737207,0.008221074648073643,0.3288281325249503,0.006452600507341273,0.23867157590955618,0.007020215733279951,0.19643035955408622,0.0074690471411808885,0.40220456014459155,0.008365162172940093,0.2593007428475291,0.006910964886309538,0.21917295255566777,0.006462590259129137,0.19146504904466982,0.005732226294059892,0.33429605416710123,0.006377565140955714,0.2351201177886881,0.0055392473571262545,0.2117553057727033,0.006303282280072255,0.19127506421781298,0.010508990983014714,0.6194042115691514,0.0100544715219246,0.34270343392749564,0.008024180260951419,0.2509922159201374,0.008652793812102271,0.21280891437781374,0.004747534110627833,0.48541799245057593,0.007652768951294148,0.3350435274187692,0.0074037927900369735,0.24833926916971605,0.008565575757671523,0.20646394463910303,0.00408004895205393,0.4027244658057859,0.00410918254772831,0.2722918911968583,0.0027880469830356596,0.22852009982689697,0.005377647922428928,0.19904239076697725,0.004854279212537435,0.34863765906809585,0.00514593808110995,0.24129926956918316,0.004577753827582578,0.21344383672552322,0.005170615623802444,0.19167074408501406
2024-10,-0.045765826371299424,0.6214003551599538,-0.04972286095131577,0.35111697138105846,-0.0585865326865445,0.21299661604363465,-0.0603840040344706,0.16826374875256236,-0.038487083561336365,0.4472913180495687,-0.047571284475983536,0.32512866430066956,-0.0579626969076615,0.22569409598877122,-0.05727459508668351,0.166148067147584,-0.04951912155505388,0.4251594532114751,-0.057315435304733764,0.25677888635076485,-0.060333493222349176,0.20271169188413302,-0.05895396624210793,0.16652139838106306,-0.060949607663139525,0.4016517918560673,-0.05908813402259006,0.21887802748824015,-0.06298086495607419,0.18575932772982018,-0.05996858485167433,0.1604675248386705,-0.042016780724343325,0.6267777442197222,-0.049538602344117444,0.3345359827212896,-0.05913581310400753,0.22071484671312708,-0.059688540704536504,0.18291145191062358,-0.036754610534910824,0.4700094376817921,-0.048916639662625536,0.307817160213378,-0.059443319571759246,0.21084955709886793,-0.05754318033470846,0.15710979682161513,-0.04928726742116212,0.4352286114020498,-0.05921125026772109,0.2569750965346881,-0.06219178573348188,0.20153719012587418,-0.058910912467160306,0.16672622105399026,-0.05726058660618445,0.3971491856022231,-0.06123406240502417,0.2271846539095408,-0.06437895309224059,0.19374291627228157,-0.06027349261249879,0.1582433111864525,-0.02356580562435492,0.579550788342234,-0.020009553688513378,0.3263181900951317,-0.026259181822265835,0.22635687600665838,-0.026880882382643325,0.18993519189299865,-0.018113475532343378,0.452266494228264,-0.019125140989423726,0.30260386286813,-0.023630655045803233,0.22262460883617785,-0.02549406540432915,0.18068194818217476,-0.012687002561356103,0.38959916190670435,-0.01780414416684148,0.2563577264664548,-0.022805246119518868,0.21308338834302032,-0.024497545247000967,0.18006833800823258,-0.02132693762204018,0.3411897164129172,-0.023852352435455096,0.22491081373223915,-0.027944105779590465,0.195091310028749,-0.029664912014933088,0.17923124163422074,-0.027460189577681204,0.5809028655314729,-0.021726326538808273,0.32429780316595874,-0.024733233624571287,0.23227961011138482,-0.02737672886892973,0.19609101329653447,-0.019538022582710177,0.47251745129661427,-0.020288785767111996,0.3063621849286148,-0.024208545578281133,0.2268450773112985,-0.026128950973029214,0.1849819178550469,-0.010846370174419723,0.3860814685925992,-0.017534820561129462,0.25713774174623616,-0.02277911214738708,0.21475395553267163,-0.02468669654752947,0.18452795292059926,-0.01981592596020618,0.3566450271731688,-0.02440833686445131,0.2255150472257107,-0.028567169684233038,0.19867200641338947,-0.03028790401505701,0.18256541102335638
2024-11,0.013420831303801763,0.627930967153534,0.01102694323537583,0.3400651573785637,0.011454584974897276,0.24057162216673217,0.010679323084479922,0.1882988561620047,0.010268710246527011,0.4903705215003117,0.006777004824474303,0.32330128095998,0.006991822476337024,0.2247030806500085,0.006337244068452923,0.19205237863649705,0.014802818871821811,0.4998845542872594,0.009743305566416414,0.27210159024231895,0.013494061101211862,0.2077114002626198,0.012966062193545274,0.18348745259398055,0.0004403802093057075,0.3987626583829955,0.006474761985073395,0.25367711704815765,0.009995772341746721,0.2022241069267821,0.01077696443836021,0.18811643455431526,0.016329014128676603,0.6010568789900657,0.013762320168471974,0.33015481817211945,0.012432844112240354,0.2350296599402496,0.011770115628969239,0.18874735446504742,0.011593524049973295,0.5221907554974059,0.00994615022349877,0.32025988153465845,0.009188416966811271,0.2276805692505482,0.007407983489486951,0.18437375688640456,0.014674563597781128,0.48665565320358456,0.010890295649217752,0.27160746988822193,0.013791223248123784,0.2135999587367272,0.012542450284536434,0.18606231572991794,0.004119734305188419,0.397814400407525,0.007583940826386714,0.2588429018516231,0.009873272370868501,0.20871630807223293,0.010032330863157553,0.19441500141169882,0.020239667422488263,0.5839267935135996,0.0209221692573524,0.33107746944130856,0.017602987521783426,0.23679207469204816,0.015373975877474787,0.19386653779431456,0.02378249493145871,0.4504102285189229,0.019568279801825173,0.3185032731539107,0.015405476540548078,0.2383557387050701,0.014093445387035221,0.1933848395312735,0.020801142913052142,0.4101907839859581,0.012978335993470288,0.2717144126737616,0.012239299460227308,0.21390805995394802,0.012395478299235317,0.1808233936512394,0.007267569639633764,0.3668720604293819,0.006689311130761618,0.23838152763412357,0.007451261884193934,0.19501391822683617,0.009991241572803835,0.1800652581583663,0.020982567209679646,0.5913495266009279,0.02148945867184746,0.32875727964942947,0.018127169238874436,0.23830048088548095,0.01754003906184316,0.19449903675287417,0.01981510992113197,0.48566598248169995,0.018116513511962896,0.32034686605936225,0.014685128974346675,0.24327764563405063,0.015389113789649089,0.19438613617981687,0.014569178440719779,0.4049167674915736,0.01147148836728868,0.2773785567135463,0.010902253165560774,0.22029789436113278,0.012169508561216982,0.18195857212878572,0.007750125048063194,0.389893901682594,0.007874807255806023,0.2448222808651871,0.009148821179328573,0.20109296852035075,0.0111178021989262,0.18209399945031662
2024-12,0.03518211624275551,0.5818159920972376,0.02398810927833124,0.3318412029473503,0.0128025569226579,0.2359891131442966,0.008981725383188137,0.19149296272415345,0.0301515764485055,0.44416904353121833,0.018693737260219362,0.3234170393616025,0.009519977234134459,0.2271648538060167,0.006702269387584357,0.17977182694235783,0.03800599832900739,0.41237767487415866,0.021315381986312835,0.30439472747658813,0.014019337268221294,0.22177981186774468,0.010618683965156845,0.16846844939501854,0.029286450414671362,0.3887253967861285,0.021023439290993484,0.2753086134018029,0.016053329665289516,0.20192891858100848,0.015997969330165424,0.16658886364492004,0.04490889512802254,0.5573834263843167,0.027304754676771785,0.3382316573967141,0.015007220536343959,0.2405403203405258,0.009499088293686375,0.19271365596693424,0.03094717388456207,0.4534667996362003,0.020761353255396093,0.3135774694135752,0.008936558448801176,0.22826875925664908,0.006129468825475269,0.18165794515198946,0.03592639243190198,0.43964679999459,0.022358311624099715,0.2980609495203238,0.013455434020963069,0.2329987046888934,0.011096921386991055,0.1698460567958745,0.03149280742901361,0.37817379763237535,0.025515252816217415,0.2797202232038341,0.017074488087199368,0.20280567783849673,0.01688038001577941,0.16597992626462504,0.021574622700615345,0.5475709747922346,0.022556231877313784,0.3176887461151738,0.023355084125807616,0.22947209978217997,0.0256801510346981,0.1895002200318056,0.023528060668883303,0.43443197401203637,0.02698190528761777,0.3081995271297078,0.028591357193564402,0.22879546187059716,0.02788799026417006,0.18113288574706068,0.025524520976922465,0.383405896580817,0.028652116689825494,0.27394992780381816,0.028311950917213953,0.21230731958838445,0.025913860345453135,0.17736337125655643,0.03086221213728472,0.361876473208398,0.03627872384512519,0.24509520657110057,0.033441294413232944,0.191603321592565,0.02900718461141545,0.1724630148422024,0.021134011936323277,0.5695293345151962,0.022942165824077324,0.32144463363535425,0.023011821160681855,0.23843352144797286,0.024811297731901185,0.19483787151490262,0.02488928803757615,0.4589507227987645,0.026171500053489463,0.30062031660965305,0.02677263822385259,0.2302648552367807,0.02642078135540935,0.18790513351782395,0.025886801577259325,0.3979919807875557,0.029079695783126917,0.2796661963844339,0.029036311071887207,0.22117952883702985,0.026357932088124612,0.1813166781999854,0.03236419807244675,0.37415438776239496,0.03755438858845315,0.25478897812932166,0.03431652541904037,0.2026243228881643,0.030267837757421267,0.17501831266278148
2025-01,-0.12776910826261959,0.5519328818144772,-0.1255962609300185,0.32936828274416874,-0.11147279515083988,0.2195152136863827,-0.10603754911495832,0.18625506387838686,-0.13051042504615057,0.4626111607279275,-0.11811302141963859,0.31511064106249664,-0.10897041289249457,0.23015113176272867,-0.10487827175093115,0.19462268715517367,-0.12628726600181958,0.45656713455669296,-0.1202537056173815,0.287263148496125,-0.11246500154280893,0.2107148314375888,-0.10802100140747867,0.17424507065233372,-0.13196741320362457,0.4098214114971087,-0.1254136918926091,0.2800324255180322,-0.11570536260211522,0.20733676533009732,-0.10992127494820456,0.18404310146319758,-0.13415579063978397,0.551930108029378,-0.12813697673972949,0.3188914268640167,-0.11305038763127188,0.22777719572616395,-0.10668457222299295,0.17724778425419224,-0.13340189287126686,0.45979143263403854,-0.12074340027309949,0.318932402428976,-0.11159487949245618,0.23475869981382264,-0.10845224425348274,0.19569858557341396,-0.12230757475980933,0.44727792619767526,-0.11867267371721098,0.30118293621257486,-0.11070738950490613,0.21153705820660323,-0.10738923136311636,0.18179732305527718,-0.13552764558324507,0.3749225972873702,-0.1289087579312011,0.3004594111238736,-0.12031079919908326,0.21074213829789532,-0.11242906809141229,0.18765968589749327,-0.11341088475504288,0.5719193526576685,-0.11039111163131299,0.3056141062263358,-0.10752472311400582,0.23219301314054558,-0.10579239372794304,0.1947539756333875,-0.12246898036698997,0.41594375677479367,-0.11958861847052087,0.30477788979030845,-0.11667113444515813,0.22417395877124424,-0.11542993760966365,0.1915463656150021,-0.124260306609336,0.39733069062916204,-0.12073229997400327,0.2869683629643589,-0.12006391559949021,0.23415930365676785,-0.11691953655582288,0.1884968893192961,-0.12021946875312958,0.3539435600261625,-0.12143725545109642,0.26489401002740076,-0.11843398403676772,0.19853683241758324,-0.11690647354044907,0.17755103700540828,-0.1156449445393635,0.5811323956173176,-0.11192695322926355,0.31701738508435445,-0.10929069764711961,0.23800087786276797,-0.1069004860020381,0.1955604416548678,-0.12236457977137201,0.4294658395875784,-0.11934094786285673,0.3135884652526208,-0.11614353088890711,0.23050944446178126,-0.11424477348186322,0.19345437278586397,-0.12484632048525665,0.4093815903282698,-0.12098023574554707,0.29028822139283167,-0.12024327883997678,0.23670463559643318,-0.11728663136771231,0.18932015239575486,-0.12328172514801737,0.36309461661159176,-0.1233999596087063,0.26536838020876674,-0.11992066291421546,0.19520194065714527,-0.11768206073387816,0.18116341580706302
2025-02,-0.1432727654235334,0.6020776355052504,-0.14206483213461202,0.33864321986492085,-0.14521810745404803,0.27037938132820916,-0.1433948190643395,0.2183776622134298,-0.1527819121016731,0.4322288284656388,-0.14723222744738199,0.3322644109289499,-0.1465816149922935,0.27372018967861494,-0.14708216969750643,0.21903012176450112,-0.15143627380877628,0.40353631950439506,-0.14499422653820018,0.30719885736397506,-0.14660272270620955,0.24761826101235512,-0.15041143785622726,0.20825658544783532,-0.14209919946631255,0.40743105719940287,-0.14059150634701642,0.2879303465991023,-0.14760448212745342,0.2346214974942648,-0.14944608395243408,0.21347654069184957,-0.15361939316942372,0.5613346207828149,-0.14754700426488376,0.32800524656841334,-0.14986090911925817,0.2671451745343687,-0.14591652206017094,0.2228197179833596,-0.159723906311439,0.4431398111674829,-0.1474579284071169,0.33606400497383804,-0.14803846592812503,0.27557567617246054,-0.14748688550948105,0.22173312659341501,-0.14947850918405392,0.4253130356395049,-0.1420219032259324,0.3244225190719159,-0.14474381193413546,0.2580654302184124,-0.14949996049950498,0.21459091906784383,-0.14243873970551182,0.4524240739950714,-0.1403000034317015,0.2970516365880159,-0.14828802410606165,0.2433504284980011,-0.1501414492623308,0.21181283561803657,-0.15178576294463603,0.5606853976280384,-0.1557400009373513,0.32664041607047445,-0.15801736395333427,0.24320990699320685,-0.15791250277860086,0.2104395090739547,-0.1600024197523497,0.4103115135441643,-0.1615945578007203,0.3100013282127648,-0.16316819564807486,0.234447160329959,-0.16554761193945156,0.20655699401503366,-0.16240430194408512,0.3473876563976602,-0.16209370615451263,0.28362296800008,-0.16543635443700305,0.23115964560898444,-0.16941826143504513,0.20032520165161244,-0.16168406141451513,0.3299325349322647,-0.16692466928958088,0.2648497180760013,-0.17121215148033844,0.2103564995229468,-0.1739337216216127,0.1847344155141758,-0.15400500910884643,0.5799736437974938,-0.15789204970232507,0.32630501902516074,-0.15992324974174765,0.24613668636443894,-0.16019905105697385,0.2044928471137639,-0.16327122012999085,0.436529559090576,-0.1610693376121961,0.31330902680181133,-0.16277518100569954,0.24057103111501335,-0.16525812615985708,0.2023652294962836,-0.16445574430548518,0.37094432989083953,-0.16416857583810687,0.2843223669361736,-0.16726173933592353,0.2354212281006789,-0.1706288380949421,0.19634659153824036,-0.16288544738479002,0.3462728711099511,-0.16892923111430572,0.2717990616904087,-0.17307956621934378,0.2195660470806281,-0.17584409271332968,0.1912920285979523
2025-03,0.09098486054008,0.6472953167975748,0.09995353366406587,0.3496293510743808,0.10093446395311552,0.2737150661331702,0.10554804745503929,0.20850529416031877,0.10431830599067465,0.4960294974446635,0.10494005816530028,0.3237235896884879,0.11364567531449064,0.2574212059665766,0.11105047578345799,0.19126174208216057,0.12452487573817032,0.3753916931931688,0.12107830579692552,0.2850955162860903,0.12009284001601268,0.22486350281731182,0.11393720303934338,0.1786901623309445,0.1261004600306577,0.4109004993249735,0.11672798386131446,0.26609087672220405,0.11632690148649048,0.20203412016531969,0.11311906398001341,0.16061158928695085,0.09106608179641576,0.6222485239607691,0.09655913212771727,0.35516945590049914,0.09905907248248438,0.2771370301187589,0.10178894214790363,0.20977683302385397,0.1077412543265865,0.4790196885397603,0.10780839794125598,0.33042744644553923,0.11492410523391418,0.26105656482140105,0.11133402206470208,0.19575523143343782,0.12257614462306189,0.36308277654729204,0.11937557674738594,0.29711288228571203,0.11823144524471002,0.2285057198567868,0.11107500743816247,0.18713400336879793,0.12371302868126437,0.39960590239222277,0.11291352413128745,0.26637136038538256,0.11261516665643137,0.2046028934496733,0.11192769784525608,0.16875218833227534,0.039069633668621276,0.6113660760667353,0.0468345369334917,0.3387137955603337,0.048871590854609855,0.2564140081064834,0.050744050788337484,0.20844388043190978,0.04816744430567388,0.442472118097301,0.055471983607930805,0.31506147096353576,0.059174506106078086,0.24183314052496674,0.05645617632668607,0.19219307259917318,0.06099631014398477,0.36532513359184915,0.06484216085928553,0.277606401316975,0.06249420285086951,0.23056277621943758,0.05895889117841206,0.18577974830851826,0.06934889302433055,0.3330934588379647,0.06790175126235497,0.2581074836666838,0.06534132167018272,0.2097064888020576,0.06377010377563408,0.1698322066847096,0.03605654935338945,0.6114592465434721,0.04286068791717751,0.342957727461335,0.04624809349557654,0.261831451538018,0.0482776749924259,0.20999936652691575,0.05099895261733083,0.43957391108841504,0.05591137939183034,0.32460254753650764,0.05885583083957022,0.23948052428014033,0.055681465317557945,0.19694604224358425,0.06049916664790878,0.3753372890971907,0.06683121305945156,0.2814421380052247,0.06468734981571664,0.2340649255000604,0.060561190177202275,0.18663515722566298,0.06814290256367284,0.31655784948080634,0.06674075332445883,0.2615389036698224,0.06406045678969988,0.20974584076563896,0.06266513802430806,0.17364022456261058
2025-04,0.0035256371576866457,0.67119719816003,0.007886735688883293,0.349069949729973,0.010869270506355262,0.2550789110308822,0.0149652800761385,0.21060095313830213,-0.006031335170567873,0.5237826631502824,-0.0023039932181575296,0.3257318022281696,0.00606064907048366,0.24562215286686576,0.011134271499530168,0.18899174715378336,-0.021544291819044013,0.3627609281462735,-0.006925828155335824,0.2744987350914676,0.003131646030075435,0.23116701432767367,0.009415372211361493,0.1807826825079809,-0.005966183660768963,0.3684544582722436,-0.00020630511377219067,0.2470593119809799,0.010520911143257575,0.20558649015720748,0.013570992871447493,0.16765565290934403,0.0033461826238666958,0.6675072024138655,0.007507622022716905,0.3583749779498949,0.009730570563103155,0.25949854342523937,0.014153353559664588,0.20789561300606418,-0.010939488476372303,0.5030152143315597,-0.003053425215610782,0.3306863439375741,0.005394238203577901,0.2467145120256929,0.010191221510611602,0.19115081945201517,-0.01889262715254362,0.37558432960811594,-0.005487298142218796,0.27864718857819276,0.004823915986765791,0.23216416156892483,0.010255703800251096,0.17408899152347948,-8.360129738387088e-05,0.3635407196025024,0.0044407484959982655,0.24619142848145598,0.01185744315009668,0.2122804642900268,0.014204229791014926,0.1646824677797039,3.1222651196856875e-05,0.6154941497185543,0.008558059873007357,0.341684840656622,0.018990284950400137,0.25613329683889624,0.024997572468538558,0.2094562854516502,-0.00258155220458823,0.4625925170091006,0.00813545429009124,0.3211749113705782,0.020240850604154915,0.2406707446295759,0.02505796264838251,0.19593764094548957,0.002984114570795283,0.3640122814391502,0.013805806431603106,0.25646811057681324,0.02204656230156371,0.2229912067375661,0.02849043456032512,0.18936613473569436,0.01162711186160979,0.34074533145673286,0.018698635352009982,0.23801317049068432,0.02883952041613178,0.2099940865203923,0.03216206963529736,0.17763309689235876,0.005563458056883261,0.6218981533284887,0.014784375720993611,0.35485968492922937,0.0233422037111229,0.26652627247474303,0.028906173184935078,0.21319076980023213,-0.001017186362303987,0.4458941370211421,0.011148827050486042,0.3127757718529909,0.02268784956927303,0.23623795420462082,0.0274231613971187,0.19579323200696563,0.004127244953397574,0.37433273141083323,0.015528152169550037,0.2647023276752324,0.024225679535972468,0.22722081347879422,0.029435266207878768,0.1894855703668237,0.010097580534722867,0.3368447971623102,0.01895785695721497,0.24575576432791307,0.029124646156465685,0.2127245805069285,0.03211650892771711,0.17766271042750215
2025-05,0.05830647250509956,0.5787409767496825,0.07967596672579137,0.3197546032490626,0.09323979082373929,0.24251743676383802,0.10604441886199859,0.17904938796828462,0.06711556746128197,0.483019594183078,0.0921402872940826,0.31070306747087484,0.10110280192985648,0.22852612485095733,0.11156249776829077,0.20672821169233274,0.08814761671117949,0.38255693408498825,0.1064263354869871,0.27441186745576784,0.1155037025452664,0.24752157355556673,0.1232895897865633,0.20893496891810287,0.10097758552415259,0.33566029760488514,0.11604967097813057,0.2885251526322727,0.12230243948160094,0.2449969440209115,0.13058805208233693,0.19957664298447597,0.051571717081739896,0.606654053713509,0.07944114642606695,0.3141972562613267,0.09263541567949928,0.2558146366234866,0.10523206266332012,0.20364448299062626,0.07328974526402038,0.5156460093350734,0.09665530634363828,0.3215962818988214,0.10507131780308282,0.23942431279291043,0.1143225427005077,0.21232484610613936,0.08798505769623215,0.35919572459610793,0.10191594089466664,0.26982306650325405,0.11081498988643618,0.24504930344513975,0.12099897552295881,0.20875341580774479,0.10026312692066129,0.35043579444078876,0.1125066303436264,0.2931384050648631,0.11825987677248347,0.2512324869516349,0.13085362609882106,0.2028234365850119,0.057089105345673186,0.6092572093991173,0.07263938892007878,0.32951915704253704,0.08042686697999586,0.2533263929962486,0.08874504005637687,0.2010694446447994,0.06923189682916843,0.4601065086691424,0.08081851086147576,0.3137970559617766,0.08761997719729374,0.2437585940128355,0.09021692868159695,0.20738388541820593,0.07498043884172143,0.3630045677386493,0.08411679888698584,0.26365088933016334,0.08861595694800313,0.24265394680571628,0.0937371828012379,0.20544594974813538,0.08263446004563235,0.3423201708878399,0.08596079028859141,0.2581324830045312,0.09173448378589347,0.23279044465372226,0.09936450524794516,0.19298018851486315,0.06524645932822395,0.6072051640181544,0.077934255015053,0.3344583167592787,0.08372771453884624,0.2538143552128528,0.09128994971506897,0.2026025668975329,0.07678694308105787,0.45823031148394056,0.08293625331608487,0.3152594494448029,0.08784838539745878,0.24926298697114366,0.0904921441425262,0.21132618575763235,0.07787063374945735,0.38016940450507286,0.08317965337192397,0.2743887393598444,0.0875026228207677,0.24801391375080134,0.09171228271595093,0.20859434396127646,0.08395725877783226,0.32788783976414193,0.08693007464788902,0.25926207981120486,0.09278451497337796,0.23332066392761944,0.0997881910405859,0.1935029725654697
2025-06,0.04519662441583561,0.6260851144213566,0.047038375657151306,0.3339773095844394,0.04937792926911359,0.2550649892469516,0.045769061624358544,0.188523892668055,0.05488752687143976,0.5182323357160574,0.052561917382683725,0.37341808743334437,0.04995709486586419,0.2571271763724815,0.04730841677644402,0.2352074793935387,0.043069761215649,0.45670024005521986,0.03735416485847427,0.3258431947227809,0.039904171744226835,0.27269994267966235,0.04193076810227172,0.24025029004126092,0.0320767692739705,0.3425247702442277,0.03925005469748845,0.3034475981263745,0.04207742660138636,0.24214844925251508,0.04361885536597107,0.22203951920081516,0.04276635199969665,0.6446024215743499,0.04657980680850186,0.3563289642613554,0.04798003544992399,0.26201976148701056,0.042843054692426996,0.20469867172984008,0.04893408398964039,0.5388628091987676,0.051010462484458494,0.36938655537821885,0.05153370885431214,0.2541203728178478,0.04718568943906869,0.22875055482207046,0.04562135520995969,0.4814365931428799,0.043341383512773404,0.32302259116349785,0.04402131470103631,0.2737096535068577,0.044733626424480075,0.2410594091241304,0.02841858488626739,0.35536115483547015,0.03721067065504482,0.29812518259709947,0.04244860478022173,0.2550834707357852,0.044363307821513785,0.23400716563457766,0.03540466379203117,0.6352485470719382,0.03879183152045769,0.32664644025239,0.038945818053775026,0.24177460461007855,0.03916174636939457,0.19527269734986522,0.034776973917641486,0.447843298110923,0.032721031881475224,0.34104709121990373,0.035389639884879774,0.24896575972173451,0.03552470198499795,0.2086667535247712,0.033474096123645894,0.40146152106568966,0.034008028226443034,0.2754876388036301,0.037256092534458336,0.23835893310440148,0.039379205513884304,0.2023916367891575,0.029978161901681045,0.3182702718809436,0.03265275265491697,0.23733841820421198,0.035275354751341054,0.2171297698650661,0.03763100022878385,0.1989573164707153,0.03257127419109044,0.6435246456240717,0.03811121229214188,0.33574139438294204,0.03810306650308577,0.2513160330294199,0.0379739892157781,0.20844929211012142,0.03583610818873437,0.46085404270798713,0.034244352832963246,0.3412235430148863,0.03603853397865657,0.25266523587346224,0.03614864322528552,0.21068471171099046,0.0321856317874551,0.41355011946063314,0.03331469370845034,0.27257560583545565,0.03626501674698493,0.2405695255840241,0.03810422420794932,0.20687655155844706,0.03198041793811851,0.31417584906952956,0.033864841487442024,0.23709566412326608,0.0373179449493437,0.22070737743942537,0.039219841320518964,0.2015798312627824
2025-07,-0.0526161784219639,0.6349075806308522,-0.040985651523571615,0.3355287207408827,-0.02649263071180713,0.23347983673675024,-0.03340885159206578,0.15816231310918655,-0.05448261106119745,0.4986346441873263,-0.027108723218915026,0.32043808515926875,-0.02328583055693093,0.21106974066959316,-0.02754343193638031,0.1682506942208924,-0.012887333253450062,0.441497832857804,-0.010666939083867587,0.2581162073715282,-0.01076678674499472,0.22457869208278322,-0.018861832760398885,0.1714608642864363,-0.02245565845443289,0.37439117554095047,-0.016154044604783466,0.24247394424414853,-0.021195364928611654,0.18957950256453254,-0.026747500952448263,0.1779377347211645,-0.04696132162559202,0.6482780514486327,-0.03501501472736282,0.33625328817742384,-0.021696197248428948,0.23924526819943082,-0.027760145646335863,0.16772486093570865,-0.05228688608515759,0.5200072470973375,-0.028752254548326493,0.32921881262706176,-0.02481214042162572,0.21834582599054897,-0.029018084896583647,0.17599613185531532,-0.019121576979981993,0.47083069932907473,-0.013292013424449066,0.25943435541733073,-0.01291270026164526,0.22493557825214394,-0.0198865884165616,0.17220555152154438,-0.017062429747540242,0.33441164400748485,-0.016220114238585777,0.24244521636337216,-0.019620987286034144,0.2015276558759142,-0.025307886496277108,0.17588429346453088,-0.014891184800032077,0.6464597292730531,-0.003777169719796052,0.32558615252095363,-0.001647136801561144,0.236627430936286,-0.007149034690456879,0.18560754276373287,-0.00031203837463361986,0.4322428270654884,0.00855805365827201,0.3170170603741573,0.0040861547063014625,0.2259010620989032,-0.003508246336361912,0.191931357150388,0.01339187457511179,0.4179426983695721,0.008418812759936133,0.26257796206308015,0.0018648937873784618,0.23240119788734265,-0.004945331363343465,0.19473744712436059,0.004264391404113903,0.3048839514513871,0.006420972685352226,0.2380583605705901,0.0008804360167349436,0.20548518700663368,-0.0062442539515848855,0.1926466961293049,-0.014079274846160447,0.62978281455991,-0.0025346227464358904,0.3183540781870262,-0.00110571009125224,0.24133919549254007,-0.006852655119828885,0.18982948652116985,-0.002811103673779069,0.44169107964914184,0.006154967720668122,0.3189306962800023,0.0006626947031692521,0.22638176470915122,-0.005721653085151258,0.19382191612559016,0.010450113173733249,0.43199137560535905,0.006664167121082371,0.2621452406685614,0.0007623221338265076,0.22809084588794398,-0.005810780697645375,0.19461713298657485,0.004781574323672246,0.3240413481425577,0.004393285685495969,0.24181637900900466,-0.0011485168627283005,0.2102684805084346,-0.008564890825493434,0.19296358862649754
2025-08,-0.025804838877631117,0.6357178063257555,-0.021573817738774526,0.3591538581322961,-0.02760422986071471,0.23711415647161627,-0.035943648553689894,0.2030814437831988,-0.02707239599809246,0.547409551034892,-0.02802748738855823,0.35217177812624234,-0.03596925737878749,0.23720369100017696,-0.040679048396892875,0.19016449266951913,-0.03715995720248702,0.4988957787538507,-0.04230282131562412,0.31179639355815025,-0.0487960212198406,0.23750986980296032,-0.0492459824762113,0.19020552204304064,-0.031993431659049054,0.357964905853445,-0.038186788918860994,0.22067295899177136,-0.04060928629757193,0.19234078889591194,-0.04651568006910063,0.16919245854120307,-0.030289801857675654,0.6765582641817274,-0.024248285723408092,0.35682621711434004,-0.030472485602522515,0.24698701853086158,-0.037974265009644965,0.20752948507404972,-0.025408368149559497,0.5865216584286086,-0.029422094814766826,0.3465699134257596,-0.037537152563759134,0.24049257794582446,-0.04263935622661971,0.19748991856627257,-0.033214094495095936,0.5196973068666975,-0.04025388933263145,0.31470172689226106,-0.04656835868929532,0.24111824483749295,-0.04874594746738671,0.19078096699437386,-0.034043971994591506,0.37365938935818555,-0.04228275028766646,0.2379160394050001,-0.04253868647813512,0.20981610018473892,-0.04815193572437258,0.17354048020933352,-0.03894377380319316,0.6159219977026058,-0.02366105037288976,0.324190013830281,-0.023428553980896414,0.23544043453161462,-0.026212309722856993,0.18956263586307215,-0.028821087044163668,0.5036553510512616,-0.021047024903949784,0.32078264911255727,-0.0228764877526959,0.22795175339904167,-0.027479293863669395,0.18830784314839297,-0.027782737805360672,0.4318451916881561,-0.02630011141480061,0.2763089086120072,-0.029097569643557773,0.219001218002975,-0.03397780737767428,0.18541104323136318,-0.024335506156665826,0.3496817022997307,-0.027440090578693028,0.23142143852331948,-0.030867410833095524,0.19767511185563547,-0.03614659675869262,0.17771612064636744,-0.03550006769904413,0.6280164417289262,-0.023051912324348098,0.3338669572261116,-0.023741017510514367,0.24864097415814307,-0.026459948218806466,0.19848690522368242,-0.024774463321721264,0.5267052976309765,-0.020585948476278378,0.33077023095165303,-0.02302938851932769,0.22943842163524808,-0.02848309934794017,0.19742418678780232,-0.02656816405441961,0.4400299847256067,-0.025558774159996897,0.2848041336201416,-0.028477735901813794,0.22881010457451714,-0.033782055630685995,0.1952216917457969,-0.027278143050515423,0.3504662952594159,-0.029422476693663546,0.2361209701466908,-0.032147606683596695,0.19722446243561315,-0.03615697701201093,0.17907010716776
2025-09,0.02061738653924698,0.5937562472450861,0.029779693461140858,0.3189634265822894,0.025688452156347585,0.20785187987812764,0.01762873991277475,0.18115327750674576,0.018117919131133416,0.4853402901605959,0.019950124200519916,0.3189773256143441,0.015229015499996994,0.216753886607971,0.012020973376550897,0.1673766060108544,0.01219860898962679,0.4788263930205301,0.009253269741354025,0.30008060876114384,0.007531341077968805,0.20995837496952233,0.008918306233335931,0.18436909542621657,-0.004495786489040403,0.41365928603306124,-0.0006780969489053408,0.2631417952212922,0.002445148940193999,0.22823628182093414,0.010808951783793782,0.18085236828864218,0.022518298244260222,0.6001909810402873,0.026220641652451217,0.34319753432832767,0.023032015145309802,0.21999116862847934,0.016174773013318187,0.18150376410470137,0.02683082514277617,0.5002877466884587,0.02602404131136972,0.31898792764668416,0.019703586139274126,0.2065706203913104,0.01562373697524896,0.17742092476334578,0.014671689803701024,0.4452325714963665,0.012843173286793248,0.306926426310311,0.00802000978969192,0.21655761068831658,0.010423288737488337,0.1898210128522757,-0.0054698512238506355,0.38938924038304695,0.0008737844159024265,0.2538930612028921,0.003039052656087309,0.216894443962026,0.010990567474039162,0.18005179144959116,0.010426796235351574,0.5873137413400861,0.022010743942863394,0.32033283376569194,0.02521877796428087,0.22231022833602837,0.02335786215550605,0.17978741892608208,0.02457535173359795,0.49456249054189616,0.033583073656860765,0.33551411927026203,0.03266832640056166,0.22411899563519616,0.027630238647644752,0.185125131476963,0.03464144222423821,0.36885315737665647,0.030893372879354015,0.2871425711084745,0.02653235927917323,0.22232639192225825,0.02286098045441789,0.18380424231667009,0.032226378606984775,0.39426158800254096,0.025616777097317477,0.24510664605902732,0.022809040517574534,0.20206943034016328,0.023341013934013752,0.17731999257786352,0.01158655421902224,0.59312652799587,0.02327523238653422,0.32757913390297133,0.027418823275752693,0.2307060744404587,0.025296892386446463,0.1883336291470868,0.028587044274629485,0.49464101286383527,0.03417640058869758,0.3232335304438331,0.03367640206834196,0.22446617961795323,0.028205024509287472,0.1871246788119004,0.03327690030357776,0.37233034980385205,0.030313381593584175,0.289489582690308,0.026689145732428393,0.2274225771462967,0.02372460695778208,0.18487880325049105,0.03179747418926694,0.38407476353829084,0.02425419059422766,0.24943002522331192,0.02151705233860462,0.20033151526828868,0.02226068229190654,0.17903919782404745
2025-10,0.03541428477014832,0.6116745957757782,0.04021881274279477,0.3472603109230904,0.03944015231288619,0.22564483927109444,0.04169239510794397,0.19364483174735247,0.04239748648002035,0.5634480371162804,0.03831100673992995,0.3512418743859165,0.042744593302424076,0.2413075340145628,0.04080743117767982,0.19432418539665516,0.0412319150913065,0.4852429567282336,0.040646165327107596,0.33396384968198933,0.04046450427193343,0.24063716944197133,0.03792748302730737,0.20425608272258666,0.042025952720088605,0.4598779702368365,0.03632484211702547,0.2813242722067358,0.034093707326673675,0.21913374774660213,0.03428252636135865,0.19513439486245243,0.03950782956477931,0.6324970357604245,0.04344611008103757,0.3576920256735199,0.04232040268309002,0.23327431059675335,0.043039936359769056,0.20119013075724146,0.04570315635614146,0.5488939801211925,0.04230947855126992,0.3594471801258575,0.042203238292344875,0.23891276467828315,0.041149941171422365,0.19455791402660025,0.04089257828942754,0.4470490259581018,0.03812746947853362,0.33163032410109594,0.03885401177325599,0.23101149540620963,0.036637372020568985,0.20015276494528927,0.04329628122375421,0.4376493069759977,0.037005001007710314,0.292361511136508,0.033804502350079695,0.22843288748007406,0.034298751207359625,0.1927218141629149,0.027404193673725014,0.6110195211081794,0.03074510583009552,0.30705175697743375,0.034997796573388446,0.2316532841432741,0.03685389609055885,0.192015144467042,0.03837552432638911,0.5269202351306004,0.0411023081621382,0.3375350435692324,0.04419451184139546,0.24321555119442645,0.04273260382170527,0.19705587797670812,0.044333481815390006,0.41929346500486064,0.04755462261402662,0.2917699138785673,0.04712426104677493,0.230819461283541,0.04466288705469064,0.1967264197934128,0.046237494464010764,0.3842843293237199,0.04574189665488662,0.25766020336772477,0.04397560424738993,0.21480895091243798,0.04210061731738811,0.1985703366497359,0.033987519395392296,0.6145242285287962,0.033255022318822526,0.33045039566217005,0.037063992623961435,0.23931364701037866,0.03819686279086611,0.20083631855233486,0.034972193532342835,0.5406911893542405,0.038261537020658376,0.3402735435355144,0.04318485085972375,0.2430689403981514,0.04207049353298296,0.1974913175660079,0.046433363689858516,0.415643791346381,0.048940351433699604,0.29436320086227385,0.04763749559857111,0.23275434135676878,0.04595509614476844,0.19835900788781297,0.048916870515320766,0.37607870005462085,0.04626470205592491,0.2636887606042479,0.04396742988439892,0.2120102629929538,0.04218436909312832,0.19704915185912975
2025-11,-0.03506303930527465,0.6297433922956982,-0.03569660969812961,0.350603563216188,-0.023106615585366096,0.24167604482360186,-0.02413359208911252,0.203637561388467,-0.03390443082518959,0.47062790687783473,-0.022368768823277096,0.32520670011627406,-0.017815796277702297,0.23965195698053,-0.02150452777752526,0.18383824957672615,0.00343089087672762,0.49187222592103813,-0.004528040171961855,0.30445618887869697,-0.009283990410138169,0.22504837679564213,-0.015083952092096889,0.18150650586570788,0.000613086741708773,0.4610353340084884,-0.01092432495932327,0.2942962943893195,-0.013752614272791747,0.21627714517946198,-0.01713227595722378,0.18542770297073727,-0.03743500527190894,0.6178081970046937,-0.03658461743249074,0.3500975957722657,-0.023693599596852886,0.24763083085452742,-0.024455908535333755,0.20836874836112154,-0.034680147714277465,0.5038514731540068,-0.019446171016090336,0.33170639892952763,-0.016385261854210388,0.2417081460187579,-0.021444431783547206,0.18757247558369422,-0.003597333782379827,0.5225940058206238,-0.007306778824662989,0.3087772251568321,-0.013452629345271817,0.23189520924339826,-0.016937260138752394,0.18165509914579497,-0.0012248239905845884,0.47534470154223263,-0.012668740284126984,0.3008777237444224,-0.016606211908298862,0.22020563820802797,-0.019208023756619785,0.19113130250822746,-0.032386187074273064,0.6098031984053688,-0.03386085183908331,0.3351522189372559,-0.024369862402562347,0.23761608482454538,-0.027782687952112806,0.20027917477059806,-0.03219657797596564,0.4550423522324857,-0.022532225748528208,0.3157701663384044,-0.020735617612509145,0.24048275299919955,-0.024441654303794427,0.19689054656950628,-0.005967973390515447,0.4257333268264449,-0.010826534961031326,0.29241625446062924,-0.015402765385138689,0.24118767560988721,-0.021000905902947304,0.20235548526677075,-0.0026863124888603504,0.36636391303874105,-0.012291760793641963,0.28839319955521536,-0.01665934906270445,0.22454064723154005,-0.022478459015863206,0.19689938111079544,-0.028621220468257595,0.6130368175747009,-0.03232003488240042,0.3298547184758851,-0.024595563821150697,0.24297496802891333,-0.028661499012041312,0.20578549261395165,-0.03017624222197579,0.469944360243433,-0.020663210993731543,0.31658173099861414,-0.02102057661129559,0.2435288972387751,-0.024379680474385535,0.20380369999075423,-0.010722868262014911,0.44764287781884343,-0.014428656694299928,0.2980385848762106,-0.01850003601048882,0.24750811966200031,-0.023682130658560778,0.20726358966315533,-0.005846499522011589,0.38645074560855186,-0.015216048723498417,0.29083158535998593,-0.019645484278328566,0.22730332599967992,-0.024367039667250706,0.19887211600867827
2025-12,0.04885233310070398,0.615808916365783,0.021213625273540863,0.32780658989668093,0.012023712077748558,0.25250772199718774,0.005705868145302788,0.19185157775404815,0.042288152761819485,0.49479074197610473,0.017376365731338935,0.3635582423945245,0.009494160573837002,0.252674193187391,-0.0004981384227895991,0.1959902332110291,0.0450871991062032,0.428011661856098,0.021976951182303365,0.3101601897979925,0.004583628095039415,0.23882903549516918,-0.007676698672494114,0.19198251395887223,0.03108227531022213,0.3977398326154731,0.012589226313484123,0.31362578224371607,-0.0011509331408542669,0.22778289970243526,-0.010876821637185202,0.19263446837869264,0.05098119743780505,0.6293361722008446,0.0202626359575503,0.3407256146578743,0.010487207041502968,0.25237163883821845,0.003812672492627022,0.1974912367931902,0.033003270199846016,0.4955887301227574,0.014660916917971535,0.35733505545226063,0.006391543451578658,0.2434208652806289,-0.003776960974859312,0.19764926317239423,0.04657487948603875,0.4426291685684446,0.02115803783911641,0.32149668967895767,0.004527608984903139,0.23792846618163901,-0.008022849808811777,0.19200841241410058,0.03167951441051534,0.4301681289167178,0.009633525749176553,0.3108190993125188,-0.003958609367371213,0.22842722865555737,-0.013042241014136528,0.1867909572834286,0.014411533464650905,0.5755294348071532,0.0034250626232032984,0.32169634238311207,0.003991192595043777,0.23145845900590883,-0.001228880977389544,0.18446324295353422,0.008420432850131975,0.4435273100687346,0.0033327885830318274,0.29263860858308743,-0.0002474302923924373,0.20965860838862319,-0.0066313672698666126,0.18014876555642734,0.018223974664902737,0.40419292141515106,0.005592534791249678,0.28014600395807127,-0.0039640979580196365,0.22038641702038175,-0.011188594207578844,0.1777257400188161,0.01286071944633873,0.3163534525457536,0.0008756192509953838,0.25716095649132276,-0.008807493338223015,0.19870766463843068,-0.01349431919412117,0.17606115331994715,0.013940284215984401,0.5861609186668185,0.002679071402480887,0.3181192192876059,0.0023078794657281094,0.23598804773240475,-0.0021392597608661324,0.18734374955793923,0.0035171539050131285,0.44273614500435715,-0.00023587997587248355,0.3162942388211779,-0.005268332366570034,0.2173417399611462,-0.010972472262133088,0.1855761282232498,0.017424095381552665,0.40948816311078096,0.0015000735978115535,0.2779829794030424,-0.00755288557280901,0.218981477961659,-0.013710554670671114,0.18166327185462788,0.011100016476659591,0.3406981566329749,-0.0023372855913532113,0.26375814683459303,-0.012324535496309866,0.20438165640880546,-0.016592381809433156,0.18111878091016656
2026-01,0.004780638793847887,0.5786919464148166,-0.02675162638973322,0.31271551730885006,-0.03344778870803495,0.22865767942303603,-0.035721062303654266,0.1796813582497191,-0.03748575479552764,0.46304466260266197,-0.049376241090828873,0.31876334734975764,-0.04804576263981601,0.21877142269284822,-0.05318630272977571,0.17740215545469784,-0.04610706214365734,0.4647816718911496,-0.04080936509289599,0.28396403492203287,-0.04921095567897437,0.21849741514368307,-0.059254010476195,0.1623111733468901,-0.009168394032165036,0.38657162488969943,-0.031091279806131064,0.2969880893547395,-0.047873869788688295,0.20599939510417387,-0.053957760668982634,0.16697387718201595,0.0020984236059945938,0.5917889751987079,-0.031583015425708676,0.31805714125812184,-0.034834090479197825,0.23633036187762735,-0.03780772629130619,0.18381280393372237,-0.037424704318793245,0.535152594527569,-0.04634319672510794,0.31750948626165953,-0.04537868554487361,0.2269445984178644,-0.05224011130248989,0.17522179420324555,-0.04712196648515173,0.47038647424749613,-0.04656676278116406,0.3057712492602423,-0.05187419943353284,0.22648508451913135,-0.061376119291071306,0.16600166478035402,-0.011425137395882237,0.4028746890523123,-0.03461995132769682,0.2900615927356225,-0.051383415292090895,0.20941632455282672,-0.05828893856638655,0.16757040667353135,-0.02800834786525348,0.585431906457794,-0.04329057440133732,0.3113684989574656,-0.04687343901586295,0.24083492596978062,-0.04466491273163263,0.18766596711598704,-0.030038408051422667,0.4260407234606953,-0.048205193519374294,0.2892439984262079,-0.04372781930993938,0.21110149573840273,-0.04637243800851837,0.17470180811262925,-0.03473282628583943,0.4142571503056685,-0.037618387504736735,0.278911195118286,-0.04182976942726359,0.22264026393211733,-0.05246488419447872,0.17745627587518703,-0.02146164528442144,0.3476042109882468,-0.032951080748204714,0.26703152987186574,-0.04841322608513898,0.2002278318659726,-0.055951622055456486,0.1807135174400811,-0.022451900522258744,0.5807293698015313,-0.04597196624160494,0.30560280164818804,-0.049365195757702755,0.23131244297149095,-0.04813914375335618,0.18783679772653772,-0.037537641065996476,0.43510412971975554,-0.051856986498310526,0.29100231079692784,-0.04706724750346805,0.21074518927381033,-0.05077833509322131,0.1748747263724297,-0.03665313307451041,0.41757827818984095,-0.04259097717613108,0.27015808920864104,-0.04634670692348577,0.22153579040814503,-0.05683155502633276,0.17694382781654172,-0.025098219271982483,0.35830159767957726,-0.03828704363838569,0.2664162635247628,-0.052283480145510965,0.20718802067681136,-0.05947787249784096,0.17890819070559244
2026-02,0.05678385479241165,0.561268073495442,0.05419186495662241,0.3460895229702494,0.0543850642888726,0.24758156788122815,0.05401391142154324,0.19410373230782452,0.03842599311669765,0.5078334045360073,0.05061374597604491,0.3366642707092456,0.047672218763392414,0.23991348989932687,0.043109482863692525,0.19097268098965436,0.04380989842008348,0.43191159183247213,0.043183014950805704,0.31100097815906014,0.0401904380712263,0.2285873163076204,0.040128701993761014,0.18711781172898653,0.04774752991407834,0.40383363233246583,0.049664552473796336,0.2721139329702832,0.04422026247584452,0.21273068237384862,0.042481956646956025,0.17958749732285484,0.047494588599385934,0.5507026681953133,0.05058878315708762,0.3483817961339767,0.04797088655045303,0.2468226396401763,0.0473415737930905,0.19434342039706218,0.03508787635024975,0.5225577946097058,0.04832769335578259,0.33669930128576164,0.04511888485136701,0.24697879407847928,0.041737695718765455,0.19341769722947183,0.04605211845305468,0.4127825789999145,0.04311645502417241,0.3181987147105572,0.038605176330144965,0.23932910979124167,0.036174026263536004,0.1987580572482383,0.046887359481142,0.39107103462776727,0.045876023936128454,0.27690224271865893,0.04030548666111174,0.2143349914490174,0.03918424801145984,0.18661596938406474,0.03134577331229426,0.5354371963834799,0.023107177238959973,0.3081041362377708,0.021852153905601697,0.22699341046094143,0.02311753413849568,0.185051684389885,0.02985992458452552,0.42115109175305443,0.025559456303066906,0.2954669879801046,0.02673009406449526,0.2196854767936413,0.024382095628169467,0.17901506148852836,0.03160654286407243,0.31159904910698444,0.02926954557058735,0.24211876644995506,0.028123122510516536,0.21402968743966572,0.0252389427790235,0.16693858315315768,0.03735102378525068,0.34193816258926724,0.028837764347390212,0.23889199502479733,0.027685064185125192,0.19685319054537764,0.025190259239938877,0.1667882178250098,0.026750562580772366,0.5262648806852298,0.022908438704332547,0.31778934607623327,0.021499184589112895,0.23241489662208983,0.02239812752915692,0.18735264918683098,0.028263903955485035,0.44707640630667095,0.025133686559601073,0.3060984618741319,0.026897484944028802,0.2213682908812567,0.02462119357154104,0.1782466022516881,0.02926941438416502,0.33425419170869974,0.027702846346034166,0.24672462302978065,0.026551130585017,0.2131923469602677,0.024566035832468327,0.1671247845147137,0.03664447773364123,0.3634437898643247,0.029426686287545765,0.24259360398794683,0.028544808448565703,0.19779832956951288,0.025881523563260848,0.16903859085089584
2026-03,-0.11175381685203828,0.5299589415017245,-0.10670446547014413,0.3390065429162316,-0.10833341230947015,0.24878181227113483,-0.11170773091331877,0.19979237512313988,-0.10823371493863677,0.5155428992965747,-0.10568903839465342,0.3471476414733109,-0.11216867553115976,0.2573139967728719,-0.11580184911792493,0.20088048267624725,-0.11017114863403528,0.5210301924202824,-0.10901696371152352,0.29594999359369384,-0.11091043823135084,0.23057003033146856,-0.11133854950842861,0.19877605097285808,-0.10887501726103332,0.38560333516055173,-0.10685967871391076,0.27587422507800835,-0.10787453340509297,0.2218337906216974,-0.11031339716330953,0.1933809235275472,-0.11123942901159316,0.5260373828249735,-0.10637038442893827,0.35042901763743056,-0.10956065643171617,0.25455592221745604,-0.11224862478818201,0.20994315317010548,-0.10950199565341086,0.499292664216999,-0.10379226312965147,0.34019651586313576,-0.11039098605926125,0.25149929369693425,-0.11520297856990407,0.20231979752991833,-0.11712721902856309,0.5357218300473747,-0.11048270437425078,0.3130874015621039,-0.11313817674835447,0.23566720450667758,-0.1141984072524698,0.20249085141093837,-0.10822348124485709,0.38032295922648013,-0.10488292100147159,0.2784615639844752,-0.107452249958769,0.2281217989023078,-0.11110379710172023,0.19573290897050957,-0.12107322939834939,0.5017966740089981,-0.12394162779441459,0.3211236460033537,-0.12630371669161383,0.25061808256537677,-0.12600020499203682,0.1883043522562444,-0.11743700812316626,0.3739896116943473,-0.12132536107420724,0.3060835799014715,-0.12189233803207539,0.2206955113646035,-0.12077494530797507,0.18002722384711473,-0.12002807365044692,0.36312001143537265,-0.11958483178808549,0.24359604453747646,-0.11696346714542338,0.2121362783848199,-0.116359434827464,0.18314506301731553,-0.1187365906363553,0.3193205310664658,-0.11607871589241676,0.23304383242420357,-0.11493297354762257,0.21795190113747265,-0.11616046719595134,0.17829221345171292,-0.12165957834347466,0.5225044848283977,-0.12616935945512361,0.33437833602365413,-0.12750884693276876,0.24998058993223493,-0.12702610071909207,0.18943329116326468,-0.11847713165354451,0.4101906110943834,-0.12318284816140831,0.30752717532105667,-0.12330843249144312,0.2258966974754843,-0.12299958128416315,0.17857803479558312,-0.12107170286376588,0.3787850405325065,-0.11980537259834097,0.26209160793155384,-0.11712253249599736,0.21998435180115036,-0.11730302565991,0.18858428016262926,-0.11866824130186061,0.3179415780003793,-0.11489895552763182,0.24194188467241917,-0.11451788893223391,0.21906817832500672,-0.11526168525795323,0.17902204188549148
2026-04,0.1139804649231836,0.535468331761294,0.15031462421478564,0.317498012537325,0.17326634544572028,0.23406797181784075,0.1892243277804757,0.1844267260940206,0.13418921561459446,0.44028680081584026,0.174353209645221,0.3290735960077179,0.18976093963179885,0.2234856760417796,0.1914048932444509,0.17655723214647073,0.16459200025986376,0.4604072703838343,0.1924000757700526,0.28258462953858277,0.18557956795023633,0.2338807821052431,0.19238894789070243,0.19535538931438529,0.18067766455237294,0.351648872125284,0.1780407968110136,0.2572938726777568,0.17955506407845392,0.22953371963050995,0.1934624390989451,0.1838756886333065,0.12613788691916938,0.5218199603818041,0.16057174272667885,0.34891827281513454,0.1830807466170533,0.235006529896568,0.19251525605450112,0.18725969090295863,0.14070895474841177,0.4530107959332059,0.17822181358597594,0.3279367292506755,0.2005943498362043,0.2204752401988475,0.20028929103569396,0.1823526275162841,0.1672161544079342,0.43574520609353506,0.19616323455198983,0.2989173668888738,0.19447037370711634,0.23037469008450856,0.19965260237285268,0.19785454175300193,0.18476419620687257,0.39165086093367474,0.1789016955204501,0.2889197132456489,0.18302100322609968,0.23107826835147016,0.1955552623247713,0.18637994417664666,0.14096882962387763,0.5456444536132409,0.16813446875752847,0.30345752290615147,0.18632711439154612,0.2402286666062858,0.19824246761904002,0.18110916742098437,0.14704925396343568,0.4066299370678705,0.17520366372908844,0.3059972263110519,0.19385693952866895,0.20972662604309064,0.19166538593229332,0.18009873915016378,0.16705269366414852,0.3772798607032369,0.1893108193886168,0.23831069530467144,0.18995730842497435,0.21136907429931898,0.191806932921422,0.18347192398275192,0.17310450119800205,0.2965173613109483,0.17729282575656805,0.22379132163723783,0.18280641551991164,0.210939965680774,0.19364775980981747,0.17605080539138407,0.14517122724008316,0.5092071270301103,0.169613050876774,0.3238791423127128,0.18919929451070275,0.24379576921918522,0.20022198960001625,0.18649845627605524,0.15166671564200007,0.3946646989038175,0.18138584508152358,0.3083778603810546,0.2008772240359346,0.21286604787353425,0.19810516097397815,0.18564408210321148,0.16908207609131448,0.36420986395233557,0.18979013859724617,0.24709238972463998,0.1913292467422703,0.21191522314975314,0.19373990530305993,0.18596250933512726,0.17740193200779714,0.3052575457411726,0.181840918882824,0.2367810360183954,0.18767808926754834,0.21298567794022155,0.19667516991883707,0.18007384255893766
2026-05,0.059915934948004804,0.6130206938860163,0.052365919585650976,0.3137738294330432,0.04579183260406022,0.2751915714299138,0.03981725544280826,0.21162627823970914,0.07411073430125734,0.4348378922480297,0.06639058729752001,0.35463157612371804,0.05499112363335451,0.2750146550050223,0.042957618414141835,0.21266937999936064,0.08344937997668478,0.3549590522014746,0.06294009419957175,0.31035263960912796,0.05014449394946535,0.2548024783393742,0.04511241182013156,0.2097541984321654,0.06582336913512474,0.36611529480811533,0.054834087829998955,0.31366962082541916,0.050593973530517804,0.23611969916332867,0.04830602218441996,0.22005977368470386,0.05975261315860996,0.6014913956179387,0.052186492922288275,0.3275133971615148,0.045986798172406744,0.2756180172151959,0.03713430648466538,0.21800934508318712,0.0746343292716524,0.4223304076695994,0.06833904504424071,0.3797724169791258,0.059870655776078106,0.2793902359962823,0.04629803072771481,0.22200799544252314,0.06996963301825837,0.3642509356193242,0.05739346727402419,0.3092067255014247,0.046119323142272586,0.2555589219122849,0.04109835185689805,0.2142462173875639,0.06106833808226126,0.3474629701478835,0.053734592838065726,0.30342993448929445,0.04627977960610098,0.23384080417001596,0.04402532756318716,0.21728450387151887,0.03568642482159372,0.5838996904367869,0.034107827616283254,0.3314413659744245,0.03249704492345774,0.2629585814942059,0.032670946734040404,0.20238080611806886,0.04147816896280418,0.4040066385262545,0.03830713740509999,0.33380733071077096,0.03579717757631394,0.2590504591384617,0.030880969761264657,0.20471798217312562,0.04160453195618615,0.34615768505899125,0.04068263612447719,0.2619666732140572,0.03636415909227886,0.252873448102158,0.03468252878714319,0.2034434126632336,0.045205229544655515,0.3013786279212707,0.03448316703497735,0.2313683100636577,0.032692443038689324,0.21390906539034452,0.032543042892439575,0.1985850273511936,0.035652016580539264,0.5917219618904015,0.03420037600851976,0.32313860229918534,0.033406781017499006,0.25685609133298315,0.03203392176976292,0.20254624832078938,0.04015232876672731,0.38892364272061336,0.03592041809346074,0.3296981278475277,0.0370020855739739,0.25934589206738984,0.03142604025673695,0.2065160722670562,0.040186867261458856,0.3520001344619381,0.03926172393006435,0.2602979787410646,0.03564636608884042,0.24989561058920112,0.03361636581304782,0.20427405748698774,0.04276695494724701,0.2814214105312543,0.03476351064494874,0.23895447232800823,0.03260396040149518,0.22018345020451185,0.03142538712778141,0.20152887219772173
2026-06,0.02510295802033498,0.6238216350880879,-0.0011871951310059407,0.29580195044414276,0.009308248437936976,0.22913345767955023,0.02105633954698495,0.17203014770472852,-0.0010260314572658068,0.39673143853507586,-0.0029559827222607558,0.27855988869204373,0.014073148526587103,0.20995651163474965,0.02345744034595142,0.17327549900113878,-0.006411207603272105,0.3434738832102136,-0.01210595803260413,0.2613670875374293,0.0067317862408860715,0.21220589242030613,0.01958192498938675,0.1748726266990716,-0.00127836405866166,0.3000012881997746,-0.007885396689919727,0.2557030153369728,0.005343490568410631,0.20151304165380024,0.01314151616311103,0.17581003594131417,0.02618143839238,0.596080705490349,-6.63203517637745e-05,0.2983482283539163,0.010559517497330313,0.23508312662970748,0.02132412586703513,0.18091173302947441,0.004541179355908458,0.38589638363338374,0.0014419389195177877,0.28294951702239735,0.0160901733304931,0.21781572490037324,0.02573656088282759,0.1832331866916777,-0.008120354805037432,0.38858585507453675,-0.006343271465527335,0.2699682489366154,0.010199286504446382,0.21644578616592153,0.023253400816525625,0.18082028925495308,0.0019412159248688521,0.30998172394033635,-0.008138206300760545,0.2632184579490215,0.007931159964543017,0.2005710633233031,0.01632235146725728,0.17788904752741677,0.037672844819848735,0.589929351418625,0.0249917810713748,0.3047674042539648,0.023784443317985477,0.23130210397840006,0.026168065400617464,0.18157310000916504,0.024563716033042193,0.39646027177915755,0.01668528429212983,0.25710940762212997,0.022396965954871284,0.21572250184934763,0.02443530563158755,0.17363594168849306,0.014402709188112227,0.3297872750288342,0.01842636865439997,0.2408808890179427,0.02225289628302932,0.19780981988711616,0.02364774224792943,0.1639480010309221,0.015107976446707892,0.28570509383855563,0.017973611039050045,0.20200856204755666,0.019208896530191692,0.1739455747104844,0.020577350211309766,0.1701058472025572,0.03464307856902582,0.5880616218909133,0.022021201898002375,0.31306870732123415,0.02206766710061204,0.23270170786267996,0.02665268049354053,0.18873709430961452,0.02137472554518474,0.4059853642883226,0.01443665616304852,0.27970034097931895,0.02175935968906228,0.22169205351555435,0.024624700002302154,0.17905649679346222,0.013228514658353709,0.31702427988704607,0.018164512565222602,0.24717007705133517,0.022209861748703194,0.2020252937388031,0.023769197409152294,0.17069927111585217,0.018205787062439218,0.28583369698485245,0.01883583752603844,0.20772756157927638,0.020999772909339985,0.1802738767242857,0.022682556088609914,0.17546026087881145
2026-07,-0.01679028581891873,0.6060937443427875,-0.0042529273220787474,0.3132889285179679,0.00449788711025709,0.24452222966419965,0.00850729792580851,0.20978093212911703,-0.029634736241759777,0.5083588670718802,-0.014919839648184875,0.3177071739882485,-0.002342782985621631,0.25688458718933915,0.0035368436338981154,0.21593510749044265,-0.02173732182277399,0.40345308688259207,-0.00810372684353007,0.301361778343733,-0.0009546477439382075,0.2619945877532095,0.007686574131278506,0.2223272690374712,-0.020371566611852118,0.37441734226556855,-0.006697770873864662,0.25529459522961956,0.002850397994578399,0.23883488412819887,0.00867857165215306,0.21967493180250902,-0.01844856330889428,0.5958177408420053,-0.005346305236560036,0.3189205913657468,0.003087787591825121,0.2540506864932037,0.006992334699777238,0.20998343444323755,-0.03432340814717044,0.5112230631798416,-0.014747401734659518,0.3235394107808952,-0.0038242144403357195,0.2502202777951269,0.001627393838797517,0.21095117475688996,-0.024037855593643867,0.401139625748305,-0.007745611688614788,0.3008686258474209,-0.0018439143331967626,0.26336950788096575,0.007366851238402314,0.2256513011297438,-0.02278909796764098,0.3363380005880379,-0.004103530571804773,0.26576823702290436,0.004067970344721063,0.23320054828381748,0.009154208072128111,0.21512974100770754,-0.0056988647916229335,0.6003080284305512,0.0018417773464074376,0.3251490838294824,0.004709124419958653,0.23385299918577332,0.007193976903274879,0.20066982475867629,0.00015593954118250063,0.46524321906163496,0.00700653180562349,0.2853251465314546,0.007773709925677934,0.2427354590533133,0.010481855210465222,0.1932183543187322,0.0034072035156689916,0.41042751105963393,0.008932130157648195,0.28428151186698314,0.010096180591204464,0.21708858263755867,0.012412975718607116,0.19080111332661442,0.0098434508690947,0.3230109855652832,0.012373655440856304,0.24156684000260792,0.013381809929078238,0.19717094797074458,0.015043194607963726,0.19629055803172712,-0.003112858116924794,0.5997133768516425,0.0038361290382072488,0.3235835904950936,0.005849859822908813,0.24623863064863008,0.0082307401457189,0.20272222581198518,0.0024527255633428014,0.4754023742458793,0.008486581643950795,0.29238578323007886,0.00806497893772005,0.24390077418500267,0.010290167061868381,0.194684261554954,0.003846128958091534,0.41917065421245425,0.009191681793910502,0.2753971802273122,0.009687217603253931,0.22285021478917194,0.01217007877515244,0.19066573634631223,0.010714786244799192,0.3188727929951415,0.012088586966588101,0.24203679924289728,0.01291840463196114,0.2012324993230595,0.01540435387876238,0.19941206036561937
2026-08,0.06578448229196539,0.5449226284625523,0.06908610890163967,0.355648787906983,0.06318985419145787,0.25108888676100616,0.061915146171392065,0.19397064790047439,0.08707451906034464,0.4826213190350551,0.08584180167266715,0.3526714539263026,0.0802337033189167,0.2555671041560027,0.07313942067572642,0.22143420755813634,0.09301034993393408,0.3914832817326498,0.09053108750060353,0.3230097669207756,0.08151330791869635,0.2638678475555679,0.07098165351062799,0.22768406702775668,0.0859666219614676,0.37331606042634574,0.08704588193335813,0.2875500137432145,0.07924410051117463,0.2505850821323618,0.07105795566186929,0.21373067151961173,0.06689529215101724,0.5388117810486306,0.06879458974199466,0.3682275779006884,0.062272492481047506,0.25380488962361225,0.060804501760849006,0.20065420716916418,0.08511051673168976,0.5018098969318464,0.08302063304086837,0.36568480653184354,0.07785179384687602,0.2630921974260696,0.07105554375017027,0.22030012596114384,0.08077350088259654,0.41316351116002026,0.08093409314994361,0.3166552481022787,0.07418203051825045,0.2659402936508072,0.0644595974173432,0.23359557737208822,0.08928017783934439,0.36690860226469074,0.08623847327139259,0.3086722726785339,0.07890880123937204,0.2626549666927747,0.06898965529198724,0.21383085649400718,0.0618265401178455,0.5758295391744263,0.060943662660831954,0.33973877386037965,0.05667363727645664,0.23693546664610848,0.05104288211475736,0.19598909239899887,0.07354326489948952,0.4603585420496965,0.06835102194004933,0.32166919067141064,0.0625916656591291,0.22413026233562505,0.05587902546916189,0.19996580785491005,0.07569280372445349,0.4025810384960796,0.06548210941039387,0.26433522641601825,0.05970900620643179,0.21634055445507422,0.05237386634459958,0.1891212290785807,0.06757464284287773,0.3153656487929861,0.06192996751511626,0.22430233605881172,0.05465456788088217,0.19099470741888724,0.049881573087021805,0.18221848456146628,0.054873545581306256,0.5738804164465058,0.05762476902935955,0.3444487681855167,0.05135777865650248,0.24508347481082232,0.04634345611637569,0.19797533151752994,0.06881254273781741,0.48389993358627126,0.06599713390256379,0.31835393286912306,0.059902618343240364,0.22300863130402404,0.05337029463728403,0.19872024944456151,0.07060706753296767,0.40392329156420104,0.06266942281848223,0.27051443515604084,0.057544430567334486,0.22245125598546425,0.051174133710005607,0.19397874022408912,0.06934548565070804,0.31851930554775604,0.06107213021314454,0.23622331492094426,0.054829409004557114,0.19345382024057814,0.05049713409193184,0.18860377539659312
2026-09,0.022568359162952623,0.5602420479567856,0.008649319343134489,0.3419354350528704,-0.004167127587417447,0.21749895180903295,-0.010595682580966083,0.18222945483392883,0.022527001519346803,0.49782056876529307,0.007581411604883772,0.3225730712731781,-0.005994060188010201,0.22044040289667235,-0.006250658794545892,0.17528510742592662,0.015073870049689226,0.43239610053280614,0.0018483411321779093,0.2825446255155967,-0.005756928596542898,0.19894894901731786,-0.011278389583678834,0.16586057438548524,0.008891779583449298,0.3461542729433858,0.0024306871161757825,0.21848551492271798,-0.008239863319437461,0.2001057271568058,-0.013174478629008772,0.17321669709247767,0.020209880124974686,0.5902574024287766,0.007579460121420975,0.3599683840019162,-0.004794200106546386,0.2405463488576558,-0.010898519166388586,0.2023885426170811,0.02295225150933163,0.5601507036883708,0.007875966256593803,0.3310245679136846,-0.006569559050249904,0.22199268585637055,-0.005803827080227768,0.17982685140264826,0.008432566626237458,0.4263113807468579,-0.0012240037818799575,0.2811335357999588,-0.008300196585709373,0.2079084967785617,-0.012161575793211823,0.1764368131310821,0.004971777452080375,0.3572082919546734,0.0011980069504443059,0.221896230303955,-0.009138664426855386,0.2014777310729924,-0.014318003367707577,0.17202330981328318,0.02871520463487672,0.5562545755225112,0.020214624707223565,0.32653866604049087,0.009407714514860692,0.2333132330876685,0.0022724186752358408,0.19164296591553814,0.033175968306627876,0.43495351227856777,0.01672828509245619,0.30562159196673655,0.0032920599593248057,0.2239982848787881,0.0007975845939453407,0.1853539308340308,0.022676209537186433,0.37399563426356713,0.007966560465005594,0.262694989080354,0.00042692611984091,0.20340830219514983,-0.0043671674463583695,0.17985081717423967,0.010074203781174455,0.34525818212532716,0.0053482127636736015,0.23743325213301375,-0.004887824062835435,0.19252312409488553,-0.008608136033869876,0.1690546379886254,0.02667686579839367,0.5604937706240636,0.02028014395539013,0.3386526977102977,0.008762348062217006,0.237158505361338,0.0014502715471432822,0.19693543240222966,0.03141774629248351,0.46177346505142175,0.014021310457803568,0.3103536590355892,0.0015629086125523,0.2267724040354121,-0.0005162877587802438,0.19109377658757976,0.023128766389693082,0.38878971727686484,0.0072960576240498065,0.2661201093885348,0.0008294689496638203,0.20565457104796853,-0.0034552226068347578,0.1874463789449079,0.006723819049331127,0.3238806354789333,0.0022438640496588577,0.22642882180374274,-0.007125424150441878,0.18780369337867042,-0.009185678837500393,0.17016872370421635
